engine_id,cylinder,n_cylinders,mV_0,mV_1,mV_2,mV_3,mV_4,mV_5,mV_6,mV_7,mV_8,mV_9,mV_10,mV_11,mV_12,mV_13,mV_14,mV_15,mV_16,mV_17,mV_18,mV_19,mV_20
train_0000,1,8,36.54,30.853,30.151,38.282,46.675,52.82,57.832,61.61,63.124,63.287,57.697,49.396,41.547,36.033,,30.71,32.083,,39.5,39.596,39.303
train_0000,2,8,33.039,26.858,27.675,36.18,45.002,51.62,56.358,59.329,60.461,60.544,55.188,47.59,40.113,34.609,31.315,29.513,30.66,,37.939,,37.765
train_0000,3,8,38.912,31.902,32.575,41.89,51.811,59.472,65.191,68.415,68.904,68.583,63.237,55.083,46.332,39.431,34.972,32.312,32.739,36.085,40.671,42.016,40.649
train_0000,4,8,33.946,32.945,32.47,33.952,31.874,14.059,19.812,35.404,37.06,36.556,35.714,34.937,33.539,,,34.127,36.913,,42.653,45.451,47.646
train_0000,5,8,40.085,32.322,32.096,42.059,52.462,59.783,65.293,69.231,70.106,69.582,65.312,57.427,48.44,41.278,36.94,34.451,33.854,36.103,40.131,43.791,43
train_0000,6,8,27.441,28.087,30.246,31.911,32.345,32.642,34.446,35.967,36.305,34.96,31.743,26.653,22.25,19.603,21.096,31.594,46.362,46.274,33.088,24.976,22.702
train_0000,7,8,30.814,25.424,29.91,38.593,46.839,53.866,59.331,61.731,61.65,61.252,56.291,49.169,41.368,34.506,29.729,27.607,29.2,32.927,37.534,38.835,37.757
train_0000,8,8,34.441,28.227,32.125,39.942,44.98,49.46,45.74,44.274,44.116,39.339,36.419,29.427,22.699,15.278,11.466,14.358,20.142,23.817,28.575,28.278,22.153
train_0001,1,8,42.532,38.056,27.478,32.478,,48.817,55.722,59.518,61.562,62.004,59.401,58.463,55.695,50.622,45.509,37.664,31.452,20.678,12.401,21.007,21.454
train_0001,2,8,40.168,36.697,26.531,31.399,40.246,48.648,55.261,58.711,60.688,61.205,59.02,58.407,55.857,50.871,,39.481,32.975,22.488,10.544,20.504,20.025
train_0001,3,8,41.478,35.608,25.611,33.981,42.663,51.336,,60.95,62.849,62.996,60.094,59.083,56.244,50.49,45.832,38.745,32.715,23.91,10.069,18.344,20.087
train_0001,4,8,39.64,36.654,26.401,28.114,,45.412,52.449,56.397,58.874,59.797,57.335,56.057,53.139,47.849,43.472,36.544,30.57,19.847,9.394,18.837,18.925
train_0001,5,8,42.01,,27.187,35.993,44.725,52.882,58.919,61.931,63.535,64.004,61.862,61.066,58.29,53.406,49.567,42.459,36.182,27.089,13.615,23.079,24.625
train_0001,6,8,40.747,34.821,25.46,34.524,,50.757,56.699,60.215,62.651,63.019,59.79,58.26,,49.866,46.209,39.694,33.556,23.52,9.548,19.259,19.121
train_0001,7,8,39.07,32.136,23.922,32.82,41.22,49.997,56.194,59.077,60.684,60.922,59.007,58.023,54.02,48.389,43.005,35.402,28.605,16.645,7.481,16.699,
train_0001,8,8,43.589,36.573,29.153,38.858,47.559,56.212,62.054,64.747,66.281,66.493,64.669,64.002,60.416,54.875,48.953,40.68,33.637,21.979,14.316,24.17,24.581
train_0002,1,8,45.283,40.168,29.943,,45.143,53.352,59.481,62.82,65.46,66.795,64.608,63.689,61.142,55.974,50.91,43.207,37.465,27.8,,24.808,24.789
train_0002,2,8,49.207,47.505,38.3,34.749,45.528,55.107,63.713,69.109,72.237,73.98,72.885,71.43,68.566,62.484,57.037,48.682,41.044,,15.733,25.968,27.159
train_0002,3,8,46.986,41.495,32.099,41.016,49.124,57.349,63.564,66.744,69.099,70.607,68.968,68.105,64.225,58.268,53.725,46.015,39.104,28.3,15.229,26.456,26.896
train_0002,4,8,41.409,35.31,22.644,12.741,23.773,37.758,45.932,46.541,45.299,43.221,41.148,,35.743,30.622,31.783,30.932,27.51,23.737,13.299,16.994,11.305
train_0002,5,8,43.246,38.225,9.766,14.998,25.93,30.54,37.895,40.275,38.616,37.815,35.938,32.108,29.245,25.027,22.425,18.237,15.164,7.86,1.222,1,1
train_0002,6,8,45.773,42.734,32.185,36.187,45.851,55.08,62.377,65.901,68.067,69.291,67.228,65.98,62.37,56.709,52.363,44.456,37.235,25.304,13.708,24.598,24.668
train_0002,7,8,47.987,,31.734,40.615,49.413,58.58,65.944,69.901,71.811,71.767,68.997,68.291,64.87,,,46.018,39.257,28.046,15.775,27.908,28.586
train_0002,8,8,45.87,41.53,30.97,36.128,45.417,54.151,61.217,65.437,68.134,69.308,67.426,65.574,62.943,58.384,54.721,48.456,41.402,32.429,17.244,20.193,26.979
train_0003,1,8,36.322,30.31,27.351,42.365,47.544,51.126,54.371,56.936,58.929,59.262,58.051,55.603,51.482,46.266,38.814,29.622,29.391,32.289,36.041,35.61,34.604
train_0003,2,8,26.709,15.598,4.236,37.712,46.418,48.749,49.773,44.057,41.614,28.389,47.427,58.304,60.091,,51.133,43.287,41.814,43.233,45.876,41.692,38.984
train_0003,3,8,30.639,28.408,20.207,31.609,37.998,41.032,43.78,46.441,48.839,49.788,49.565,48.316,44.721,40.22,33.656,24.51,23.356,25.512,28.991,29.446,29.96
train_0003,4,8,31.834,24.028,23.874,36.701,41.475,45.248,48.314,50.362,51.683,51.35,50.29,48.108,44.171,38.66,30.677,22.557,24.089,27.671,31.49,31.67,31.106
train_0003,5,8,33.653,28.669,21.607,34.684,40.712,44.62,47.047,49.078,51.904,53.361,52.354,50.067,46.509,,35.001,25.598,23.925,27.313,32.125,32.775,32.224
train_0003,6,8,32.332,28.113,20.225,35.015,42.226,46.48,49.572,52.044,54.477,55.104,53.738,51.475,47.984,42.946,34.614,24.354,24.259,,31.565,31.968,31.647
train_0003,7,8,32.334,29.318,20.523,33.987,42.36,46.192,48.917,51.146,53.31,54.266,53.667,51.976,47.874,42.065,34.139,24.943,25.474,28.971,33.308,33.67,33.249
train_0003,8,8,34.15,28.041,25.272,40.531,45.664,49.04,52.037,54.359,56.018,,55.893,,50.24,,37.113,27.437,26.549,29.837,34.854,35.842,35.835
train_0004,1,8,40.684,30.778,34.111,41.977,49.84,57.033,62.023,64.678,,64.087,,,56.295,51.949,47.749,41.392,,25.12,14.841,24.008,24.582
train_0004,2,8,37.882,30.563,31.102,39.509,47.069,54.199,58.904,61.158,61.93,61.117,59.971,58.675,54.528,49.526,43.582,36.623,29.165,16.906,13.944,22.609,23.275
train_0004,3,8,37.985,27.469,34.01,42.511,50.937,57.886,61.766,63.891,64.736,63.263,61.286,59.199,55.002,50.827,46.33,39.547,32.552,20.867,11.255,20.739,20.298
train_0004,4,8,40.559,31.033,37.157,45.463,53.859,60.535,63.864,65.547,66.48,65.435,64.629,62.254,56.783,,45.209,38.482,31.019,18.074,16.67,24.677,24.955
train_0004,5,8,41.169,31.196,,44.569,53.193,59.969,64.179,67.533,68.969,66.774,64.789,62.91,58.36,53.443,47.071,40.14,32.843,19.479,15.062,23.363,24.016
train_0004,6,8,39.668,29.457,32.763,40.906,48.478,54.985,59.188,61.75,63.049,62.649,60.694,60.024,57.484,52.831,47.934,39.925,33.888,25.994,13.193,18.92,
train_0004,7,8,41.517,29.505,39.925,28.399,40.677,53.691,59.151,59.01,57.337,52.342,44.284,36.033,29.146,24.084,29.108,29.517,30.669,28.825,35.791,35.451,29.352
train_0004,8,8,35.765,28.418,30.396,38.581,,53.264,56.928,58.361,59.468,59.385,58.38,56.563,51.771,46.594,41.427,35.753,29.805,18.751,14.811,21.88,20.792
train_0005,1,8,38.372,32.425,23.601,27.057,36.146,46.136,51.708,53.383,53.93,52.457,51.067,50.058,46.03,,,33.405,25.59,12.343,17.529,,15.678
train_0005,2,8,41.74,36.505,26.593,35.534,44.629,53.717,60.298,64.034,66.822,67.492,65.538,63.42,58.311,53.268,46.844,40.123,31.554,15.388,,,25.579
train_0005,3,8,38.411,34.286,26.448,35.534,43.887,51.594,56.88,59.604,61.494,61.897,60.56,58.924,54.331,49.588,43.322,36.77,27.766,12.918,20.611,23.23,23.383
train_0005,4,8,37.13,32.23,22.955,33.134,46.447,53.816,59.306,61.159,57.885,,56.135,61.493,61.022,57.418,52.044,46.469,39.418,24.416,27.258,29.68,27.696
train_0005,5,8,38.897,34.503,25.12,33.018,41.326,49.612,56.006,59.797,62.107,62.215,59.569,57.855,53.981,49.423,44.377,37.763,30.39,16.631,16.466,23.797,24.046
train_0005,6,8,36.824,33.843,24.686,29.207,36.748,,51.078,54.781,57.363,58.413,56.405,54.813,51.021,46.256,40.239,33.626,26.096,11.876,16.04,20.647,21.996
train_0005,7,8,41.287,33.701,30.454,39.409,47.386,54.355,58.746,61.915,64.565,,62.766,60.369,55.665,51.545,45.737,38.986,30.521,16.07,19.215,24.414,24.473
train_0005,8,8,41.611,36.705,27.247,35.591,44.67,53.574,59.933,62.936,64.837,65.67,63.528,62.113,58.347,53.309,48.324,40.7,33.151,20.249,15.034,24.486,25.38
train_0006,1,12,36.6,29.745,26.172,33.124,41.581,48.556,54.902,59.791,61.115,60.427,56.391,,42.204,36.333,31.734,29.071,29.298,32,35.502,,34.96
train_0006,2,12,32.297,27.194,21.169,24.959,34.232,42.454,48.263,52.208,53.875,54.45,52.704,45.892,38.065,31.374,26.313,22.631,21.738,25.008,30.117,32.77,31.913
train_0006,3,12,35.748,28.074,24.217,32.081,42.341,50.203,55.77,59.725,60.856,60.765,58.07,51.406,43.607,37.103,,29.227,28.668,30.996,34.575,36.911,35.694
train_0006,4,12,,28.337,22.264,26.083,36.249,45.256,51.651,55.849,,57.437,55.642,49.3,41.821,34.436,28.578,25.479,,29.22,33.636,35.487,33.881
train_0006,5,12,35.047,29.211,,29.623,39.297,47.576,53.821,58.522,60.577,,59.951,53.51,45.002,36.879,31.192,28.188,27.638,30.249,33.977,37.027,36.319
train_0006,6,12,34.01,28.759,24.515,29.501,37.281,44.311,50.276,54.764,56.186,56.387,54.009,47.293,39.177,32.77,28.529,25.849,26.132,29.118,33.095,35.197,35.762
train_0006,7,12,34.277,27.451,24.347,32.131,41.92,49.556,,59.282,60.745,61.125,58.863,51.685,43.204,36.378,31.946,29.387,28.751,31.133,34.875,37.938,
train_0006,8,12,34.592,26.744,22.305,29.411,38.951,46.688,52.817,57.449,59.291,59.725,57.333,49.767,41.686,35.706,31.367,27.531,24.962,26.69,31.142,35.342,34.131
train_0006,9,12,37.548,30.828,25.69,33.126,43.747,52.03,57.541,60.839,62.033,62.838,59.785,52.389,43.881,36.494,31.285,,29.036,32.786,37.935,39.713,39.332
train_0006,10,12,36.389,30.256,25.557,31.48,40.877,48.97,55.172,59.804,61.812,61.882,59.375,52.461,44.777,38.148,33.241,,28.797,31.107,35.265,38.468,37.316
train_0006,11,12,35.651,29.517,25.241,31.832,40.961,48.534,54.385,58.548,59.991,60.512,57.237,49.618,41.138,34.589,30.319,28.043,28.718,31.835,36.532,38.468,38.013
train_0006,12,12,38.27,31.443,26.859,32.851,41.711,49.492,55.706,60.43,62.568,62.843,61.109,54.923,47.71,40.944,35.38,31.125,28.833,30.445,33.91,38.001,37.682
train_0007,1,8,,23.528,13.622,19.215,42.174,50.878,56.529,57.614,48.648,32.078,45.789,50.988,49.166,45.245,43.814,46.38,51.374,53.525,49.901,47.287,47.372
train_0007,2,8,36.076,28.487,22.665,29.678,40.543,49.126,55.887,61.055,62.871,62.613,55.427,45.516,36.782,31.375,28.682,28.475,31.913,37.206,39.096,37.961,37.975
train_0007,3,8,36.322,30.545,25.716,28.82,38.73,47.025,48.57,52.301,51.519,48.884,43.729,35.508,28.761,22.233,18.818,22.289,28.266,32.217,33.408,32.532,32.07
train_0007,4,8,37.618,31.405,23.199,25.821,37.276,47.837,55.58,60.874,62.574,62.514,56.643,47.298,38.162,32.223,28.667,27.085,29.801,35.919,38.522,37.356,36.934
train_0007,5,8,39.395,34.181,26.608,30.327,40.77,50.359,57.969,62.454,63.396,63.012,55.578,45.854,37.758,32.501,29.364,30.372,34.916,40.493,40.008,40.393,40.602
train_0007,6,8,37.272,31.923,25.639,31.443,43.266,53.28,60.248,64.155,,,57.281,,37.985,32.978,30.73,32.322,36.503,41.451,40.452,40.506,40.623
train_0007,7,8,37.037,35.975,28.012,26.048,36.295,47.021,55.298,61.567,64.215,64.973,60.716,51.728,42.646,35.991,31.41,29.428,,38.216,40.374,39.611,39.43
train_0007,8,8,35.796,32.252,24.137,24.167,34.365,43.877,50.992,56.338,58.025,58.247,52.891,44.534,36.504,30.304,26.396,26.295,30.015,35.295,35.813,35.472,35.033
train_0008,1,8,44.197,37.919,39.244,25.186,36.108,46.804,51.577,51.738,49.902,44.459,35.385,25.466,18.44,16.959,24.294,30.093,32.886,43.311,35.179,38.145,36.349
train_0008,2,8,36.223,34.581,27.18,37.893,42.77,46.286,49.195,52.855,55.476,56.138,55.163,52.409,48.78,44.736,40.777,36.523,31.088,26.375,13.662,17.267,23.711
train_0008,3,8,42.706,38.955,34.711,44.724,49.093,53.145,57.387,61.859,63.864,,61.619,57.968,53.364,49.374,45.625,40.253,33.428,28.967,15.87,28.523,29.943
train_0008,4,8,33.476,37.816,38.904,46.739,49.181,52.385,55.22,56.908,48.574,,52.502,63.581,66.662,64.362,62.732,60.906,55.106,48.738,30.506,39.609,41.872
train_0008,5,8,44.571,38.298,35.617,46.015,51.63,56.544,61.073,65.066,66.053,,63.796,60.893,56.472,52.296,48.694,43.718,36.297,30.517,13.376,28.142,
train_0008,6,8,37.203,35.305,26.291,36.897,41.529,45.434,,53.755,55.844,55.909,55.259,53.346,50.014,45.208,40.857,36.506,30.603,25.771,14.468,16.767,24.495
train_0008,7,8,41.349,32.28,34.199,43.526,48.352,52.499,56.624,60.144,60.996,61.387,60.33,57.34,52.8,48.536,,41.093,34.453,,12.567,25.178,30.169
train_0008,8,8,39.589,33.238,32.23,41.503,46.531,50.837,54.441,57.575,58.614,58.431,56.971,54.57,51.668,48.248,45.046,41.17,35.202,30.13,19.414,22.094,29.594
train_0009,1,12,37.122,35.279,28.447,25.316,29.401,,35.426,38.921,38.406,36.777,35.516,,26.489,23.647,21.553,18.772,13.796,9.841,1,4.658,6.342
train_0009,2,12,34.984,32.651,,36.616,41.782,46.408,49.503,52.5,54.93,56.592,55.88,53.002,48.761,44.209,40.152,35.385,28.832,24.645,8.331,21.005,24.643
train_0009,3,12,39.969,39.366,25.945,36.716,43.517,49.704,54.627,58.756,60.896,61.098,59.565,56.406,52.29,47.967,44.011,38.605,30.759,25.348,9.828,23.848,27.076
train_0009,4,12,40.674,40.649,28.463,39.819,,50.883,54.545,58.05,60.557,61.351,61.239,58.636,54.718,50.373,46.795,42.078,34.7,28.499,16.479,19.507,27.11
train_0009,5,12,39.041,,20.803,20.957,27.231,35.247,39.343,41.662,41.871,39.928,39.602,35.731,30.98,26.892,27.45,25.631,19.958,16.336,4.341,14.034,14.322
train_0009,6,12,36.052,35.194,23.957,34.062,39.287,43.899,47.838,51.747,53.82,54.132,53.193,50.529,46.344,41.662,37.915,33.865,27.843,23.413,7.368,18.902,22.788
train_0009,7,12,38.487,39.293,27.627,36.933,42.153,46.289,,53.43,56.224,,,53.49,50.141,45.989,42.073,38.388,33.004,28.007,12.069,20.619,25.688
train_0009,8,12,43.192,32.218,15.07,34.01,43.876,47.168,49.97,53.508,51.102,43.88,53.575,57.249,56.268,53.536,51.074,47.195,40.567,35.358,18.888,28.955,30.972
train_0009,9,12,36.269,35.693,25.485,36.467,42.201,46.769,50.608,54.531,56.136,55.896,54.871,52.448,48.601,44.672,41.773,,32.078,26.802,10.063,22.001,27.012
train_0009,10,12,36.393,35.258,25.12,36.469,41.985,46.026,48.881,51.796,53.483,54.761,54.253,51.391,46.854,42.892,39.588,34.5,27.63,22.598,12.712,22.964,23.543
train_0009,11,12,36.081,34.869,26.494,37.912,43.151,,50.287,53.655,55.683,56.078,54.797,51.98,48.523,44.523,40.531,35.903,29.144,24.403,9.218,20.351,25.008
train_0009,12,12,38.027,35.081,26.025,37.394,43.119,47.97,52.034,56.106,57.859,57.806,56.12,53.374,49.694,45.895,42.177,36.683,,22.973,5.899,19.909,23.664
train_0010,1,16,34.046,32.799,25.278,36.492,41.457,45.162,48.409,52.168,54.874,55.677,55.683,54.133,51.856,48.137,44.361,40.337,34.444,27.748,22.964,,22.602
train_0010,2,16,40.668,29.959,35.19,42.678,47.764,52.476,56.36,59.753,61.557,62.696,62.99,,58.408,53.989,49.945,46.159,41.385,35.694,31.343,13.874,26.67
train_0010,3,16,37.69,31.12,29.532,39.231,44.613,48.983,52.495,56.141,58.133,58.648,58.657,57.058,54.238,50.148,46.657,43.111,,31.472,26.638,9.596,22.748
train_0010,4,16,36.951,32.133,29.663,40.093,45.461,49.689,52.729,56.724,60.016,61.141,60.508,57.858,54.789,,47.852,44.168,38.829,31.92,26.681,10.375,23.24
train_0010,5,16,38.747,35.488,28.141,39.887,45.291,49.943,54.444,58.714,60.345,60.342,60.053,57.93,54.855,51.237,47.915,43.693,37.137,31.092,22.658,19.485,27.394
train_0010,6,16,38.549,37.217,,38.513,43.742,48.42,52.39,56.388,60.071,,62.048,59.306,55.842,51.219,46.927,43.661,39.492,,,9.699,23.827
train_0010,7,16,34.659,26.607,,16.651,17.905,,22.74,24.485,20.977,18.474,18.227,13.241,10.446,8.573,8.858,9.995,7.975,3.508,1,1,
train_0010,8,16,33.776,25.655,27.416,36.463,,46.864,50.872,54.664,56.612,57.226,57.026,55.393,51.47,46.576,43.393,40.149,34.344,27.974,21.248,12.81,23.693
train_0010,9,16,39.599,37.406,27.65,39.037,44.907,49.719,53.495,,59.502,60.202,60.679,59.391,56.9,52.634,48.364,44.709,40.193,33.987,30.291,12.854,24.378
train_0010,10,16,37.519,28.116,33.442,41.549,46.701,51.044,55.021,59.459,,62.652,62.095,59.556,55.746,51.398,48.228,45.012,39.923,33.5,29.071,12.683,26.663
train_0010,11,16,35.882,25.854,31.113,39.603,42.754,45.662,44.1,47.181,46.836,44.687,46.93,46.147,44.518,40.974,38.33,38.059,34.201,27.63,22.668,7.536,18.845
train_0010,12,16,35.472,33.309,27.289,38.054,42.934,,50.562,54.495,57.312,58.464,58.71,56.551,53.324,49.362,46.177,42.958,38.128,31.946,27.952,12.051,26.025
train_0010,13,16,38.253,35.604,27.653,37.638,,,50.598,54.201,57.413,59.118,59.587,57.415,54.337,50.542,47.235,44.154,39.685,32.897,27.945,10.86,22.136
train_0010,14,16,34.711,25.934,30.507,38.833,43.545,47.37,51.248,,57.722,57.985,57.111,55.284,52.499,48.614,45.128,41.55,36.067,30.2,23.634,13.942,23.282
train_0010,15,16,39.104,30.61,33.563,41.603,46.728,51.568,56.017,60.194,62.264,62.779,62.365,60.593,57.742,53.484,49.481,45.533,39.97,33.3,28.799,13.821,28.133
train_0010,16,16,37.916,31.196,29.523,38.93,43.721,47.798,51.132,54.613,57.143,58.134,58.31,56.759,54.34,50.363,46.385,42.787,38.203,31.843,27.677,10.704,
train_0011,1,12,,30.394,25.368,34.284,41.763,48.869,54.501,57.835,60.263,61.82,,59.408,57.022,52.567,47.648,43.738,37.493,31.93,23.965,,17.541
train_0011,2,12,,28.619,23.767,31.858,39.075,46.311,51.633,53.765,,55.538,54.534,52.8,50.841,47.711,44.459,41.107,34.769,28.874,20.886,10.109,17.406
train_0011,3,12,38.01,32.913,27.246,34.771,41.586,48.624,53.82,56.38,58.095,58.778,56.725,55.826,54.047,50.122,46.028,39.714,33.372,,,13.063,20.404
train_0011,4,12,33.054,28.027,22.744,31.207,38.911,45.758,49.827,51.412,53.086,54.732,53.859,53.08,49.727,44.645,,36.109,30.746,23.392,11.166,12.493,19.511
train_0011,5,12,32.066,,22.571,30.369,37.252,44.085,49.633,52.847,54.201,53.809,51.617,51.054,49.797,46.073,41.67,36.666,31.057,,17.046,8.507,16.744
train_0011,6,12,38.453,32.127,22.669,33.069,39.374,45.252,46.067,48.548,48.046,47.574,47.478,46.648,45.782,41.35,36.632,35.496,,26.522,17.072,6.198,14.559
train_0011,7,12,36.455,29.441,,34.475,41.087,47.37,52.157,54.644,56.466,57.839,56.786,55.061,52.48,48.238,44.32,41.147,35.937,,21.023,10.842,19.895
train_0011,8,12,33.892,,26.194,33.872,40.599,47.028,,54.849,56.821,57.531,55.472,,52.294,,,40.067,33.941,27.849,18.856,9.292,18.292
train_0011,9,12,38.543,33.588,27.561,36.049,43.506,50.943,56.319,59.04,61.199,62.461,,58.923,55.952,,,41.722,35.504,29.402,19.06,16.511,23.423
train_0011,10,12,31.57,26.734,22.201,30.284,37.306,44.17,49.089,51.632,53.119,53.47,51.586,50.929,48.632,44.626,41.604,36.369,31.065,23.924,11.863,12.464,17.791
train_0011,11,12,46.007,48.385,19.446,,44.749,51.31,55.521,55.868,48.259,34.132,53.093,64.783,68.616,65.675,62.963,60.075,55.306,50.431,38.988,26.668,33.228
train_0011,12,12,38.353,30.021,31.233,40.044,48.249,55.387,59.958,62.12,63.161,63.402,61.242,60.331,58.058,53.663,49.846,45.316,39.527,33.523,23.946,14.67,24.126
train_0012,1,8,35.138,28.448,23.455,30.724,40.944,48.679,,57.631,,58.211,52.89,45.181,37.854,32.354,28.643,28.187,31.958,37.507,39.652,38.47,38.468
train_0012,2,8,34.205,25.81,14.963,11.18,15.493,17.542,23.762,25.507,20.872,18.045,14.641,4.312,1,1.069,1.114,1.129,1.627,5.673,10.092,5.82,2.072
train_0012,3,8,35.16,31.062,26.365,30.238,38.791,47.013,53.806,58.384,59.562,59.58,54.924,47.206,39.914,34.579,30.84,28.927,30.896,35.277,39.638,39.546,39.712
train_0012,4,8,33.787,26.776,23.8,32.384,43.043,50.953,55.885,,59.175,,53.097,45.766,39.039,33.585,29.701,28.57,31.476,36.067,39.799,38.9,38.217
train_0012,5,8,33.402,27.559,21.817,,35.824,43.57,49.205,53.369,54.942,55.849,52.699,45.415,36.996,30.694,27.257,26.203,28.716,32.598,36.233,35.43,
train_0012,6,8,37.445,29.657,23.905,29.718,39.836,48.361,54.299,57.828,58.895,59.988,57.089,49.713,41.092,33.966,29.156,27.286,29.843,34.077,,38.046,37.71
train_0012,7,8,24.505,22.375,20.507,23.209,27.856,32.881,38.111,60.717,60.938,61.087,59.842,56.212,,26.324,24.883,26.485,27.678,29.35,30.196,,29.07
train_0012,8,8,37.556,29.474,24.177,30.836,40.693,48.611,,60.325,62.372,62.274,57.161,48.682,40.299,,29.823,27.632,29.404,33.659,38.44,37.995,37.879
train_0013,1,12,40.725,41.562,34.078,36.569,46.177,51.747,56.485,61.287,64.476,65.576,64.782,61.597,56.53,,47.034,40.222,32.478,19.438,23.086,31.529,31.621
train_0013,2,12,36.155,35.735,25.184,31.066,38.419,44.126,48.957,53.944,56.801,57.556,56.292,53.641,49.254,44.302,39.123,32.137,26.259,9.389,20.512,25.625,26.201
train_0013,3,12,38.422,38.217,25.73,36.94,43.683,49.099,53.284,,59.215,60.309,59.626,56.852,52.352,47.675,43.789,38.483,31.116,25.179,12.756,25.116,26.615
train_0013,4,12,42.325,37.132,35.405,46.527,52.071,56.851,61.606,65.368,66.269,66.744,64.397,60.381,55.597,51.672,46.811,39.198,33.514,14.891,27.43,32.921,32.028
train_0013,5,12,39.024,37.649,31.444,42.936,48.299,52.857,57.234,61.271,62.669,62.683,60.053,56.964,52.988,48.722,43.094,34.957,29.485,11.677,26.052,30.48,29.758
train_0013,6,12,36.658,36.036,26.981,30.555,38.716,43.966,48.851,54.039,57.299,58.538,58.008,55.158,50.339,45.67,41.09,33.949,26.558,12.863,18.663,25.511,25.574
train_0013,7,12,36.377,35.746,24.378,36.844,42.613,,50.301,55.215,57.366,57.898,56.389,53.117,48.367,44.676,40.66,,,9.901,21.806,,28.478
train_0013,8,12,37.213,34.685,26.84,38.278,44.076,48.87,53.213,57.258,58.853,59.169,56.924,53.785,49.624,,40.865,33.373,27.49,8.711,23.207,,
train_0013,9,12,39.665,39.055,26.031,37.878,44.622,49.892,53.906,58.281,61.166,62.208,60.101,56.122,51.465,47.469,43.247,36.593,29.494,18.184,19.037,27.915,29.068
train_0013,10,12,37.325,36.896,23.72,34.437,42.137,48.026,52.38,56.584,58.426,58.899,56.689,52.982,48.333,44.173,39.385,31.932,26.187,7.966,22.182,25.821,24.955
train_0013,11,12,35.926,33.988,23.445,34.762,40.165,44.788,49.437,54.443,56.747,57.409,55.454,51.971,47.253,43.108,39.182,33.075,26.61,13.829,16.92,24.045,23.715
train_0013,12,12,,38.025,31.373,43.081,48.927,54.211,58.565,62.059,63.148,63.472,61.131,57.179,51.839,47.421,43.085,36.057,30.311,10.777,25.121,30.224,30.463
train_0014,1,8,30.786,26.936,20.43,34.651,40.833,,47.026,48.738,50.477,51.292,51.111,50.069,46.701,41.994,,25.436,23.422,25.687,30.115,31.401,32.154
train_0014,2,8,27.879,21.317,1.255,12.101,24.748,31.023,33.839,33.958,33.999,33.075,32.228,29.523,25.935,21.895,,15.893,14.641,21.768,28.8,25.541,19.877
train_0014,3,8,36.455,,24.671,35.848,43.399,47.205,50.229,,55.688,57.485,,55.231,52.809,49.077,42.971,34.04,27.675,29.845,33.238,36.082,36.462
train_0014,4,8,,24.365,20.471,35.621,41.345,44.84,47.198,48.682,50.583,52.139,52.363,51.333,47.831,43.789,37.989,28.596,22.429,24.63,29.24,32.65,33.14
train_0014,5,8,34.216,26.634,25.529,38.869,43.253,46.083,48.709,51.36,53.998,54.885,53.969,52.095,48.461,44.003,37.886,29.438,26.509,28.672,32.116,32.976,32.729
train_0014,6,8,38.029,35.969,33.635,39.769,42.124,32.774,26.066,41.238,45.919,46.488,45.433,44.324,42.743,41.077,39.041,36.55,36.199,38.039,39.956,41.236,41.489
train_0014,7,8,31.048,23.648,25.545,39.001,44.408,,51.114,53.12,54.635,55.055,54.924,53.414,49.651,45.475,39.218,29.244,24.2,26.919,32.458,35.128,34.765
train_0014,8,8,27.623,24.747,18.685,31.651,37.844,41.291,43.901,46.299,48.191,48.534,47.949,47.19,44.626,40.383,33.69,25.1,23.095,26.032,30.418,31.132,30.296
train_0015,1,12,34.163,34.357,34.559,24.947,33.21,,43.457,46.947,50.454,52.391,53.214,52.276,49.835,46.107,42.159,38.189,32.501,26.683,15.034,20.224,26.6
train_0015,2,12,39.731,38.62,37.826,26.739,37.994,43.715,47.985,51.549,55.499,57.475,58.007,56.412,53.115,48.26,44.068,40.649,35.319,29.131,17.899,19.948,26.911
train_0015,3,12,42.455,42.574,39.929,31.361,42.247,47.814,52.897,57.27,61.113,62.651,63.22,61.346,58.175,53.407,48.937,44.342,37.67,32.193,15.194,24.919,29.198
train_0015,4,12,35.021,41.226,49.413,35.081,42.61,47.296,51.033,53.456,50.064,31.254,52.681,65.296,69.607,67.036,,62.474,57.072,51.294,31.876,39.622,42.582
train_0015,5,12,37.353,37.688,38.235,27.877,37.776,44.431,48.572,52.287,56.642,59.06,59.576,58.025,54.903,50.254,45.732,41.992,36.653,30.513,19.157,20.501,27.155
train_0015,6,12,,35.924,35.664,24.765,35.009,40.791,45.765,49.205,52.403,54.055,54.196,52,49.209,45.473,41.79,38.106,32.62,26.765,15.816,,26.331
train_0015,7,12,34.322,35.474,36.063,25.039,35.738,40.54,44.28,48.299,52.728,54.669,55.159,52.934,49.097,44.085,40.19,36.461,30.133,24.902,,21.936,24.092
train_0015,8,12,43.354,43.13,,30.546,41.987,49.223,54.679,58.297,61.95,64.582,66.037,64.479,61.053,56.14,51.792,47.324,39.838,32.785,16.862,26.787,33.213
train_0015,9,12,,39.157,38.702,27.253,37.235,44.152,49.486,54.065,58.456,60.704,61.578,60.436,57.207,52.573,48.288,44.272,38.131,31.265,20.554,22.553,30.361
train_0015,10,12,39.342,38.075,,20.534,31.689,39.334,44.585,47.811,50.578,50.798,51.108,48.757,44.976,40.842,,38.473,32.844,27.941,10.895,20.568,22.914
train_0015,11,12,36.658,36.268,36.452,25.665,35.853,41.54,46.828,50.526,53.548,55.015,55.313,53.4,50.069,46.355,43.747,40.537,34.621,,17.346,20.671,27.313
train_0015,12,12,40.03,40.36,40.111,26.99,38.09,44.74,50.056,54.074,57.785,59.554,60.427,59.426,56.907,52.74,47.923,,36.54,30.722,18.672,21.915,29.484
train_0016,1,8,32.906,26.109,26.38,35.208,44.938,52.306,57.463,60.897,62.351,63.019,59.613,52.219,44.384,38.069,33.392,30.031,28.677,31.196,35.616,40.097,39.38
train_0016,2,8,31.501,24.93,28.661,39.118,49.119,56.172,60.563,62.614,63.595,,59.496,51.273,43.124,36.734,32.149,29.437,29.751,33.017,37.953,40.606,38.769
train_0016,3,8,28.506,23.163,21.684,30.188,40.162,47.521,53.287,57.901,59.429,59.241,55.499,48.533,41.168,34.489,28.834,25.029,24.816,28.755,33.87,37.596,36.791
train_0016,4,8,31.416,24.793,23.235,30.494,39.382,47.105,,,57.722,57.581,54.365,47.823,40.624,34.52,30.017,26.854,25.982,,33.625,37.299,36.064
train_0016,5,8,32.584,26.91,23.69,31.861,41.638,47.239,48.475,52.532,51.69,48.853,46.377,39.87,,26.156,20.808,20.994,23.632,25.671,29.515,31.331,28.607
train_0016,6,8,29.6,23.983,28.572,38.586,47.978,55.246,61.033,64.76,65.812,65.298,59.225,51.118,43.394,37.69,33.425,,29.454,32.557,37.42,40.27,39.807
train_0016,7,8,30.668,24.975,28.249,36.721,44.999,51.482,56.356,59.194,60.023,60.125,55.329,47.897,40.221,34.533,31.077,28.779,28.641,31.552,35.784,38.77,38.101
train_0016,8,8,34.05,27.524,25.014,33.873,44.511,52.485,58.636,63.577,65.356,65.28,62.411,55.192,47.224,40.622,35.769,,30.904,33.18,37.187,41.089,39.635
train_0017,1,8,41.586,38.434,30.591,29.03,38.474,48.36,55.895,61.597,63.959,63.914,61.476,53.843,44.919,37.865,33.379,30.75,31.712,34.919,38.665,37.186,36.106
train_0017,2,8,46.08,55.241,54.557,,51.459,44.343,39.831,38.109,36.653,35.122,31.967,27.006,22.387,19.449,18.34,17.642,19.026,21.123,22.597,22.419,21.705
train_0017,3,8,39.867,35.33,25.627,23.388,33.662,41.046,41.543,46.02,44.279,39.895,37.83,31.272,25.755,18.932,14.707,18.177,24.831,27.443,28.963,25.032,22.299
train_0017,4,8,35.319,33.306,25.127,22.132,,,47.357,52.06,53.872,53.428,50.942,43.837,36.171,30.094,26.101,24.047,25.257,28.305,31.615,30.673,31.207
train_0017,5,8,33.29,32.812,25.659,22.091,30.408,40.063,46.914,51.893,54.198,54.094,51.382,,35.79,29.51,25.202,22.988,24.737,28.595,31.696,31.426,32.237
train_0017,6,8,32.736,26.556,20.647,25.252,34.947,43.032,,52.859,53.315,53.013,,41.473,34.032,28.73,25.315,23.54,24.976,,,29.817,30.174
train_0017,7,8,36.528,36.887,29.164,,31.786,41.004,48.001,53.299,56.212,57.181,55.622,48.103,,,27.973,25.347,26.391,29.821,33.344,32.311,32.296
train_0017,8,8,37.669,32.599,,28.184,37.152,45.283,51.31,54.929,55.53,55.828,52.732,45.923,37.834,,27.36,26.361,28.88,32.832,35.347,34.632,34.943
train_0018,1,12,37.201,28.573,,42.196,47.283,51.234,54.75,57.772,60.732,61.77,60.795,59.632,57.064,53.089,46.284,36.019,30.19,32.938,37.669,40.598,40.712
train_0018,2,12,34.506,29.058,26.83,42.072,47.554,51.156,54.343,56.91,59.44,60.803,60.297,59.073,56.047,51.718,,36.604,30.852,32.681,36.52,39.726,40.468
train_0018,3,12,38.365,32.246,29.793,,50.574,53.449,55.696,58.131,61.302,63.275,63.076,61.568,57.927,53.067,46.086,36.456,32.822,35.216,39.069,40.573,41.199
train_0018,4,12,38.382,34.229,28.45,43.344,49.309,53.18,56.78,59.753,62.063,63.07,62.586,,56.78,52.272,46.19,37.011,33.31,36.338,40.99,42.171,41.698
train_0018,5,12,35.255,25.88,,18.423,32.687,41.751,45.674,45.04,43.337,39.896,38.605,36.741,32.998,27.514,24.689,20.745,,33.169,42.74,36.677,29.892
train_0018,6,12,35.889,29.297,27.591,42.906,48.886,52.811,55.666,58.412,61.48,62.571,61.766,60.008,56.446,51.776,44.551,34.652,32.711,35.868,40.244,40.599,39.905
train_0018,7,12,37.664,32.159,26.721,41.103,46.776,50.81,53.788,56.281,59.145,,60.453,58.958,55.043,49.361,41.169,31.505,32.044,35.481,39.868,39.806,38.754
train_0018,8,12,37.657,33.833,25.434,39.785,46.361,50.754,55.149,58.508,61.077,62.64,62.635,60.953,56.483,50.971,43.513,33.28,31.083,34.533,39.49,40.417,40.662
train_0018,9,12,35.859,31.915,24.155,39.757,47.496,51.715,54.7,57.752,61.022,62.154,61.536,60.224,56.549,51.061,42.822,32.038,29.897,32.871,38.076,38.812,38.36
train_0018,10,12,34.466,24.857,21.283,46.015,51.417,54.682,57.507,58.48,56.284,46.356,53.447,60.899,62.165,59.112,53.539,45.253,44.222,44.83,45.498,45.434,44.835
train_0018,11,12,39.465,30.892,31.14,46.039,52.085,56.446,59.326,61.393,63.802,64.992,64.823,62.982,58.502,52.381,43.816,,32.993,36.982,42.035,,
train_0018,12,12,34.902,26.809,33.07,45.879,50.988,,57.679,59.775,61.742,62.231,61.618,59.564,55.952,51.232,43.453,32.86,32.009,35.352,39.827,39.88,39.448
train_0019,1,8,34.795,,20.944,32.081,44.579,53.216,58.397,59.954,54.537,39.019,,46.566,44.429,40.428,38.64,41.901,46.127,48.606,45.271,42.97,42.674
train_0019,2,8,35.243,29.501,,32.965,43.269,51.25,57.024,59.883,60.535,58.277,50.109,41.022,33.944,28.897,26.008,27.838,32.225,35.78,35.484,35.847,35.927
train_0019,3,8,39.835,31.735,27.407,35.814,,54.138,,63.014,63.049,60.478,52.624,44.132,37.367,32.974,30.584,32.042,36.079,,39.717,39.222,38.18
train_0019,4,8,44.493,35.136,28.639,36.029,47.136,56.345,63.296,67.141,67.594,,58.272,48.491,40.212,34.609,31.543,32.302,35.969,,41.129,40.979,41.379
train_0019,5,8,34.033,29.612,24.008,,,46.83,53.406,57.923,58.625,57.801,51.537,42.905,35.036,29.584,26.277,26.158,29.411,33.856,35.063,34.356,33.775
train_0019,6,8,37.17,31.47,24.623,28.7,38.393,46.488,52.784,,58.789,58.854,52.309,43.166,35.173,29.888,27.119,27.342,30.322,34.459,34.546,,33.201
train_0019,7,8,38.236,30.249,29.393,39.816,50.139,57.57,62.942,65.144,65.268,62.624,54.24,44.489,,31.907,29.989,31.9,35.923,,40.221,39.097,38.235
train_0019,8,8,37.546,30.875,29.307,31.878,41.77,49.291,50.269,54.33,52.529,47.74,40.81,32.131,25.706,,16.84,,,32.249,32.235,30.479,29.511
train_0020,1,12,39.835,36.376,27.374,32.77,,50.772,57.616,,62.939,64.355,62.695,61.647,58.375,53.697,49.383,41.529,,23.493,15.328,25.042,25.252
train_0020,2,12,38.368,34.801,25.864,33.528,42.689,50.849,57.168,60.816,63.345,64.576,62.56,61.533,58.689,53.886,50.098,43.039,37.17,27.492,13.087,23.579,23.833
train_0020,3,12,,32.662,24.692,33.434,41.971,49.855,54.669,56.578,58.17,59.091,58.487,57.805,54.004,49.362,43.266,36.448,28.183,14.046,18.635,23.224,23.41
train_0020,4,12,40.874,,30.41,39.61,47.523,55.251,,63.274,,65.632,64.736,64.175,60.238,54.925,49.023,42.28,35.553,22.716,19.649,27.236,26.57
train_0020,5,12,37.498,34.309,33.076,45.01,46.585,52.155,,60.925,59.307,48.983,55.452,63.871,65.04,62.665,60.16,,48.143,34.755,29.649,36.221,35.83
train_0020,6,12,42.7,37.725,27.803,35.741,44.703,53.272,59.704,63.061,64.844,65.035,63.206,63.008,60.065,55.154,49.177,41.614,33.728,19.546,19.5,27.061,27.842
train_0020,7,12,42.851,37.652,28.833,,46.684,55.191,,65.492,67.84,67.957,65.829,64.716,,56.445,50.284,42.71,34.466,19.542,20.093,27.744,28.172
train_0020,8,12,39.016,35.556,27.158,34.507,42.196,50.17,,59.14,61.267,61.563,59.551,57.362,52.538,48.327,43.939,38.094,30.594,17.333,20.66,25.098,24.576
train_0020,9,12,38.36,35.004,33.238,44.369,45.583,50.937,55.653,58.643,57.331,47.191,54.085,63.91,66.18,63.585,60.239,54.296,48.041,,30.919,37.083,34.76
train_0020,10,12,,34.352,,35.812,43.854,,58.023,61.645,64.254,64.697,62.414,61.407,58.081,53.056,48.1,40.975,34.374,23.141,15.673,25.632,26.497
train_0020,11,12,42.749,35.239,29.897,39.949,49.671,58.464,63.577,66.108,68.024,68.027,66.174,64.114,59.344,54.453,48.491,41.733,34.059,19.433,,27.322,
train_0020,12,12,44.27,39.704,30.812,39.964,48.737,57.272,63.564,66.771,68.93,69.954,68.07,66.658,62.467,57.265,52.316,45.557,38.65,25.003,20.736,28.964,28.194
train_0021,1,8,32.457,27.6,27.058,37.146,47.688,55.209,60.011,62.043,62.465,61.231,54.452,46.426,38.759,32.175,28.288,29.105,33.092,37.176,37.617,36.461,37.016
train_0021,2,8,32.312,28.065,34.959,44.518,52.166,58.216,63.087,65.127,,63.735,56.589,47.929,40.339,34.781,31.143,30.24,33.255,37.958,41.33,40.534,40.794
train_0021,3,8,36.075,29.869,27.878,37.996,48.952,57.229,,67.171,67.616,66.377,58.835,49.462,41.369,35.69,31.999,30.997,33.598,38.197,40.709,40.336,40.985
train_0021,4,8,38.945,32.606,31.764,41.881,52.374,60.068,65.567,68.263,68.853,67.699,60.162,50.335,41.561,35.302,31.412,31.121,34.919,40.414,42.358,41.273,41.212
train_0021,5,8,38.226,30.727,30.066,40.109,50.924,59.199,65.041,68.265,68.885,67.886,,52.24,44.369,38.502,34.305,31.843,33.664,38.04,42.432,41.212,40.542
train_0021,6,8,37.155,30.102,31.923,42.542,52.71,60.035,65.009,67.053,67.385,66.336,58.945,49.606,41.717,36.241,32.701,31.765,34.475,38.91,41.643,39.599,38.117
train_0021,7,8,29.425,25.524,23.455,31.417,40.621,47.97,53.84,57.471,57.728,56.464,50.651,43.413,36.218,30.764,27.563,25.838,26.702,29.312,33.052,32.818,33.156
train_0021,8,8,32.04,26.1,31.45,41.713,50.238,56.558,61.374,62.829,62.371,59.45,52.087,44.095,37.548,32.357,28.535,28.427,32.271,,38.123,36.052,35.367
train_0022,1,8,37.448,37.909,33.55,29.653,39.908,45.7,51.32,56.398,59.995,60.535,60.59,59.09,56.712,52.889,49.335,45.306,38.372,31.255,16.69,22.117,30.018
train_0022,2,8,34.157,34.281,31.925,26.084,37.712,43.33,47.739,51.854,56.139,58.115,58.29,55.975,53.002,49.214,45.763,42.199,36.399,30.027,21.398,19.257,28.388
train_0022,3,8,41.203,40.909,34.727,32.388,42.809,48.146,52.765,56.883,60.999,63.544,64.354,61.571,57.652,53.236,49.838,45.973,39.457,32.999,21.953,22.353,31.434
train_0022,4,8,34.621,36.017,25.801,34.8,40.534,45.193,49.171,53.004,55.938,57.47,57.721,55.882,52.372,47.694,43.676,39.096,32.085,27.017,9.802,23.881,29.157
train_0022,5,8,39.871,40.583,,,45.726,51.202,56.23,61.008,,66.343,66.769,,60.649,55.825,,47.288,39.856,,14.405,28.721,34.429
train_0022,6,8,37.626,37.14,32.657,32.501,40.427,44.277,48.78,53.395,56.642,57.496,58.225,57.084,54.605,50.675,46.751,42.211,36.178,,17.336,,28.802
train_0022,7,8,38.774,39.149,39.021,28.255,39.141,44.637,49.589,54.141,58.458,60.375,60.819,58.875,55.662,51.202,47.005,43.108,37.697,32.35,18.563,24.874,31.33
train_0022,8,8,39.582,39.361,38.738,30.43,42.018,47.122,51.243,55.615,60.197,62.227,63.111,61.813,58.971,54.471,49.985,45.447,38.993,32.679,20.91,24.798,32.726
train_0023,1,8,33.505,34.205,31.116,24.038,40.045,46.256,49.258,51.584,54.697,57.478,57.689,56.351,52.199,46.683,38.377,28.542,30.112,34.397,36.839,36.88,36.78
train_0023,2,8,34.917,34.223,30.769,21.026,35.152,43.776,48.215,51.234,53.992,56.633,57.196,56.594,53.353,48.174,39.392,27.725,28.142,32.475,36.224,36.513,35.914
train_0023,3,8,33.952,33.949,33.299,25.291,32.152,42.586,46.839,,52.265,55.526,57.138,56.529,53.184,48.382,40.853,29.431,27.378,31.775,36.532,,36.774
train_0023,4,8,32.948,32.469,30.628,21.367,31.72,41.597,44.97,46.934,49.683,53.625,55.209,54.418,50.96,45.923,38.797,28.402,26.893,30.649,34.89,34.68,33.817
train_0023,5,8,31.399,32.778,29.573,22.346,36.531,42.084,,48.673,51.372,54.115,54.554,53.042,49.129,44.4,37.146,27.528,28.329,31.904,35.111,35.512,35.338
train_0023,6,8,34.053,33.772,26.928,26.052,,45.216,49.349,52.51,55.256,57.309,57.05,55.355,,,38.074,27.934,27.729,31.094,,35.686,35.222
train_0023,7,8,,32.964,,21.083,34.893,41.241,45.221,48.307,50.815,52.526,52.342,51.523,48.297,43.397,35.212,25.238,27.195,31.818,34.446,33.618,31.879
train_0023,8,8,30.028,30.473,26.579,20.277,36.014,41.765,45.178,47.576,50.51,53.633,54.04,52.037,47.229,41.427,32.832,23.84,26.628,31.66,34.064,33.807,33.208
train_0024,1,8,36.856,30.814,24.663,28.808,38.438,47.027,53.822,58.497,59.05,57.757,53.175,46.147,38.495,32.076,,25.527,27.906,31.926,34.876,33.564,33.994
train_0024,2,8,39.357,30.886,25.469,32.484,42.307,49.977,55.559,58.491,58.807,58.467,52.844,45.023,37.285,31.383,27.698,27.163,30.265,34.912,36.186,,36.212
train_0024,3,8,31.883,24.381,19.614,26.827,36.621,43.842,49.058,52.308,52.74,51.187,44.005,35.692,29.229,,22.375,23.182,26.792,31.162,31.081,31.071,31.651
train_0024,4,8,30.755,25.71,19.314,22.424,31.088,38.784,44.778,49.18,50.8,50.618,44.085,35.668,29.251,24.829,21.492,21.628,25.255,29.935,29.823,29.168,28.744
train_0024,5,8,37.356,29.686,24.078,30.511,40.21,48.321,54.375,57.487,57.945,57.104,50.618,42.58,35.639,30.726,27.947,28.844,32.454,36.925,36.296,35.382,35.008
train_0024,6,8,34.231,,21.569,26.715,,,49.288,52.378,53.335,53.604,48.546,41,33.698,,24.942,24.763,28.245,33.095,34.376,32.91,32.257
train_0024,7,8,32.947,26.885,21.404,26.822,,,49.476,52.935,53.091,52.065,46.752,39.624,32.786,27.786,24.695,23.885,26.355,30.2,32.45,31.947,32.416
train_0024,8,8,32.546,25.667,16.979,18.645,30.847,40.273,45.609,47.848,47.998,47.139,41.177,32.642,25.309,20.225,19.108,20.887,25.209,32.432,,32.845,30.32
train_0025,1,8,34.406,28.5,24.108,29.262,36.835,43.426,49.595,54.487,56.109,56.081,54.307,48.707,42.33,36.054,30.701,,26.38,28.999,,36.704,35.605
train_0025,2,8,30.792,24.947,21.689,28.653,37.754,45.42,51.448,55.579,57.138,57.821,54.059,46.009,37.779,32.15,28.239,25.242,25.562,,33.824,35.421,34.539
train_0025,3,8,36.372,31.699,25.741,,39.07,47.904,54.987,60.519,62.795,63.023,60.523,53.049,44.84,38.37,34.174,31.532,31.124,33.869,38.758,40.412,38.905
train_0025,4,8,36.586,28.571,18.854,22.27,29.934,35.201,41.73,44.9,43.202,41.081,37.566,29.585,22.483,17.125,13.926,12.94,14.995,19.322,25.635,25.504,23.036
train_0025,5,8,45.291,54.513,61.839,61.748,53.345,43.881,37.545,34.552,32.211,29.905,26.9,,20.028,17.6,15.653,15.415,15.755,17.404,19.505,20.392,20.883
train_0025,6,8,32.017,,25.244,33.305,42.368,49.593,55.057,58.576,59.503,59.523,55.409,48.794,41.676,35.839,31.722,29.473,30.502,,38.255,39.711,38.929
train_0025,7,8,36.126,28.653,21.24,23.964,27.278,38.261,,48.602,47.775,45.869,42.197,35.788,27.886,21.717,20.675,,23.085,29.519,36.319,34.101,
train_0025,8,8,34.495,27.96,25.276,32.377,41.148,47.938,53.023,56.605,57.753,,54.731,48.139,41.009,34.709,30.06,27.674,27.746,30.225,34.425,37.48,37.03
train_0026,1,8,38.326,36.522,28.501,26.472,35.689,45.347,52.958,58.545,60.601,60.849,56.981,48.742,39.558,32.43,28.098,26.55,29.486,34.344,35.922,34.162,34.105
train_0026,2,8,44.49,41.779,32.583,31.281,43.324,55.073,63.061,68.514,70.855,71.257,65.769,55.432,45.462,38.328,34.032,32.543,35.514,40.505,42.264,41.338,42.61
train_0026,3,8,41.925,37.295,29.495,30.954,40.708,49.237,49.221,52.72,50.852,45.936,42.672,35.279,28.663,21.632,17.2,21.01,28.192,31.775,33.842,30.388,
train_0026,4,8,45.298,39.933,31.769,33.244,44.317,54.953,62.866,68.304,70.18,70.987,67.768,58.858,48.675,40.55,35.174,32.528,34.596,,43.769,43.113,43.342
train_0026,5,8,40.384,38.057,30.851,30.206,40.238,49.802,56.251,60.934,63.388,64.477,61.453,52.734,,36.425,31.879,29.637,31.652,35.789,39.399,37.883,37.182
train_0026,6,8,45.099,36.214,38.915,11.137,32.259,48.24,57.293,59.104,56.429,51.404,40.214,,11.814,3.546,8.281,16.4,27.593,,56.373,59.439,48.698
train_0026,7,8,41.308,37.262,29.633,29.974,40.607,51.012,58.723,64.648,67.403,67.607,,55.811,46.823,39.693,34.661,31.552,32.396,35.922,40.494,40.216,40.329
train_0026,8,8,37.499,33.698,27.036,28.921,39.14,48.614,55.74,60.255,61.017,60.846,56.385,48.592,40.207,33.044,28.106,26.862,30.034,34.821,36.649,35.802,35.439
train_0027,1,8,36.975,36.061,27.409,38.493,44.484,49.427,53.139,56.635,58.987,60.003,59.638,,54.581,50.702,47.506,43.819,,31.749,18.8,23.349,30.413
train_0027,2,8,35.561,29.067,27.436,37.142,42.935,48.06,52.249,55.867,57.485,57.969,56.887,54.159,50.286,46.405,43.205,39.138,,28.53,13.921,21.546,27.486
train_0027,3,8,37.871,35.422,27.096,37.882,43.151,47.55,51.252,54.698,56.138,56.545,55.881,,50.343,46.855,43.539,38.975,32.358,28.004,11.335,24.431,27.663
train_0027,4,8,,33.441,23.712,,38.472,42.758,46.947,50.854,53.558,54.955,55.549,53.261,,45.093,,37.98,33.134,27.566,19.757,14.243,23.388
train_0027,5,8,39.209,38.922,28.259,37.336,43.423,48.217,52.458,56.518,59.106,59.756,58.841,55.823,52.092,48.33,45.24,41.257,34.925,30.491,13.725,26.867,31.444
train_0027,6,8,35.853,36.134,25.837,33.236,39.958,44.354,48.109,52.39,55.885,56.99,57.687,56.619,54.011,49.712,45.8,41.849,35.499,28.985,18.947,18.721,26.95
train_0027,7,8,32.728,33.088,23.808,33.915,,43.84,47.454,51.051,53.473,54.451,54.278,52.302,49.323,45.494,41.919,38.034,32.125,27.615,11.325,23.409,27.743
train_0027,8,8,40.76,38.315,28.176,39.313,45.06,,53.767,58.198,60.624,61.655,61.364,58.574,54.457,50.104,46.201,42.423,36.944,32.813,15.442,26.838,31.751
train_0028,1,12,39.081,36.971,27.494,33.862,45.055,49.739,53.037,55.75,58.963,61.306,61.334,59.935,,50.052,42.53,33.102,33.591,37.252,41.082,40.333,39.274
train_0028,2,12,39.804,37.34,28.239,36.911,46.299,,53.468,56.302,59.48,61.469,60.868,58.714,54.739,49.783,42.312,,32.851,36.656,,41.341,41.039
train_0028,3,12,22.105,34.282,50.332,62.105,60.203,47.028,34.877,27.783,24.388,22.787,20.494,19.053,19.158,22.402,31.4,40.926,46.896,45.562,36.391,25.398,19.585
train_0028,4,12,34.956,34.407,29.606,23.375,36.108,,45.159,48.691,51.488,53.186,53.303,53.026,,47.006,41.788,33.335,28.233,30.638,34.933,35.791,35.668
train_0028,5,12,35.915,34.28,25.881,31.321,42.347,46.606,49.596,52.485,55.739,58.218,58.4,57.478,54.543,50.431,,35.106,30.683,33.063,37.366,38.175,37.608
train_0028,6,12,32.788,30.935,22.824,29.514,38.616,42.608,45.91,48.534,50.508,51.914,52.322,52.181,49.585,45.248,38.726,29.9,28.01,31.207,34.9,34.273,32.935
train_0028,7,12,30.51,28.848,,29.996,44.316,47.697,50.139,50.546,46.922,38.269,51.342,59.868,,58.034,53.289,45.653,43.459,44.701,46.642,44.41,
train_0028,8,12,32.18,30.26,22.261,31.536,39.438,43.322,46.516,49.137,51.684,53.138,52.991,52.498,50.285,46.508,39.883,30.379,27.828,,34.302,34.787,34.148
train_0028,9,12,34.425,34.201,27.653,29.059,,46.218,49.294,52.029,,57.553,57.783,,54.086,50.745,45.17,35.729,29.135,31.981,36.029,37.154,36.423
train_0028,10,12,33.376,32.939,26.412,26.778,39.953,45.269,48.543,50.677,53.083,,55.713,55.537,53.432,49.541,,34.932,29.38,31.274,35.352,36.671,36.142
train_0028,11,12,38.088,35.459,25.295,19.722,,26.468,30.494,31.832,30.076,28.916,28.86,26.855,24.159,21.422,17.571,10.953,10.888,14.169,18.871,16.161,13.206
train_0028,12,12,37.147,35.775,26.521,18.214,19.5,17.266,20.64,21.649,18.725,16.829,,14.051,11.492,9.343,6.15,1,1.412,5.336,11.305,8.689,5.323
train_0029,1,8,41.48,36.288,26.354,33.744,41.546,49.976,57.058,61.134,63.895,65.37,63.99,62.891,61.015,56.658,52.216,46.317,39.695,32.139,18.786,14.488,24.477
train_0029,2,8,,28.056,23.567,32.168,39.52,46.781,,54.658,57.009,58.268,56.021,54.365,51.191,47.129,,38.746,32.751,24.26,10.117,13.522,18.256
train_0029,3,8,42.522,37.442,28.045,35.64,43.89,52.317,58.83,62.247,64.541,,64.923,63.777,61.818,57.354,52.594,46.792,40.03,33.097,21.438,15.566,25.181
train_0029,4,8,,33.024,20.856,34.906,42.062,47.861,44.603,46.929,43.246,40.159,,41.729,40.958,34.879,31.718,,32.231,23.522,10.485,6.573,10.085
train_0029,5,8,38.751,38.36,37.14,38.659,37.021,21.691,23.894,40.159,42.458,42.165,41.582,41.7,41.222,40.345,40.476,40.971,40.696,40.728,39.734,42.149,47.591
train_0029,6,8,36.275,,24.512,29.953,36.903,44.499,50.789,53.823,55.798,57.455,56.566,55.568,53.549,49.388,45.594,40.056,34.352,27.512,14.748,13.292,18.974
train_0029,7,8,36.637,33.743,25.789,32.334,39.851,47.719,,56.904,58.756,59.948,58.905,57.606,55.906,51.936,,42.522,36.776,30.951,20.461,13.583,22.385
train_0029,8,8,40.68,36.516,28.235,37.173,45.998,53.764,59.443,62.836,65.584,67.05,66.016,64.953,63.635,59.547,55.093,50.338,43.137,35.943,24.649,14.842,25.711
train_0030,1,8,32.4,29.721,21.918,33.192,39.936,43.408,46.361,49.347,52.695,54.455,53.696,51.619,47.876,44.001,38.377,29.431,26.519,29.099,33.538,34.03,32.952
train_0030,2,8,35.055,31.19,23.504,36.488,43.345,,50.382,52.784,55.173,56.278,55.786,53.506,49.335,44.541,37.324,28.835,30.456,34.145,36.972,35.786,34.584
train_0030,3,8,36.04,34.073,25.799,35.377,43.338,46.973,50.206,52.977,55.34,56.175,55.592,54.042,50.247,45.253,,28.901,29.606,32.834,35.696,35.236,34.219
train_0030,4,8,33.163,29.619,21.716,34.808,42.017,45.624,48.404,51.071,53.561,54.319,53.918,52.421,48.837,43.494,35.109,26.374,27.702,31.283,34.196,34.549,34.357
train_0030,5,8,35.336,34.548,26.487,30.045,41.248,45.402,48.534,50.738,52.87,54.767,54.716,53.097,49.53,45.328,38.35,28.528,28.41,31.901,35.534,35.663,
train_0030,6,8,,40.946,28.706,,39.105,38.696,35.332,39.084,36.921,32.983,35.008,35.09,33.804,27.188,17.585,16.544,23.468,24.298,26.292,24.228,21.72
train_0030,7,8,24.283,27.833,27.055,26.238,24.734,23.979,23.514,23.374,22.68,20.933,18.693,16.761,14.749,,16.259,30.631,51.581,50.515,30.597,17.833,15.427
train_0030,8,8,,30.38,23.567,35.786,41.322,44.029,46.548,48.737,50.669,51.886,52.194,51.218,48.194,,37.969,,27.778,30.527,34.744,34.776,33.646
train_0031,1,16,37.036,31.109,23.467,31.113,38.418,45.959,,55.172,57.045,58.089,57.245,56.292,55.17,51.481,46.43,41.136,34.074,28.582,20.507,9.093,17.663
train_0031,2,16,37.571,31.18,24.646,32.923,40.667,48.098,53.025,55.22,57.387,59.352,58.821,56.986,54.756,50.722,46.434,42.563,35.887,29.995,21.572,9.283,16.233
train_0031,3,16,34.823,27.639,23.493,31.162,38.057,45.154,50.858,53.731,55.229,55.837,54.797,53.665,52.107,47.884,43.093,40.034,34.945,30.418,23.075,10.985,14.985
train_0031,4,16,38.369,32.164,29.091,,44.937,52.595,58.407,60.908,62.327,63.176,61.516,60.222,58.651,,49.748,44.978,38.855,33.911,25.588,12.96,20.393
train_0031,5,16,37.319,33.832,24.119,29.816,38.374,46.889,54.394,58.634,60.755,61.723,60.92,59.217,58.181,54.685,49.546,44.497,37.456,31.715,22.456,,16.826
train_0031,6,16,35.58,30.957,24.772,32.614,39.379,45.945,51.014,54.184,56.882,58.379,57.143,56.196,54.22,49.95,45.614,40.203,33.689,27.314,17.428,10.779,19.559
train_0031,7,16,36.374,32.301,23.605,29.957,36.505,43.392,,53.079,55.239,56.512,55.477,54.35,53.093,49.145,44.557,,33.835,28.133,19.033,12.235,20.344
train_0031,8,16,37.034,34.041,26.442,34.249,41.648,48.609,54.022,56.958,59.097,60.345,59.381,58.146,56.608,52.202,47.336,42.935,36.617,30.837,21.866,12.518,20.692
train_0031,9,16,36.678,31.384,28.392,36.708,43.786,51.106,56.741,59.117,60.476,62.064,,59.72,57.036,53.068,48.975,44.239,37.752,31.957,23.317,12.845,21.286
train_0031,10,16,39.266,34.502,26.829,34.122,40.74,47.266,,55.816,57.558,58.324,57.955,57.375,56.302,,48.095,44.993,39.545,34.605,26.596,14.237,20.307
train_0031,11,16,37.902,31.291,27.922,36.554,43.687,50.648,55.529,57.972,60.088,61.727,60.998,59.557,57.499,53.414,48.972,45.22,39.383,33.696,24.576,11.241,17.274
train_0031,12,16,34.418,27.302,23.846,31.69,38.445,44.795,49.883,52.748,54.057,54.384,53.012,52.337,50.746,47.125,43.227,38.69,32.803,27.448,18.95,10.054,19.556
train_0031,13,16,37.683,29.588,26.323,35.223,43.072,50.25,,57.49,59.305,60.353,58.659,57.608,55.79,52.13,48.312,43.195,37.185,,21.339,13.487,22.814
train_0031,14,16,33.623,26.193,27.377,34.837,40.934,46.99,51.667,54.425,56.24,57.164,55.728,55.011,52.734,48.494,44.558,39.778,34.226,28.188,17.957,8.524,17.289
train_0031,15,16,33.419,26.349,25.498,33.792,40.945,47.157,,54.23,56.775,57.967,55.696,53.612,51.606,47.993,43.866,39.594,,28.697,20.043,9.089,17.633
train_0031,16,16,35.544,31.325,24.574,32.285,39.246,46.676,52.63,55.647,57.198,,56.763,55.55,55.1,52.347,,43.93,37.735,32.206,23.174,9.794,15.188
train_0032,1,8,39.259,29.46,32.228,,48.877,55.377,59.433,62.016,64.321,65.499,63.489,62.517,59.951,55.468,51.753,46.168,39.691,32.81,21.754,14.122,23.458
train_0032,2,8,39.2,,30.758,39.595,47.138,54.431,,62.409,63.891,64.713,62.588,61.205,58.39,53.696,49.579,43.511,37.512,30.377,18.386,15.264,24.296
train_0032,3,8,38.946,36.13,17.463,22.433,26.769,29.928,36.754,38.248,35.963,34.215,32.41,28.699,26.392,23.542,21.338,19.233,16.335,12.587,2.658,1.528,1.631
train_0032,4,8,23.61,22.024,21.049,23.638,26.086,29.714,33.7,60.209,60.997,62.412,62.554,62.1,35.831,31.661,30.548,31.723,28.319,25.314,21.304,18.917,19.591
train_0032,5,8,43.733,40.139,30.671,37.91,45.49,53.907,61.313,65.314,67.385,68.797,68.152,66.284,63.924,59.64,54.738,49.582,42.496,36.321,26.474,15.902,27.495
train_0032,6,8,40.423,33.209,31.378,41.069,49.556,57.934,63.661,65.953,,67.051,64.969,64.404,61.497,56.294,51.949,45.082,39.261,31.586,17.48,17.305,23.196
train_0032,7,8,45.067,39.657,32.6,41.445,49.476,57.56,63.712,66.771,68.266,68.606,67.218,66.818,65.21,60.333,54.951,49.087,42.181,35.728,,16.335,26.533
train_0032,8,8,40.007,31.478,29.52,38.687,47.198,54.827,59.452,61.593,,,62.277,61.252,58.482,54.139,50.92,44.918,38.512,30.479,16.868,14.251,21.51
train_0033,1,8,36.117,36.485,30.732,24.83,30.296,40.398,48.809,55.383,59.379,59.781,58.742,52.117,43.966,36.354,30.148,,27.055,31.281,36.786,37.102,37.253
train_0033,2,8,38.289,37.423,28.382,24.455,34.225,45.364,53.073,58.283,60.511,60.869,57.439,49.187,40.409,33.718,29.711,28.656,31.942,36.889,39.171,37.892,37.271
train_0033,3,8,36.033,36.92,29.847,25.048,32.333,42.243,49.749,55.313,58.397,58.668,57.19,50.294,42.088,35.447,31.063,28.418,29.059,32.436,36.6,35.509,34.309
train_0033,4,8,42.499,41.945,33.237,29.132,38.116,48.538,56.485,62.75,66.239,67.34,64.791,56.121,,38.826,33.98,31.57,33.723,,42.391,41.543,41.083
train_0033,5,8,36.753,35.58,27.469,23.4,31.683,,,56.317,59.138,58.946,56.946,49.261,40.266,33.297,29.014,,,31.54,36.217,35.932,35.563
train_0033,6,8,36.23,36.928,29.779,24.861,32.114,42.351,50.749,57.456,61.459,62.36,61.71,54.48,45.345,37.758,32.677,29.527,28.918,31.508,,38.169,38.26
train_0033,7,8,37.401,37.188,29.231,25.13,33.308,43.731,52.257,58.375,60.735,60.621,59.865,53.301,44.576,37.328,32.347,,30.369,34.277,39.308,39.714,39.507
train_0033,8,8,38.427,35.253,28.04,,37.135,46.746,54.119,,61.98,61.996,59.093,51.559,43.604,37.224,32.409,29.249,29.731,32.749,37.393,37.731,38.369
train_0034,1,12,32.774,29.589,24.566,32.597,39.532,46.448,51.444,54.515,56.4,55.996,54.411,52.841,49.109,45.485,40.222,34.579,26.959,13.762,18.768,20.933,20.746
train_0034,2,12,31.501,22.808,26.081,34.693,42.569,,51.418,53.209,,53.428,52.705,51.227,47.071,43.285,39.279,34.663,27.603,14.986,14.3,21.107,20.561
train_0034,3,12,34.902,29.775,23.116,31.305,39.467,47.808,53.156,54.948,,54.953,54.208,53.078,,44.523,38.718,32.878,25.614,,17.731,21.553,21.127
train_0034,4,12,34.721,30.096,23.906,32.577,39.847,46.794,52.242,55.938,58.66,59.421,57.596,56.413,,47.931,42.527,35.202,28.434,16.904,11.8,20.613,21.22
train_0034,5,12,41.287,36.094,27.633,35.971,44.081,52.072,57.634,60.461,62.567,63.596,62.03,60.776,56.422,50.925,,,34.496,22.803,16.57,25.42,25.681
train_0034,6,12,31.377,29.788,17.039,12.141,18.562,19.176,24.424,25.517,21.992,17.613,16.174,11.632,8.129,7.002,5.265,3.089,1.844,1.074,1,1,1
train_0034,7,12,35.464,,23.796,30.813,37.655,45.295,51.053,53.935,55.955,56.93,55.056,53.508,50.046,,41.544,35.18,29.341,19.288,12.817,21.098,20.059
train_0034,8,12,32.653,27.943,25.054,33.286,39.751,45.977,,53.864,56.16,56.369,53.855,52.871,,46.171,41.417,34.899,29.847,21.071,12.164,21.204,21.182
train_0034,9,12,34.042,26.473,27.626,35.958,43.481,49.669,53.15,55.64,57.119,56.056,55.799,54.401,50.148,46.253,39.683,33.19,23.905,10.655,19.709,20.875,20.636
train_0034,10,12,33.453,29.742,20.026,17.439,24.376,27.208,33.353,35.212,32.604,29.258,28.035,23.854,,16.8,13.885,10.581,5.998,1,1,1,1
train_0034,11,12,33.931,27.963,28.121,36.211,43.163,49.926,54.083,56.15,57.541,57.62,56.977,55.512,51.651,47.706,42.128,36.031,29.29,17.125,17.851,23.984,
train_0034,12,12,29.151,31.41,32.113,31.971,30.495,31.105,30.679,30.108,28.889,28.315,27.673,25.736,23.208,22.249,25.554,37.099,53.247,47.378,28.129,18.474,16.748
train_0035,1,16,27.326,21.476,18.448,25.055,33.533,40.291,45.574,49.584,50.995,50.963,48.524,42.274,35.167,28.733,23.958,21.255,20.81,23.097,26.575,29.785,29.373
train_0035,2,16,31.129,25.864,21.346,26.822,,42.178,48.179,52.496,53.893,54.041,49.959,42.832,36.054,30.909,26.695,23.974,25.476,29.197,32.84,32.375,32.118
train_0035,3,16,32.846,27.658,21.542,24.096,32.868,41.232,47.421,51.826,53.548,53.638,51.73,45.44,38.231,32.295,28.161,25.487,25.26,27.935,31.917,33.412,
train_0035,4,16,36.395,29.478,25.318,31.42,39.724,46.823,52.869,57.339,,58.814,54.947,47.495,39.694,33.572,29.35,26.923,27.661,30.995,35.618,36.399,34.882
train_0035,5,16,27.697,21.854,18.546,25.176,33.386,39.738,45.409,49.915,50.908,50.128,45.994,39.18,32.496,27.062,22.842,20.501,21.573,24.765,28.593,29.42,29.663
train_0035,6,16,31.83,24.301,19.405,25.604,34.477,41.54,47.454,51.944,52.97,52.402,49.096,42.65,35.601,29.783,25.614,23.147,23.401,26.367,31.043,,31.891
train_0035,7,16,32.156,27.611,21.348,23.217,31.98,41.151,48.485,52.981,53.652,52.945,50.702,44.693,37.762,31.693,27.018,23.592,23.247,,30.627,31.687,30.969
train_0035,8,16,24.808,22.118,21.398,27.315,38.222,44.344,46.184,47.974,46.541,37.601,,49.86,46.65,41.602,38.41,37.607,38.835,40.013,40.981,38.751,37.364
train_0035,9,16,34.516,,24.185,30.991,39.223,45.947,52.284,57.727,59.445,58.561,54.13,47.373,,33.408,28.767,26.368,26.785,29.525,33.864,34.93,33.928
train_0035,10,16,33.514,27.286,22.838,28.736,37.961,45.217,50.776,55.463,57.537,57.729,56.218,49.895,41.713,34.036,28.755,26.013,25.024,26.49,29.613,33.523,33.514
train_0035,11,16,36.04,28.584,22.683,27.313,36.334,44.627,51.087,56.026,57.864,57.509,53.793,46.016,37.975,32.205,28.43,25.663,25.505,28.414,32.899,33.89,32.069
train_0035,12,16,35.394,28.177,23.377,29.857,39.342,46.995,52.686,56.525,57.402,57.306,54.13,46.952,38.809,31.862,27.122,24.876,25.889,29.516,34.252,,33.542
train_0035,13,16,33.158,26.329,23.324,31.09,40.445,47.678,53.313,57.202,58.318,58.213,,45.696,37.66,31.209,26.938,25.022,,30.853,35.242,35.432,34.748
train_0035,14,16,25.946,22.93,22.026,27.661,38.046,43.753,45.61,48.04,47.23,38.185,46.754,48.693,45.81,41.166,38.476,38.187,39.488,40.251,40.683,38.641,
train_0035,15,16,30.183,23.177,20.891,28.301,37.246,44.052,48.831,51.77,52.363,52.324,48.432,41.212,33.944,28.588,24.812,22.57,22.926,25.263,,30.083,29.877
train_0035,16,16,28.675,23.622,,27.114,35.675,42.788,48.405,51.991,52.938,53.253,49.491,42.287,34.549,28.845,25.227,22.612,22.926,26.134,30.501,30.404,29.726
train_0036,1,12,35.829,34.899,26.805,34.354,45.025,49.625,52.955,55.201,57.367,58.889,58.967,57.881,54.123,48.679,40.508,30.657,31.979,36.274,40.316,40.615,40.674
train_0036,2,12,43.899,42.007,26.882,30.04,,31.2,34.957,36.724,35.39,33.381,32.165,28.1,24.43,21.129,16.288,8.97,10.749,15.36,21.196,19.335,16.561
train_0036,3,12,34.745,32.614,23.979,36.578,45.536,49.611,52.161,54.287,56.875,58.428,58.748,57.546,53.562,47.37,38.01,28.477,30.544,34.749,37.894,38.547,39.486
train_0036,4,12,36.127,30.255,23.817,38.535,44.456,,51.365,54.214,57.284,58.908,58.792,57.129,53.227,47.778,39.593,,30.445,34.462,38.842,38.438,37.349
train_0036,5,12,36.712,33.212,23.334,35.346,44.684,49.197,52.022,54.465,58.109,60.726,60.935,59.251,54.796,49.217,40.854,30.058,30.811,35.014,39.082,39.157,
train_0036,6,12,36.144,34.029,24.893,35.226,43.579,47.916,51.493,54.454,57.166,58.129,57.394,55.85,52.031,46.366,38.072,28.843,30.969,35.591,39.189,38.376,
train_0036,7,12,35.041,32.622,18.777,26.091,38.835,44.885,48.214,49.726,50.971,50.995,50.739,49.531,46.588,42.243,36.574,27.92,27.443,32.19,37.804,35.973,32.184
train_0036,8,12,40.503,39.481,30.44,35.471,,54.467,57.961,60.455,62.7,64.85,65.655,64.955,60.876,55.086,46.957,36.343,35.158,39.209,44.555,45.154,44.873
train_0036,9,12,39.493,35.984,27.831,42.769,51.373,55.784,59.2,62.391,65.319,66.526,65.832,64.464,60.981,56.371,49.341,38.876,35.591,38.533,43.548,44.458,
train_0036,10,12,40.703,38.128,28.416,37.338,47.789,52.264,56.321,59.813,63.367,64.979,63.575,61.429,58.443,54.262,45.456,33.527,33.861,38.484,43.243,43.435,43.062
train_0036,11,12,37.927,35.435,25.933,31.897,44.161,49.045,52.21,55.155,,59.537,58.734,57.309,,49.897,42.663,32.564,32.671,36.448,40.459,40.019,39.109
train_0036,12,12,41.968,40.449,30.569,40.478,51.404,56.731,60.995,63.931,66.144,66.749,65.901,64.348,60.728,55.19,45.907,35.33,37.125,41.875,45.383,44.613,43.118
train_0037,1,16,29.555,23.193,21.665,29.824,38.692,46.178,51.783,53.622,53.423,50.516,43.359,,29.712,24.81,22.437,24.177,,31.581,30.969,31.474,31.961
train_0037,2,16,33.541,27.985,21.63,25.58,34.153,41.768,47.981,51.678,51.946,50.489,43.812,36.152,30.09,25.931,22.983,23.499,27.066,31.064,30.123,29.827,30.111
train_0037,3,16,37.839,30.628,24.339,30.627,40.756,48.859,54.754,58.265,59.102,58.885,52.259,43.021,34.856,29.487,26.784,27.307,30.91,35.333,35.347,33.658,32.901
train_0037,4,16,32.786,24.837,21.303,29.118,38.131,45.022,49.984,52.099,,50.907,44.365,36.702,30.526,26.301,23.918,25.255,28.643,31.986,30.428,29.707,29.272
train_0037,5,16,28.977,,21.103,29.216,38.909,46.522,,54.443,55.23,52.53,44.5,35.838,,24.742,22.247,24.494,29.261,,31.034,30.399,29.847
train_0037,6,16,33.618,25.33,19.976,27.312,37.643,45.833,52.004,55.659,56.331,,49.4,40.558,32.507,27.199,24.589,24.714,27.492,31.294,32.233,31.341,31.668
train_0037,7,16,35.179,,23.486,30.746,40.006,46.773,51.367,54.015,54.831,54.62,49.037,41.432,34.191,28.732,25.265,24.557,26.954,31.08,,32.253,32.289
train_0037,8,16,36.908,28.644,26.674,35.855,45.768,53.2,58.583,60.745,60.635,58.427,51.578,43.43,36.006,30.13,26.522,27.562,32.187,37.532,36.902,35.694,35.061
train_0037,9,16,34.6,27.379,25.294,34.477,,51.718,57.275,59.785,60.144,57.388,48.656,39.216,33.059,29.639,27.527,28.895,,35.989,,34.167,33.67
train_0037,10,16,38.43,30.889,25.146,32.683,43.792,52.715,58.837,61.54,61.323,,52.49,43.576,36.353,31.092,27.856,28.936,33.368,38.278,37.104,35.289,34.883
train_0037,11,16,28.015,22.277,23.365,32.098,40.562,47.267,51.992,53.222,52.742,49.909,42.899,35.657,30.122,25.95,23.268,24.435,,31.649,30.61,29.863,29.761
train_0037,12,16,34.211,26.486,22.683,30.339,39.791,47.273,52.774,55.219,55.236,54.683,49.07,41.162,33.262,27.434,24.508,24.951,28.095,,32.215,30.872,30.398
train_0037,13,16,30.331,22.785,20.927,29.468,38.327,45.16,50.408,52.683,52.862,50.778,44.401,36.824,30.11,25.217,22.393,23.642,27.459,31.467,30.45,30.045,29.502
train_0037,14,16,33.973,26.133,21.895,30.07,,47.821,53.708,57.085,57.191,55.867,49.061,40.458,32.709,26.834,22.77,22.208,25.795,31.006,32.652,32.201,32.661
train_0037,15,16,33.713,25.621,20.744,28.213,38.289,46.262,52.327,56.072,,55.67,49.343,41.14,32.948,26.484,22.693,22.568,26.162,30.935,32.054,30.56,29.577
train_0037,16,16,37.598,29.48,25.417,33.626,,51.445,57.251,60.301,60.618,59.604,52.43,43.803,36.606,31.329,28.071,28.446,32.256,36.206,36.262,34.914,35.331
train_0038,1,12,32.494,27.925,31.225,40.428,48.788,54.93,59.11,60.617,60.496,59.226,53.673,46.88,40.315,34.95,31.354,30.564,33.476,37.544,39.857,38.535,38.468
train_0038,2,12,31.144,26.679,25.829,33.888,42.905,50.487,56.446,59.64,60.144,59.432,53.608,46.077,38.794,33.14,29.225,27.365,29.452,33.771,37.132,35.875,35.607
train_0038,3,12,30.814,24.096,21.035,18.468,30.418,40.57,46.019,46.9,45.705,43.843,38.425,30.595,22.794,17.37,17.853,20.667,25.231,32.766,40.068,34.41,28.724
train_0038,4,12,31.272,27.156,25.733,34.053,43.211,50.671,57.199,61.223,61.457,60.647,55.033,47.192,39.772,34.448,30.927,28.934,30.509,34.276,38.753,38.567,38.907
train_0038,5,12,35.35,34.653,35.334,37.248,39.608,33.59,,34.396,42.974,43.369,41.972,40.228,38.753,37.684,36.705,36.262,36.346,38.128,39.749,41.441,42.055
train_0038,6,12,33.548,28.143,27.042,34.504,42.875,,53.829,56.94,,57.873,53.72,46.965,39.716,34.252,31.133,29.403,29.706,32.111,36.331,37.625,36.728
train_0038,7,12,31.03,25.751,26.062,34.388,43.374,50.419,55.213,57.104,56.762,55.256,49.542,42.518,35.712,30.465,27.331,26.727,29.59,34.231,37.483,36.368,35.947
train_0038,8,12,33.254,27.957,28.186,36.42,45.392,52.742,58.157,60.843,60.981,60.715,56.425,49.555,42.239,36.973,33.381,30.585,30.953,34.172,38.545,39.274,37.751
train_0038,9,12,33.488,28.071,27.706,35.011,43.198,49.74,54.546,57.312,57.909,58.149,54.348,48.19,41.585,36.189,32.014,29.058,29.153,31.799,36.2,,37.179
train_0038,10,12,33.837,28.845,26.378,33.589,42.644,49.84,55.007,57.788,57.94,57.288,52.11,,37.984,33.135,30.188,28.606,30.325,33.797,37.705,37.27,36.668
train_0038,11,12,30.128,26.885,23.196,29.234,37.319,44.443,50.218,53.844,54.931,55.382,51.004,43.526,36.261,31.275,28.164,26.425,27.724,30.502,33.726,33.047,32.714
train_0038,12,12,31.262,26.176,29.081,38.178,46.238,52.025,56.997,,60.242,59.4,53.391,46.169,39.778,34.628,30.403,27.605,29.128,33.26,37.781,37.297,36.338
train_0039,1,8,45.052,42.104,31.259,25.039,32.92,45.167,55.531,59.524,60.535,61.212,60.277,58.692,56.439,51.512,48.265,43.596,37.934,31.331,16.192,16.553,18.697
train_0039,2,8,41.567,41.252,34.157,27.811,37.534,46.565,,59.442,61.861,63.99,64.816,63.595,62.387,58.37,53.426,47.421,39.826,32.092,17.871,13.909,22.717
train_0039,3,8,46.73,41.82,28.984,20.244,27.402,40.849,50.798,53.873,54.413,53.683,51.609,49.803,47.522,43.558,43.297,40.849,35.321,29.834,15.272,12.693,13.759
train_0039,4,8,43.815,41.279,32.806,33.014,42.753,50.8,57.891,62.528,65.611,67.64,67.227,65.392,63.91,60.28,56.456,51.513,43.746,35.694,22.744,16.749,26.32
train_0039,5,8,45.442,43.574,34.546,31.437,42.312,52.465,61.854,67.871,71.878,74.624,74.401,72.004,70.248,65.616,60.111,54.164,45.472,37.369,23.819,15.222,25.476
train_0039,6,8,41.879,40.74,34.289,29.219,40.159,49.634,57.716,62.295,64.629,67.053,,65.642,63.619,59.333,54.588,49.057,41.408,,18.724,15.565,23.753
train_0039,7,8,46.676,43.312,32.692,37.843,47.517,56.987,64.914,69.356,72.159,73.615,71.65,70.735,68.127,62.763,57.946,48.893,41.067,30.897,15.917,28.142,28.184
train_0039,8,8,45.709,41.025,31.112,37.895,46.194,55.327,63.265,66.991,68.254,,67.025,66.264,63.872,59.323,55.38,48.025,40.982,31.942,16.732,21.805,26.598
train_0040,1,8,36.5,30.489,28.348,41.419,,49.275,51.655,53.439,55.036,55.218,54.795,,48.703,,33.272,27.203,30.088,,36.554,36.205,35.699
train_0040,2,8,32.56,30.283,23.071,36.978,,47.22,,51.74,53.876,54.553,54.233,52.622,48.582,42.965,34.585,26.021,27.674,31.245,33.256,32.523,32.385
train_0040,3,8,34.707,29.649,24.034,38.74,44.076,47.196,49.557,51.98,54.833,55.662,54.581,52.137,48.4,43.343,35.105,26.86,29.049,32.955,35.922,35.72,34.589
train_0040,4,8,39.892,30.224,28.609,43.428,,53.515,56.862,59.418,61.353,61.267,60.138,,52.401,46.198,36.794,28.98,31.353,35.52,37.742,37.36,36.855
train_0040,5,8,33.807,25.687,23.735,37.333,42.628,46.165,49.091,51.34,52.789,52.691,52.185,50.393,46.403,41.128,33.046,23.687,24.391,27.824,32.148,32.589,31.745
train_0040,6,8,38.148,33.376,25.067,39.335,45.891,49.909,53.322,55.932,58.026,58.124,56.619,54.462,50.726,45.781,38.192,28.736,29.439,32.906,36.477,36.182,35.574
train_0040,7,8,34.9,32.752,25.207,38.617,43.444,45.908,42.312,,42.772,39.722,40.105,38.874,37.012,31.014,22.254,,22.831,26.532,29.735,27.832,26.555
train_0040,8,8,32.974,27.84,23.973,38.133,43.337,47.096,50.163,52.746,54.607,54.481,53.893,51.912,47.908,42.095,33.1,25.735,27.387,31.137,32.921,32.462,31.752
train_0041,1,16,38.478,32.008,16.183,10.924,23.738,35.491,43.461,45.843,45.685,44.509,44,42.152,40.021,36.469,35.897,35.323,29.93,26.236,19.043,3.141,7.991
train_0041,2,16,35.535,33.295,25.66,24.966,33.721,40.973,,51.41,,54.129,54.782,53.638,53.086,49.532,43.937,39.341,32.473,27.496,20.633,9.188,14.782
train_0041,3,16,22.488,21.379,18.031,19.538,23.38,27.994,32.309,36.013,39.463,43,45.8,47.904,50.65,52.007,,56.129,,54.017,51.734,48.107,50.855
train_0041,4,16,42.486,37.998,28.717,,42.228,49.708,56.105,60.01,62.198,62.91,61.884,60.13,58.999,55.383,50.071,45.04,37.885,33.013,26.061,13.728,19.515
train_0041,5,16,38.672,34.943,26.183,30.973,38.171,45.74,,56.071,57.653,58.083,57.07,55.774,,50.776,46.026,41.699,35.417,29.412,19.727,9.175,
train_0041,6,16,45.251,40.591,30.205,33.956,42.234,50.542,58.427,63.557,66.178,66.751,65.246,62.91,61.019,56.77,51.775,46.784,39.41,33.06,23.211,12.89,22.372
train_0041,7,16,44.138,39.287,28.662,34.701,43.953,52.956,60.021,63.658,65.699,66.713,65.353,63.672,61.901,57.826,53.282,47.732,40.742,33.624,21.565,14.762,23.678
train_0041,8,16,39.237,35.643,26.496,28.771,37.091,44.516,50.553,53.968,55.757,57.202,,55.527,54.726,52.169,47.902,43.763,36.308,30.496,23.783,11.72,13.464
train_0041,9,16,37.414,35.991,27.895,30.276,38.658,46.444,52.437,55.866,58.156,58.868,57.387,56.127,,51.042,46.323,41.361,,28.812,17.326,12.715,21.095
train_0041,10,16,37.938,35.48,27.223,26.737,35.453,43.482,50.746,,58.096,58.87,57.799,55.133,54.167,51.195,46.496,42.851,,31.305,23.015,10.539,16.984
train_0041,11,16,39.326,35.127,25.859,28.625,37.83,45.794,52.522,56.338,58.153,59.329,59.324,57.429,56.528,53.301,48.114,43.617,36.604,30.987,23.279,11.392,18.129
train_0041,12,16,38.541,,26.326,28.942,37.185,44.339,50.521,54.408,56.55,,58.149,56.733,54.83,50.345,45.423,41.329,34.934,29.058,20.487,11.675,21.757
train_0041,13,16,,34.123,24.266,31.534,39.335,46.956,52.603,55.729,58.062,59.418,58.121,56.76,54.69,50.246,45.338,38.874,32.196,25.542,13.889,9.6,18.044
train_0041,14,16,38.785,34.974,25.449,29.944,38.825,47.334,54.319,58.087,60.085,61.272,60.711,58.648,57.036,53.127,47.997,43.451,36.707,30.625,20.673,8.141,17.233
train_0041,15,16,39.229,36.45,27.615,29.731,38.218,45.775,52.556,57.189,60.148,62.208,62.278,59.524,57.769,,49.774,45.671,38.732,32.837,23.86,10.631,18.62
train_0041,16,16,38.69,36.98,29.871,27.303,35.713,42.984,49.956,54.392,,58.468,59.308,57.818,56.237,52.03,46.907,42.657,36.293,30.662,21.321,11.505,17.807
train_0042,1,12,41.405,39.738,32.021,29.512,,48.335,56.224,61.077,63.827,65.787,65.644,64.227,61.764,56.308,51.81,46.814,41.142,32.934,17.401,19.172,25.347
train_0042,2,12,16.592,17.238,17.803,,20.178,23.601,26.969,30.218,,38.739,42.269,45.597,47.952,51.032,53.7,55.366,56.534,57.783,56.42,59.267,60.368
train_0042,3,12,40.613,40.522,35.06,25.809,35.185,44.346,52.588,,61.544,63.959,,61.701,59.825,55.625,51.541,46.546,40.034,31.635,16.19,18.055,22.352
train_0042,4,12,42.525,42.217,35.717,30.507,39.326,,,60.745,63.617,65.57,63.975,61.56,58.362,54.424,51.149,43.389,36.925,,15.875,24.857,25.183
train_0042,5,12,41.109,39.865,33.177,29.747,40.256,48.759,,60.858,64.073,65.972,64.817,64.078,61.804,56.64,52.05,43.918,36.74,26.07,14.813,24.837,24.518
train_0042,6,12,45.68,43.97,35.785,31.322,41.986,51.565,59.89,65.101,68.678,70.682,68.786,66.945,63.652,58.369,54.418,46.89,39.986,28.157,17.072,26.854,26.108
train_0042,7,12,37.819,38.154,35.39,26.501,33.22,41.497,,,57.658,,,,59.214,55.374,50.114,43.576,36.345,28.388,14.053,18.183,22.278
train_0042,8,12,44.722,42.66,33.862,32.619,42.702,51.994,60.5,65.941,69.316,70.698,68.345,66.592,63.434,57.636,52.906,45.244,38.875,28.543,,26.171,26.328
train_0042,9,12,,18.947,41.674,31.387,37.468,44.526,43.677,47.663,44.189,38.246,43.658,44.528,44.996,38.57,34.781,35.293,,23.448,9.418,16.229,13.489
train_0042,10,12,42.408,41.615,36.254,26.545,34.865,43.703,52.392,58.6,61.357,,63.844,62.557,61.66,,53.038,47.038,39.758,31.485,16.566,,23.648
train_0042,11,12,43.696,38.868,21.523,15.211,27.036,33.464,41.475,44.882,44.711,45.594,45.551,,41.272,37.939,34.013,28.1,23.248,15.922,2.56,,7.234
train_0042,12,12,41.38,40.548,33.531,30.797,39.784,47.601,54.364,58.734,61.67,63.236,62.097,61.353,59.389,54.641,50.331,43.014,36.443,27.023,14.687,25.815,27.015
train_0043,1,12,37.458,30.717,27.628,41.65,46.551,50.08,52.941,55.831,58.51,58.827,57.673,54.367,49.491,42.475,32.626,28.117,30.605,35.113,36,35.338,34.318
train_0043,2,12,37.719,,27.324,41.129,47.464,50.292,52.622,55.197,57.399,57.037,55.936,53.814,49.57,43.233,,28.245,30.662,35.135,36.534,36.688,36.703
train_0043,3,12,38.576,33.764,27.297,42.845,48.189,51.028,53.479,56.138,58.424,,58.427,55.055,49.795,42.497,32.367,28.938,31.856,36.504,36.705,35.235,33.789
train_0043,4,12,38.552,35.377,26.317,38.983,45.592,49.203,52.28,54.96,57.18,57.495,56.664,54.589,50.302,43.928,34.861,28.009,31.183,35.949,37.808,36.879,35.585
train_0043,5,12,,,27.997,40.256,47.466,50.45,53.077,55.976,58.977,,59.002,56.566,52.218,45.574,35.927,30.145,33.313,37.709,38.179,36.737,35.726
train_0043,6,12,39.064,33.163,29.553,45.778,51.554,54.654,56.546,58.454,60.799,61.847,61.707,58.91,53.577,46.579,37.302,31.171,33.49,37.016,,38.128,37.889
train_0043,7,12,32.234,21.214,27.701,42.73,48.813,51.94,52.787,51.062,50.855,44.384,53.088,56.093,,49.84,41.812,,40.914,43.489,,40.385,39.16
train_0043,8,12,24.757,27.195,26.787,30.751,30.396,30.577,30.692,30.792,,30.215,28.456,26.033,24.244,22.164,,29.264,44.363,45.789,31.704,22.599,20.461
train_0043,9,12,37.984,29.54,22.43,28.027,32.61,40.667,44.978,45.218,,41.964,39.579,36.45,31.771,25.598,19.905,19.218,23.678,31.825,35.21,30.752,26.268
train_0043,10,12,37.483,34.892,26.202,39.417,46.059,49.416,51.894,54.347,57.075,57.42,55.868,53.462,50.052,44.991,36.647,29.914,31.622,34.792,,,36.14
train_0043,11,12,33.273,25.098,27.784,39.396,43.778,47.02,48.829,50.372,52.44,53.438,52.99,49.447,44.458,,,26.367,28.619,32.298,32.358,,31.054
train_0043,12,12,35.364,30.779,27.143,40.96,45.455,48.786,51.583,54.052,55.84,55.134,53.686,50.863,46.967,,30.641,28.625,31.341,35.056,34.668,32.993,31.966
train_0044,1,12,30.2,24.593,23.64,31.592,40.371,48.116,53.998,,56.032,53.931,47.491,39.991,33.518,28.951,26.457,27.659,31.491,35.93,35.312,34.565,34.108
train_0044,2,12,24.848,19.711,20.294,28.625,,,48.79,51.526,52.145,50.091,43.357,35.541,29.401,25.415,22.722,23.05,26.175,30.653,30.769,30.024,30.057
train_0044,3,12,25.177,15.98,23.577,31.598,41.059,46.84,50.809,50.705,46.038,33.689,40.649,42.731,40.497,,34.893,37.318,41.844,45.396,43.507,39.284,38.699
train_0044,4,12,32.554,27.27,25.278,,42.09,49.482,55.584,59.015,59.292,58.177,51.96,44.534,37.999,,29.979,29.163,32.064,36.25,38.255,36.687,36.759
train_0044,5,12,26.803,22.086,25.921,35.508,43.64,,52.816,54.303,54.854,52.47,45.426,37.741,31.84,27.789,25.303,26.014,29.252,33.658,34.349,34.237,34.596
train_0044,6,12,31.096,,,33.301,43.187,50.917,56.516,58.659,58.322,55.718,,41.109,34.839,30.325,27.475,28.105,31.293,35.617,35.505,35.057,34.672
train_0044,7,12,28.937,22.105,21.755,30.611,39.987,47.126,52.236,54.787,55.54,54.856,48.488,40.45,33.572,28.717,25.382,23.974,25.765,29.818,32.722,32.384,32.695
train_0044,8,12,30.327,23.945,24.171,32.548,40.885,47.434,52.871,55.712,,54.665,48.452,40.995,34.886,30.589,27.98,27.43,29.283,33.135,35.361,34.217,33.202
train_0044,9,12,31.836,26.754,25.513,34.832,44.581,51.653,56.55,58.29,58.294,55.951,48.745,40.747,34.484,30.283,27.977,29.569,33.655,38.362,37.907,38.158,38.626
train_0044,10,12,28.359,21.393,19.02,22.045,32.083,41.118,46.705,48.119,46.998,44.391,37.946,30.284,23.209,18.161,16.877,19.263,24.551,,35.391,31.982,29.243
train_0044,11,12,28.864,22.403,22.897,32.515,42.369,49.518,54.529,57.066,57.742,55.128,47.063,38.354,31.84,27.515,25.396,27.213,31.153,35.415,35.1,34.499,35.069
train_0044,12,12,28.991,23.631,23.158,31.64,40.474,47.282,52.613,,55.366,53.328,,39.214,33.627,29.481,26.484,26.028,28.814,33.495,35.437,34.918,34.705
train_0045,1,8,36.882,32.792,24.236,31.244,39.051,46.842,51.887,54.373,57.049,58.763,57.321,56.185,52.351,47.016,41.886,36.032,29.552,16.831,,22.479,23.054
train_0045,2,8,34.773,31.457,22.513,28.281,37.161,45.536,51.996,55.504,57.493,58.35,56.694,55.927,52.846,47.565,43.179,36.196,30.389,20.937,9.922,19.659,19.56
train_0045,3,8,38.123,34.859,25.795,31.749,39.502,47.574,54.273,57.972,59.98,60.81,59.111,58.191,54.885,50.088,45.753,38.792,32.389,21.45,15.101,24.287,24.449
train_0045,4,8,36.227,34.951,27.562,27.964,36.814,,52.181,55.585,57.319,,56.4,55.623,52.565,47.802,,37.208,31.298,19.043,15.842,21.581,21.551
train_0045,5,8,37.876,35.587,27.265,28.066,37.476,47.259,55.434,58.745,59.976,60.626,58.653,57.386,53.852,49.51,44.898,37.01,29.091,,15.309,21.612,21.214
train_0045,6,8,34.186,,22.928,26.903,,42.818,49.022,52.96,55.842,57.094,55.499,54.464,50.583,45.209,41.275,34.794,28.573,18.008,10.564,19.099,19.574
train_0045,7,8,36.442,35.694,28.787,26.528,35.222,43.053,,55.077,58.16,59.777,58.29,57.292,54.357,48.908,44.121,36.631,30.701,20.683,11.865,21.562,22.086
train_0045,8,8,37.435,34.444,25.181,30.721,39.377,47.713,54.005,57.278,59.514,60.596,58.992,58.786,56.008,50.568,46.555,40.019,33.882,,12.018,22.313,22.59
train_0046,1,8,33.167,29.379,24.459,37.721,42.352,45.859,49.294,51.748,53.782,54.891,55.259,53.653,49.885,44.174,35.489,28.852,31.062,34.841,36.788,37.078,37.194
train_0046,2,8,36.33,32.303,24.22,37.666,45.128,49.38,52.583,55.31,57.653,58.126,57.419,56.046,52.613,47.074,38.624,29.796,31.857,36.304,,40.281,39.59
train_0046,3,8,35.08,30.131,23.116,38.418,45.849,50.647,53.307,55.043,57.251,58.164,58.026,56.414,52.265,45.49,35.829,28.945,32.132,36.424,38.576,38.778,38.716
train_0046,4,8,34.917,31.766,23.333,34.562,41.485,45.704,49.394,52.329,,56.3,56.105,54.304,50.572,45.169,36.648,28.601,30.601,34.532,37.296,,36.666
train_0046,5,8,35.221,32.111,23.083,36.653,45.281,49.532,52.542,54.976,57.636,58.698,58.61,56.745,52.131,45.213,35.156,28.426,32.238,37.572,39.032,38.887,39.332
train_0046,6,8,38.345,35.702,26.721,40.087,49.096,53.659,56.732,58.564,60.688,62.092,61.907,59.899,55.864,50.06,40.929,32.568,34.582,,40.815,40.932,40.214
train_0046,7,8,37.573,34.15,25.945,40.613,48.227,52.51,55.697,58.485,61.608,62.708,61.902,59.253,54.622,49.099,40.631,32.338,33.735,37.883,,40.656,38.874
train_0046,8,8,36.514,34.014,24.621,33.939,43.066,47.114,50.167,52.731,55.356,56.698,56.528,54.755,50.444,44.671,,28.131,30.742,35.284,,37.689,37.14
train_0047,1,8,40.471,32.714,30.851,40.589,49.4,57.613,62.894,65.441,66.305,64.95,62.372,60.186,55.64,51.051,46.099,39.115,31.773,18.969,13.787,22.222,22.748
train_0047,2,8,45.227,45.684,36.539,37.249,51.87,60.468,64.406,64.975,60.205,47.077,59.045,66.92,67.024,62.653,,,47.676,35.853,27.844,33.334,30.922
train_0047,3,8,38.17,28.832,35.729,44.725,53.022,59.355,62.649,64.608,65.365,63.442,61.67,59.348,55.234,51.361,45.09,38.168,29.758,15.716,15.285,22.468,
train_0047,4,8,36.5,27.673,31.976,41.047,49.324,55.747,,61.507,63.135,62.727,60.29,58.371,54.973,50.92,46.916,39.736,33.287,23.639,11.741,21.216,21.053
train_0047,5,8,43.193,34.002,33.568,44.183,53.773,62.297,67.581,70.206,71.375,70.576,,67.083,62.372,56.747,51.078,43.474,35.653,22.377,14.821,24.37,23.902
train_0047,6,8,45.723,38.335,35.409,45.787,54.869,63.085,,70.206,71.785,71.986,69.244,67.756,63.876,57.868,52.851,45.459,39.764,30.153,16.259,26.627,26.426
train_0047,7,8,45.24,34.295,38.47,48.556,58.165,65.835,70.329,73.5,75.299,73.792,71.515,68.032,62.251,57.573,51.404,44.257,35.528,20.145,19.279,27.744,28.251
train_0047,8,8,41.835,28.928,26.938,21.817,36.398,48.008,52.939,53.29,52.386,49.856,48.509,45.512,40.191,35.152,34.319,30.754,25.475,14.886,11.788,17.326,12.507
train_0048,1,8,38.206,,31.256,39.585,47.341,54.216,58.069,59.99,61.325,61.407,59.788,58.538,54.419,48.618,43.867,37.031,31.348,22.666,10.349,19.065,20.531
train_0048,2,8,42.429,35.486,31.957,42.063,51.317,59.611,64.551,66.663,67.742,67.27,64.915,62.865,58.699,,49.47,41.975,,21.431,14.872,23.405,22.783
train_0048,3,8,39.722,31.568,33.119,41.864,50.092,57.284,61.497,,66.062,66.474,,63.062,59.774,54.446,50.202,43.486,37.856,29.294,15.23,19.794,24.057
train_0048,4,8,40.275,31.376,30.558,39.444,47.754,55.411,60.118,62.17,63.134,62.79,60.501,59.421,55.94,50.895,46.88,39.645,33.289,24.713,12.006,19.008,20.172
train_0048,5,8,40.491,31.059,34.879,,51.263,58.282,62.3,64.32,65.556,65.52,63.523,62.303,58.854,53.679,49.356,42.164,35.794,26.571,12.935,19.431,22.909
train_0048,6,8,26.404,23.464,23.912,28.54,32.74,36.759,40.312,42.9,45.309,,49.711,52.495,54.44,55.181,55.934,55.323,54.725,52.614,48.614,53.625,53.773
train_0048,7,8,40.729,32.648,32.08,40.312,48.149,55.172,59.108,61.446,63.596,63.73,61.584,59.935,56.119,,45.87,38.904,33.22,,14.349,22.505,20.975
train_0048,8,8,40.075,31.856,32.394,40.443,48.531,55.528,59.058,60.671,61.613,60.337,58.536,56.893,52.956,48.524,42.877,36.709,29.683,17.133,15.25,22.371,23.707
train_0049,1,8,39.708,31.122,27.461,36.34,46.606,54.21,59.933,63.553,64.454,64.118,57.803,48.854,40.309,34.34,30.495,29.521,,37.425,39.172,37.499,37.293
train_0049,2,8,34.01,26.315,24.864,33.589,43.504,51.473,57.523,60.827,61.477,60.666,53.783,44.825,36.861,31.5,27.563,24.914,26.737,31.844,36.712,35.692,34.48
train_0049,3,8,30.776,24.099,21.587,29.953,39.529,46.891,52.52,56.203,57.045,56.383,50.009,41.543,33.798,28.392,25.212,23.938,26.131,30.087,33.749,32.887,33.255
train_0049,4,8,36.983,29.662,29.658,39.8,49.879,57.551,63.905,67.489,67.724,66.069,58.384,49.051,40.819,34.834,30.801,29.275,31.76,36.099,39.153,38.218,38.497
train_0049,5,8,36.442,,26.922,36.523,42.92,49.046,49.091,53.119,52.567,49.642,,36.51,28.723,22.188,18.531,20.568,,29.714,33.076,30.941,29.049
train_0049,6,8,35.886,29.306,24.801,33.337,44.418,52.989,59.071,62.404,62.815,61.982,54.979,45.804,37.686,32.269,28.974,27.753,29.701,33.726,36.542,36.724,37.549
train_0049,7,8,37.424,29.622,25.741,34.893,45.768,53.275,58.403,61.468,61.634,59.806,52.718,44.863,37.984,33.013,29.909,29.302,32.201,36.706,38.595,37.391,37.135
train_0049,8,8,30.854,23.661,24.199,,44.107,51.5,56.366,57.914,57.593,55.23,47.682,39.465,32.917,28.031,24.862,25.325,29.241,34.247,34.987,33.494,32.929
train_0050,1,8,48.038,41.448,33.978,37.351,48.709,58.657,66.21,72.298,74.647,74.556,71.239,62.221,52.054,44.046,38.897,36.065,37.142,41.175,46.013,46.315,45.602
train_0050,2,8,39.432,32.679,26.421,31.688,42.195,51.504,58.48,62.97,64.014,64.34,60.738,52.994,44.552,37.849,33.157,30.625,32.246,36.093,40.741,40.573,40.69
train_0050,3,8,39.494,37.358,29.559,27.346,36.637,46.531,53.855,59.413,61.988,62.721,60.621,52.649,43.169,36.259,32.265,30.081,31.765,36.051,40.252,38.471,37.851
train_0050,4,8,43.053,38.17,30.621,31.442,41.945,52.259,60.058,66.247,69.091,69.087,,58.229,49.263,42.123,37.189,34.033,34.237,37.824,43.337,44.765,43.96
train_0050,5,8,42.661,36.727,29.939,35.156,,53.888,59.585,64.229,65.663,65.538,60.32,52.464,44.237,37.739,33.694,32.52,35.583,40.786,43.698,42.323,41.203
train_0050,6,8,44.356,41.53,33.056,31.013,41.259,52.521,61.222,67.701,70.556,70.353,67.484,59.312,49.585,41.472,36.455,34.278,36.363,40.832,45.641,44.836,44.911
train_0050,7,8,43.678,39.596,32.295,33.29,43.863,54.36,62.492,68.581,70.663,70.254,66.501,58.46,49.967,43.043,37.894,,36.298,40.928,46.115,45.001,43.967
train_0050,8,8,40.557,39.303,31.805,29.771,39.588,50.308,58.748,64.809,67.058,66.767,63.264,54.758,46.189,39.547,34.351,31.042,32.459,36.82,41.648,41.414,41.9
train_0051,1,8,30.587,27.322,26.532,34.195,42.559,49.051,54.299,57.995,59.474,60.288,55.915,48.243,40.281,34.33,30.317,28.058,,32.732,36.845,37.036,36.656
train_0051,2,8,27.759,22.455,27.374,36.023,43.304,49.468,54.875,57.591,57.897,56.734,50.949,43.812,37.287,,29.44,27.826,28.888,,34.96,35.403,35.051
train_0051,3,8,33.48,27.379,29.424,,48.141,55.427,60.242,62.538,63.612,63.38,57.209,49.181,41.699,35.911,32.522,31.418,33.348,36.865,40.851,39.764,39.091
train_0051,4,8,31.15,26.906,28.062,36.732,45.172,51.289,55.988,58.922,59.906,59.494,53.952,46.568,39.582,,30.754,28.859,30.444,34.011,38.065,37.88,37.989
train_0051,5,8,27.572,23.165,27.513,36.789,44.779,50.525,55.018,58.011,59.132,59.022,53.745,46.406,39.023,33.086,28.814,26.505,27.605,31.245,35.668,37.098,35.388
train_0051,6,8,31.783,26.54,33.464,34.523,41.72,45.51,43.238,46.08,43.716,39.446,35.747,29.482,24.202,17.946,13.238,15.452,21.669,25.472,30.505,29.015,28.618
train_0051,7,8,32.155,,33.149,42.043,50.183,56.588,60.601,61.531,61.971,61.747,56.411,48.259,40.386,,33.474,32.934,35.026,38.598,42.099,41.128,40.16
train_0051,8,8,30.413,26.016,34.316,35.704,42.726,46.592,44.637,47.134,44.202,39.558,35.646,29.246,23.931,17.709,13.794,17.619,24.641,27.81,31.589,28.275,
train_0052,1,12,32.225,26.124,25.702,34.364,43.248,50.556,56.494,,60.6,59.418,52.757,44.687,,33.671,30.479,29.612,32.405,37.003,39.072,38.772,39.55
train_0052,2,12,32.238,26.952,23.131,30.191,39.265,46.554,52.288,55.829,56.762,56.861,51.785,44.555,37.574,32.345,28.798,27.638,30.194,34.677,37.605,37.359,37.65
train_0052,3,12,29.835,23.676,24.23,31.889,39.808,46.12,50.913,53.737,54.915,54.919,49.499,42.058,35.287,30.827,28.258,26.717,27.807,30.754,34.525,34.346,34.788
train_0052,4,12,34.951,29.022,27.481,34.963,43.597,50.744,56.212,59.17,59.385,58.567,52.846,45.795,,34.491,31.531,30.456,32.527,,39.112,37.981,38.189
train_0052,5,12,34.998,29.596,27.116,34.963,44.525,52.084,57.855,61.737,62.911,62.421,56.184,48.118,40.903,35.637,32.002,30.214,,37.178,41.369,40.623,40.891
train_0052,6,12,32.235,26.674,,30.859,41.19,49.043,54.943,58.984,59.942,59.841,54.767,47.229,39.755,33.765,29.567,28.11,31.016,35.539,39.78,38.795,38.668
train_0052,7,12,26.122,20.288,22.583,31.269,39.672,45.875,50.186,52.407,53.13,52.621,47.393,40.726,,29.743,26.392,,26.954,30.878,34.4,33.835,34.272
train_0052,8,12,32.336,25.363,26.666,35.464,43.929,50.263,55.446,58.124,58.06,56.47,50.611,43.973,37.745,32.8,29.569,28.414,31.06,35.589,38.937,,36.548
train_0052,9,12,31.008,26.973,23.398,30.038,38.716,45.329,50.802,54.615,55.261,55.06,50.448,43.417,36.034,30.323,26.921,25.77,28.064,32.182,35.64,35.584,36.332
train_0052,10,12,32.881,27.237,23.14,30.335,39.615,47.135,53.13,56.893,57.839,58.581,,46.611,38.793,33.085,29.505,28.142,30.78,35.035,38.906,37.73,37.844
train_0052,11,12,35.329,29.22,25.999,32.789,41.795,49.021,54.096,,59.719,60.617,55.881,48.27,41.206,36.169,32.915,,31.763,34.681,38.459,38.272,38.042
train_0052,12,12,34.552,29.435,24.031,30.166,39.919,47.973,54.323,58.65,59.576,59.645,55.747,48.694,41.07,35.274,,29.785,31.579,35.201,39.092,37.597,36.417
train_0053,1,16,40.123,35.666,28.019,43.874,,55.701,59.363,62.643,65.743,67.152,66.698,65.295,,56.109,47.399,36.326,35.418,39.302,44.16,44.196,43.51
train_0053,2,16,39.083,36.968,28.513,44.102,52.359,57.134,60.55,63.12,65.873,67.087,66.57,64.188,59.598,53.12,,33.029,35.75,41.287,44.525,43.803,42.607
train_0053,3,16,44.578,,31.824,49.321,56.242,61.232,,67.97,70.318,70.724,69.933,,63.084,57.759,49.086,37.662,38.188,,46.663,46.376,45.083
train_0053,4,16,42.535,42.527,37.863,41.046,31.965,30.341,34.168,35.613,33.132,30.198,29.487,23.696,18.336,13.862,,1,4.51,10.025,16.606,14.296,10.683
train_0053,5,16,41.626,35.353,29.146,45.697,52.888,57.336,60.203,62.319,64.353,65.34,65.66,64.649,60.764,55.448,47.084,35.442,33.715,37.378,42.638,43.972,44.814
train_0053,6,16,36.434,29.905,30.33,45.097,50.698,55.324,57.914,59.269,61.481,63.091,63.563,61.356,56.479,50.58,41.72,30.811,31.576,35.837,40.85,41.197,40.554
train_0053,7,16,44.383,39.625,29.283,,55.747,60.574,63.832,66.222,,72.174,72.735,70.214,64.559,58.634,49.951,37.699,36.769,40.265,45.372,45.758,45.27
train_0053,8,16,42.067,33.248,34.587,49.809,56.009,60.488,63.744,,69.075,68.865,67.873,,61.994,55.714,46.147,36.246,38.363,42.154,46.066,45.583,
train_0053,9,16,44.203,39.574,28.015,44.289,53.381,58.235,62.143,65.481,68.559,70.207,70.028,67.482,62.296,55.58,45.333,34.016,35.922,40.671,44.828,44.623,43.669
train_0053,10,16,38.376,32.502,25.604,41.533,47.999,52.622,56.706,60.049,62.987,63.973,,61.801,57.866,52.094,43.275,32.102,31.799,35.532,40.259,40.02,38.835
train_0053,11,16,46.794,46.302,37.234,50.038,53.244,56.591,52.915,55.072,53.887,49.837,51.205,50.738,48.904,41.653,31.199,25.546,31.576,34.574,37.78,36.176,34.325
train_0053,12,16,43.152,35.886,32.241,50.949,57.483,,65.456,68.781,71.635,72.033,71.087,68.621,64.476,57.943,,36.682,38.67,43.314,46.479,46.819,46.467
train_0053,13,16,37.885,34.684,24.394,37.597,46.119,51.418,55.999,59.315,61.882,63.187,63.112,61.526,57.03,50.919,41.747,30.272,30.758,34.856,39.095,39.294,39.841
train_0053,14,16,44.574,37.772,31.01,50.149,58.46,63.911,67.448,70.199,73.226,,74.502,72.485,67.786,60.961,50.403,38.137,39.423,44.236,49.37,49.076,47.506
train_0053,15,16,44.476,39.762,29.137,46.101,54.58,58.775,62.44,66.19,70.269,72.028,,,64.319,57.936,48.015,36.171,37.482,41.495,45.83,46.091,45.37
train_0053,16,16,43.065,40.063,29.835,44.419,53.741,59.412,63.718,66.332,68.389,68.854,68.007,65.865,61.399,54.98,44.972,34.808,37.203,42.43,46.026,,44.929
train_0054,1,12,19.897,19.059,,28.887,32.608,36.01,37.765,38.836,39.604,40.491,41.556,41.647,40.629,39.474,39.499,40.05,40.206,42.199,39.474,46.671,
train_0054,2,12,32.838,24.251,30.748,37.439,41.214,44.003,46.969,50.623,52.682,53.427,52.219,49.424,45.2,40.903,37.773,34.675,29.463,25.012,11.658,17.524,22.921
train_0054,3,12,34.647,24.315,33.425,38.987,43.254,46.856,50.21,52.797,53.195,52.924,51.275,49.094,45.805,42.621,39.722,35.303,28.645,24.253,9.465,22.427,26.737
train_0054,4,12,30.654,20.748,29.232,34.099,37.538,40.423,43.642,46.898,48.315,48.253,45.934,43.368,40.196,37.102,34.092,,22.846,,5.111,17.503,21.186
train_0054,5,12,33.39,24.495,29.453,36.099,40.38,43.634,46.841,50.24,51.486,50.755,48.307,46.204,43.659,40.407,36.832,32.384,26.625,23.465,9.253,19.876,22.483
train_0054,6,12,30.53,21.433,31.278,35.741,39.203,42.829,46.824,,,49.736,47.816,45.048,41.233,38.056,35.103,30.545,24.607,20.469,7.781,18.397,19.719
train_0054,7,12,33.397,28.346,26.212,35.763,40.8,44.441,47.246,,51.559,52.197,50.875,47.737,44.287,,37.9,33.416,27.347,23.406,8.741,19.048,23.401
train_0054,8,12,30.557,21.741,27.998,33.874,37.166,40.041,43.139,46.341,47.908,48.838,47.696,44.861,40.815,37.036,33.649,29.822,24.432,20.089,4.93,16.863,
train_0054,9,12,32.981,,32.664,38.76,43.895,47.443,50.024,51.976,53.158,53.847,51.809,48.551,44.326,40.584,37.233,32.591,26.148,21.521,6.126,19.63,24.453
train_0054,10,12,32.426,24.632,29.324,35.982,40.056,43.356,46.398,49.551,51.118,51.644,49.811,46.661,42.523,38.996,,32.473,27.084,23.972,10.185,20.254,21.875
train_0054,11,12,35.009,24.747,35.229,39.65,43.363,46.933,50.906,54.476,56.156,56.083,53.339,50.05,46.168,43.055,39.951,34.715,27.658,22.817,9.73,22.078,23.625
train_0054,12,12,29.073,19.728,25.461,32.002,41.612,47.983,51.054,51.998,47.253,35.504,41.29,52.065,54.17,,47.865,45.233,40.09,34.645,17.432,28.312,29.88
train_0055,1,8,39.004,41.467,31.076,12.954,20.578,24,,36.493,35.345,33.496,32.501,28.296,24.927,21.451,19.226,14.902,11.27,3.686,1,1,1
train_0055,2,8,40.912,39.327,31.288,27.915,38.003,47.307,55.738,60.329,62.267,63.776,63.039,60.637,,51.868,47.352,,34.991,26.267,,16.44,21.034
train_0055,3,8,37.86,36.487,28.508,29.329,38.563,46.891,53.203,56.352,58.557,59.996,,57.184,54.049,49.309,45.553,38.357,31.744,21.831,11.817,20.664,20.609
train_0055,4,8,39.452,38.66,30.859,27.698,36.967,45.31,53.016,57.605,60.045,,59.828,58.628,56.155,51.213,47.252,40.073,32.773,23.227,10.697,21.178,22.422
train_0055,5,8,36.846,36.455,31.313,25.483,34.37,42.048,49.456,54.14,55.745,56.11,55.238,54.056,52.963,49.076,44.883,38.924,32.727,25.174,12.254,17.194,20.232
train_0055,6,8,39.479,39.06,32.504,26.777,36.481,44.782,52.245,56.91,59.86,61.743,60.518,58.612,55.332,49.828,45.888,39.497,,23.674,11.136,21.089,21.153
train_0055,7,8,44.24,43.953,37.612,30.421,39.748,47.895,55.981,61.93,65.36,66.845,65.497,62.812,61.293,57.118,52.235,46.2,39.107,30.681,15.536,16.158,22.687
train_0055,8,8,38.757,37.794,30.957,24.841,34.532,43.26,51.805,57.205,,59.791,58.382,56.738,54.586,50.244,46.306,39.352,32.241,22.535,7.852,16.82,17.681
train_0056,1,8,38.644,,33.046,43.712,53.973,61.407,66.828,69.712,71.23,69.602,61.307,51.512,43.095,37.054,33.975,35.178,39.359,44.193,45.588,45.094,45.806
train_0056,2,8,35.203,28.427,31.918,43.037,53.473,60.509,64.858,66.663,67.072,65.28,58.246,49.747,42.357,36.681,,32.568,,,44.418,43.445,43.998
train_0056,3,8,37.653,30.637,28.705,38.264,49.097,57.696,63.843,67.226,68.172,69.134,64.199,55.36,,39.391,,33.03,34.794,38.909,44.183,44.51,45.046
train_0056,4,8,31.486,26.253,,42.882,51.708,57.507,61.51,63.551,64.597,62.624,55.397,46.887,39.319,34.389,31.862,31.229,33.486,37.82,40.858,40.566,40.727
train_0056,5,8,35.144,25.731,18.916,13.799,,,49.246,50.372,48.529,45.247,38.286,28.928,20.626,15.669,17.253,21.321,26.44,35.148,41.268,33.211,27.284
train_0056,6,8,38.208,30.743,30.05,40.224,50.894,58.822,64.322,66.619,66.926,66.192,59.441,50.212,,36.244,33.261,33.507,37.337,42.492,43.864,41.99,41.475
train_0056,7,8,43.404,56.078,66.215,65.858,54.557,39.979,31.153,26.977,23.837,21.161,18.509,16.159,13.764,11.623,10.17,10.038,11.84,14.107,15.837,16.797,17.141
train_0056,8,8,40.743,34.212,28.081,36.574,48.326,57.487,65,70.445,72.033,71.7,64.743,54.98,46.114,40.155,36.218,,36.817,41.664,45.763,44.913,45.383
train_0057,1,8,38.755,38.725,32.364,26.401,36.968,46.249,54.35,58.688,60.608,61.692,60.363,59.102,56.38,51.203,46.516,38.312,31.302,20.569,9.969,19.023,18.662
train_0057,2,8,,37.469,29.828,21.941,23.668,29.198,,41.92,41.494,,39.151,34.938,32.148,,25.776,20.424,15.769,8.282,1.198,4.242,2.197
train_0057,3,8,,31.647,,34.123,39.287,46.671,53.722,56.509,50.167,29.872,51.25,63.332,67.415,64.242,61.109,55.867,51.039,41.968,30.926,40.582,35.198
train_0057,4,8,37.188,36.335,30.82,23.63,32.199,40.103,47.76,52.605,54.587,55.402,54.509,52.556,50.243,45.778,41.348,34.821,29.215,21.923,9.882,18.501,19.409
train_0057,5,8,41.143,39.116,29.964,,38.647,47.076,54.123,58.355,60.635,61.556,59.98,58.235,55.334,50.829,47.17,39.767,32.393,23.226,10.127,19.332,19.729
train_0057,6,8,39.387,37.423,28.806,,35.189,44.478,52.424,56.419,57.978,58.303,56.404,55.154,52.71,48.265,44.842,37.8,30.819,21.245,10.144,19.703,19.435
train_0057,7,8,39.704,38.432,30.313,30.543,39.949,48.136,54.979,58.434,,61.758,60.515,59.439,57.185,52.247,47.813,40.906,34.798,25.552,11.202,20.195,
train_0057,8,8,40.434,36.664,26.874,31.305,40.621,48.55,54.613,58.062,60.581,,59.725,57.601,53.619,48.47,44.668,37.708,32.066,23.237,10.92,19.774,19.002
train_0058,1,8,43.066,44.149,40.364,30.255,38.49,47.554,55.989,61.507,65.464,68.231,,65.494,62.82,57.484,53.677,46.877,39.582,27.434,16.006,26.489,25.849
train_0058,2,8,43.388,43.595,37.065,29.902,39.105,48.01,56.691,62.096,64.332,65.388,65.001,63.857,62.737,,54.45,48.165,41.08,32.549,17.573,21.199,25.809
train_0058,3,8,42.377,43.054,40.962,31.09,33.375,43.141,52.907,60.419,63.713,65.643,66.217,63.752,,57.454,52.128,45.801,38.773,30.085,14.922,23.53,25.352
train_0058,4,8,38.755,40.634,34.93,24.689,33.345,41.888,44.574,49.504,48.725,45.719,47.969,47.287,46.682,41.821,37.841,35.539,32.364,22.92,9.639,17.72,13.538
train_0058,5,8,31.869,36.535,37.112,32.841,28.961,27.644,26.962,26.209,24.719,22.756,22.011,20.756,19.158,18.044,21.364,38.295,60.211,55.916,32.089,21.203,19.048
train_0058,6,8,,38.732,34.271,26.038,34.068,42.56,51.197,56.443,58.437,59.943,60.059,59.146,57.538,53.071,49.05,42.926,36.736,,15.341,24.313,23.703
train_0058,7,8,,40.629,36.684,28.565,37.297,45.62,53.401,58.236,60.618,63.309,64.608,62.564,60.817,56.986,52.356,46.356,38.894,,18.138,18.87,25.218
train_0058,8,8,39.816,38.959,33.064,27.064,35.702,43.024,50.257,55.741,,60.307,59.788,57.942,55.957,51.737,47.406,41.402,35.261,28.3,15.234,18.634,23.464
train_0059,1,12,34.183,27.896,28.447,37.876,47.438,54.793,59.912,61.755,61.797,59.229,51.432,42.319,34.664,,27.346,29.206,33.151,37.031,35.997,34.825,34.898
train_0059,2,12,28.748,16.388,,39.792,51.852,59.017,63.617,63.88,57.99,42.911,47.998,50.651,48.648,44.583,42.545,,45.954,48.096,47.11,43.674,43.548
train_0059,3,12,32.668,27.196,24.76,33.722,43.818,51.251,,59.933,60.153,59.573,53.691,45.508,37.556,31.643,27.854,25.536,26.741,30.397,34.406,33.697,33.736
train_0059,4,12,39.361,29.8,27.026,37.666,48.956,57.004,62.995,66.634,67.434,66.425,58.531,48.496,40.1,34.2,29.716,27.984,31.172,36.278,39.096,37.163,
train_0059,5,12,36.801,,29.234,38.801,48.934,56.427,62.258,66.142,67.225,66.481,59.045,49.939,41.967,35.774,31.153,28.595,30.429,34.966,39.749,39.124,39.409
train_0059,6,12,35.259,29.18,28.281,29.289,,26.262,32.231,33.41,28.278,23.692,17.285,5.881,1.415,1,1,1.077,3.004,8.499,11.942,7.696,
train_0059,7,12,39.649,32.334,28.917,38.228,48.742,56.439,,66.227,67.033,66.215,59.365,50.469,42.183,36.191,32.323,30.284,32.129,36.211,39.703,38.493,38.692
train_0059,8,12,35.311,28.739,27.881,38.213,48.642,56.166,61.898,64.93,65.259,62.478,53.597,43.873,36.363,31.436,28.547,29.114,33.034,38.407,39.094,37.884,37.682
train_0059,9,12,33.919,26.526,,36.159,45.599,53.251,59.096,61.729,61.602,59.206,52.128,44.373,37.365,32.009,28.614,27.958,30.166,33.765,35.686,35.38,36.054
train_0059,10,12,37.636,34.184,28.513,35.826,46.991,55.96,62.483,66.265,66.573,65.983,59.547,50.064,41.339,35.544,31.952,30.435,32.787,37.281,40.011,38.44,37.47
train_0059,11,12,35.641,28.342,25.708,34.865,44.978,52.527,58.056,60.611,,59.006,52.195,43.992,36.484,30.986,27.56,26.906,29.41,33.686,35.11,34.036,33.088
train_0059,12,12,33.118,26.8,32.02,41.789,50.257,57.05,62.093,63.765,63.875,61.304,53.487,44.637,37.514,32.427,29.233,28.982,31.494,35.5,37.212,,36.789
train_0060,1,8,40.268,34.012,25.432,26.331,37.022,47.235,54.488,59.354,61.09,61.381,58.605,50.519,41.46,34.32,29.724,27.459,28.594,31.693,36.012,35.449,34.566
train_0060,2,8,36.259,31.702,24.423,25.488,34.447,42.891,49.488,54.728,57.316,57.63,53.573,45.72,38.034,32.076,27.777,24.777,25.582,29.462,34.006,33.603,34.013
train_0060,3,8,38.045,31.106,25.575,30.88,40.648,48.958,,59.485,60.622,60.233,57.54,50.46,41.8,34.5,29.599,,28.384,31.771,35.537,35.874,34.205
train_0060,4,8,33.933,28.864,28.119,35.941,44.209,50.956,56.503,59.425,59.415,59.001,53.843,46.022,37.894,32.082,28.911,27.58,29.474,33.078,36.565,35.559,35.039
train_0060,5,8,36.277,30.209,23.831,28.346,38.364,46.623,52.678,57.169,58.537,58.086,52.757,44.261,36.163,30.311,26.353,24.404,26.465,30.532,34.323,,34.357
train_0060,6,8,41.157,33.144,26.696,,42.328,50.895,57.572,62.76,64.701,64.743,60.644,52.349,43.606,,31.678,28.722,29.374,32.631,37.304,37.732,36.81
train_0060,7,8,42.811,34.486,27.437,33.192,44.056,52.909,59.163,63.775,65.663,65.952,61.368,52.634,43.225,35.832,31.219,29.445,31.73,35.481,39.701,39.378,39.174
train_0060,8,8,35.415,24.309,23.804,33.014,43.854,51.289,56.71,59.784,57.23,46.822,49.109,50.119,,43.178,40.259,38.983,40.985,,45.557,41.641,40.784
train_0061,1,16,36.138,,32.926,41.667,,56.995,62.247,65.501,66.379,66.476,61.631,53.86,,40.128,36.496,34.03,33.908,36.844,41.801,43.924,42.494
train_0061,2,16,30.438,25.752,28.545,38.348,47.434,53.883,58.709,61.632,62.643,62.588,57.161,49.66,42.051,35.941,31.857,30.129,32.494,,41.355,40.762,39.479
train_0061,3,16,,24.738,27.217,30.295,39.866,48.524,54.89,57.255,56.366,53.891,47.31,39.226,31.308,25.663,24.426,25.324,28.821,35.174,42.102,40.082,36.454
train_0061,4,16,33.372,28.863,33.446,42.783,51.533,58.388,63.699,66.994,68.022,67.74,62.205,54.52,,41.507,37.413,34.286,33.805,36.488,41.135,44.753,44.486
train_0061,5,16,34.382,30.617,31.212,40.751,50.662,57.635,62.264,65.06,66.503,67.492,62.506,,46.7,40.49,35.667,32.623,33.671,37.516,42.255,43.095,
train_0061,6,16,29.045,24.463,27.641,35.716,43.242,49.396,53.98,,55.828,55.25,50.567,44.151,37.53,32.531,29.184,27.078,28.323,31.946,,37.322,36.742
train_0061,7,16,32.422,27.495,27.011,34.009,44.266,49.009,48.388,,50.31,45.582,40.109,32.508,26.733,20.778,17.325,20.238,25.538,27.877,32.993,33.191,29.576
train_0061,8,16,33.541,28.392,33.3,42.12,50.429,56.643,60.969,63.309,,63.801,58.341,50.935,43.671,38.174,,31.387,31.877,34.955,39.299,40.953,40.516
train_0061,9,16,30.468,25.249,27.586,35.92,43.96,49.941,54.467,57.072,57.942,57.838,52.847,46.025,38.769,32.928,29.32,,,33.776,37.657,38.104,38.266
train_0061,10,16,31.249,25.464,26.276,34.005,42.263,48.83,53.755,,58.081,58.383,54.346,47.69,40.481,34.957,31.111,27.954,27.173,29.801,34.155,36.881,36.416
train_0061,11,16,34.629,31.126,29.915,37.984,,,60.077,63.432,64.286,64.384,59.409,51.885,44.029,37.666,33.476,31.39,32.968,36.837,41.522,42.369,41.832
train_0061,12,16,34.706,30.357,29.623,38.113,47.781,54.964,60.019,63.602,65.022,65.229,60.113,52.336,44.351,37.913,33.641,31.704,32.686,35.118,39.486,41.34,41.615
train_0061,13,16,29.9,25.279,29.727,38.607,46.347,52.203,56.592,58.766,59.355,59.31,53.699,45.804,39.131,34.756,31.275,28.909,29.743,32.871,37.469,39.386,39.348
train_0061,14,16,33.139,28.287,33.198,42.36,50.973,57.893,62.778,64.938,65.283,65.021,59.355,51.274,43.463,38.157,34.905,32.939,34.12,37.427,41.919,42.605,41.071
train_0061,15,16,30.439,25.509,29.938,38.311,45.208,50.874,56.21,59.241,59.792,58.346,52.077,44.94,39.025,34.488,31.285,29.692,31.154,34.675,39.257,39.501,39.495
train_0061,16,16,32.614,27.774,32.158,41.078,49.276,56.358,62.58,65.858,66.036,65.781,61.105,53.651,45.329,,33.786,31.253,32.154,,40.101,42.38,41.524
train_0062,1,8,36.454,36.033,20.51,22.178,31.952,42.501,49.21,52.67,53.067,50.968,45.829,36.42,,21.465,21.1,21.986,26.639,,44.558,40.766,36.121
train_0062,2,8,,33.565,25.788,21.894,30.279,40.38,47.914,53.369,56.101,56,53.645,46.319,38.621,32.51,27.923,24.767,25.11,28.275,32.96,,33.443
train_0062,3,8,35.195,29.279,23.132,27.071,37.378,46.373,52.317,56.088,57.14,56.831,53.297,46.362,38.87,32.814,28.767,26.471,,30.711,34.696,34.506,34.525
train_0062,4,8,35.688,34.613,26.598,23.363,32.205,42.469,50.606,56.34,58.287,57.792,55.763,48.736,,33.152,28.019,24.972,25.531,28.631,33.123,32.962,33.307
train_0062,5,8,38.566,36.025,27.846,25.097,33.858,,51.171,56.321,58.338,58.5,56.457,49.018,40.705,34.43,30.112,27.321,27.681,30.489,34.937,35.394,36.125
train_0062,6,8,35.962,30.795,25.233,29.282,39.15,47.147,52.567,56.602,58.108,58.294,55.408,48.405,40.405,33.594,28.556,25.855,27.645,31.939,36.367,35.714,35.242
train_0062,7,8,33.27,28.253,22.777,27.066,36.44,44.547,50.387,53.61,53.709,53.266,49.078,41.94,34.814,29.937,26.546,,25.739,29.398,32.305,,30.812
train_0062,8,8,41.568,37.168,29.602,29.682,39.555,49.355,55.874,59.939,61.707,62.109,60.423,53.308,44.794,37.909,33.201,29.825,29.684,33.152,38.328,39.099,38.087
train_0063,1,8,,41.048,31.391,32.51,40.795,49.359,57.143,61.606,63.811,64.774,63.54,62.502,60.649,56.338,52.226,46.137,40.061,31.748,17.221,20.556,26.152
train_0063,2,8,38.013,35.473,27.753,31.331,38.888,45.8,51.702,55.259,57.25,,57.809,56.611,55.431,52.045,48.157,44.039,38.127,31.851,21.048,13.247,20.871
train_0063,3,8,38.744,36.234,27.131,30.767,39.645,48.181,55.087,58.613,60.61,62.083,61.131,60.273,57.502,52.42,48.356,41.809,36.17,27.763,13.665,21.661,23.09
train_0063,4,8,37.887,37.791,32.187,27.562,35.591,42.928,50.067,54.807,57.584,59.632,59.841,57.64,56.476,53.394,48.966,44.395,37.296,31.232,22.009,14.729,24.724
train_0063,5,8,41.224,37.752,28.195,31.367,39.497,47.282,54.347,59.019,61.905,63.569,62.911,61.468,59.716,55.518,50.923,45.181,37.872,30.364,18.42,14.946,
train_0063,6,8,40.239,39.433,32.221,28.877,37.423,45.166,52.373,56.878,59.368,61.344,61.976,60.438,59.39,55.639,50.675,46.505,39.711,33.43,22.93,11.919,21.634
train_0063,7,8,37.95,33.268,22.892,8.587,19.838,32.694,40.725,42.059,40.759,38.118,35.528,33.39,30.962,26.638,28.128,29.725,28.032,,21.047,11.66,12.691
train_0063,8,8,34.352,33.341,26.899,23.662,32.968,41.408,48.2,51.515,53.395,55.08,55.041,53.796,52.095,47.773,,37.399,31.092,23.958,11.596,14.303,19.84
train_0064,1,12,35.245,29.737,24.397,32.608,39.418,46.242,51.633,54.861,57.063,57.995,56.024,54.773,51.728,46.822,42.629,,30.653,23.69,11.756,,20.168
train_0064,2,12,34.842,31.302,23.479,29.515,35.883,42.551,47.751,,52.113,53.648,52.835,51.501,49.91,46.105,41.922,37.752,31.807,26.119,17.531,9.405,17.84
train_0064,3,12,36.168,32.433,23.623,31.04,39.27,47.025,52.807,55.466,57.058,58.782,58.451,56.975,54.434,50.416,46.499,41.546,35.89,,17.454,11.455,19.251
train_0064,4,12,33.264,26.742,23.034,30.672,37.958,43.984,47.909,50.942,53.223,53.368,50.982,50.48,49.097,45.336,41.901,37.047,32.06,26.074,15.673,13.194,19.913
train_0064,5,12,32.304,26.875,23.964,32.007,,44.95,49.114,51.055,52.43,52.934,51.262,50.561,48.304,44.141,40.623,35.727,30.952,25.375,15.38,12.697,19.791
train_0064,6,12,38.379,31.612,27.205,34.782,42.116,49.117,53.185,54.773,56.496,57.976,56.528,,52.461,48.194,44.745,40.565,35.204,29.14,,15.869,23.048
train_0064,7,12,33.396,27.889,25.583,33.851,40.599,46.919,51.299,53.195,54.252,54.692,53.055,52.582,50.358,45.837,42.1,36.787,31.547,25.208,14.187,12.223,18.474
train_0064,8,12,32.402,26.09,23.895,31.397,38.263,44.912,49.523,51.529,52.568,53.1,51.8,51.229,49.17,45.405,42.263,,32.373,,18.261,13.009,20.845
train_0064,9,12,33.046,25.275,25.56,33.278,40.429,47.171,51.79,53.987,55.34,56.024,54.623,54.181,51.769,47.463,43.947,38.756,33.321,27.034,16.493,,
train_0064,10,12,37.477,,24.642,32.052,38.999,45.749,51.11,54.175,56.54,58.415,57.743,55.799,53.318,49.026,44.499,39.961,34.164,28.826,19.872,11.127,19.916
train_0064,11,12,37.254,30.718,29.145,36.952,43.605,50.09,54.734,56.976,58.113,58.446,56.591,56.107,54.386,51.051,48.087,42.262,35.847,29.006,17.794,14.119,22.006
train_0064,12,12,36.4,29.046,27.67,34.72,,47.552,51.861,54.254,55.917,56.554,54.594,53.5,51.041,46.805,43.159,37.806,32.648,26.831,16.762,14.126,20.596
train_0065,1,8,36.88,32.857,26.229,34.638,42.299,49.688,55.127,57.996,60.239,61.516,59.926,58.752,56.556,52.438,48.567,42.897,37.058,30.185,,15.553,23.138
train_0065,2,8,40.502,33.928,28.545,,46.351,54.445,59.788,62.25,64.149,65.513,63.912,62.983,59.893,54.679,50.286,42.902,36.715,28.729,15.529,21.181,25.597
train_0065,3,8,38.212,33.937,26.66,35.047,42.807,50.25,55.471,58.077,59.781,60.323,58.12,57.174,54.325,49.576,45.661,39.028,33.585,25.289,13.988,23.955,24.181
train_0065,4,8,38.857,32.504,25.381,35.234,44.023,52.201,58.199,60.821,61.832,62.303,60.612,60.155,57.479,52.223,47.949,41.364,35.466,27.353,,15.641,22.131
train_0065,5,8,43.397,37.361,28.634,37.423,46.157,55.289,61.79,64.164,65.441,66.318,64.477,63.303,59.917,55.248,51.213,43.708,37.307,27.214,14.822,24.44,23.68
train_0065,6,8,38.341,32.48,25.236,33.856,41.652,49.291,54.544,56.983,58.973,60.173,58.299,57.14,53.801,48.648,44.903,38.328,32.615,24.529,11.288,18.367,21.44
train_0065,7,8,39.657,34.389,27.713,35.488,42.134,48.479,53.438,56.393,58.621,59.943,58.706,58.114,55.506,50.413,46.018,40.008,35.043,28.439,16.323,18.565,23.328
train_0065,8,8,41.129,32.332,33.603,41.781,49.463,56.609,61.195,,66.151,66.809,64.931,63.615,60.028,54.862,,,36.762,27.705,14.449,23.497,23.84
train_0066,1,8,41.981,37.182,27.761,35.826,44.292,52.823,59.105,,64.488,65.856,,62.681,59.208,53.592,49.147,41.851,35.961,27.713,14.648,23.135,24.106
train_0066,2,8,43.656,39.515,29.161,37.021,45.717,54.322,60.811,64.279,66.835,68.191,66.184,64.817,,54.212,48.909,41.135,34.707,24.258,14.71,24.507,24.711
train_0066,3,8,18.025,20.925,22.886,28.788,,37.851,40.883,43.422,45.528,46.205,46.557,46.232,45.099,44.412,45.074,45.997,47.13,47.103,47.853,54.317,59.324
train_0066,4,8,46.132,41.357,30.401,,48.533,57.627,64.271,67.338,69.201,70.279,68.281,67.148,64.326,59.322,55.321,47.867,40.833,31.036,15.473,22.915,26.242
train_0066,5,8,43.329,39.645,28.452,32.53,41.472,50.47,57.613,61.373,63.332,63.994,62.01,61.408,58.636,53.193,48.396,40.463,33.531,23.26,12.698,23.081,23.454
train_0066,6,8,40.805,35.677,27.201,36.878,45.691,54.409,60.434,,63.443,63.984,62.593,61.563,57.343,51.59,45.987,39.156,32.187,19.233,15.27,23.818,24.501
train_0066,7,8,41.663,34.399,30.385,39.902,47.558,54.43,59.261,62.322,64.446,64.498,61.704,60.634,57.743,52.922,48.625,41.17,35.12,26.239,13.533,23.671,24.601
train_0066,8,8,43.323,36.337,26.749,36.106,44.882,53.349,59.724,62.312,63.558,64.892,63.275,,58.209,52.266,47.487,40.208,34.237,25.41,12.502,22.738,23.073
train_0067,1,16,32.058,26.415,,32.905,42.439,49.27,53.798,56.158,56.01,55.465,50.838,43.566,35.906,30.364,,24.952,26.543,29.999,33.865,33.331,32.091
train_0067,2,16,29.512,24.32,23.077,30.733,39.267,45.397,49.544,51.748,51.709,51.126,46.55,39.868,32.691,27.162,24.036,22.944,24.391,26.808,29.93,29.484,28.763
train_0067,3,16,29.379,24.764,22.713,30.169,39.054,46.148,51.135,53.813,54.486,54.648,50.012,42.407,34.627,28.918,25.53,23.744,24.672,27.514,31.591,,32.169
train_0067,4,16,25.978,21.618,24.939,32.555,39.541,44.959,49.321,51.879,52.344,51.546,46.034,39.012,32.543,27.675,24.357,22.674,23.797,26.253,29.217,29.54,28.496
train_0067,5,16,35.395,28.692,25.534,33.07,42.285,49.136,54.262,57.904,58.823,58.715,54.643,47.596,39.605,32.97,28.578,26.401,27.362,30.264,34.046,34.545,32.783
train_0067,6,16,31.179,26.027,27.561,34.971,42.634,48.494,53.06,55.843,56.045,55.132,50.26,43.59,37.213,32.304,28.662,26.291,25.955,27.729,30.976,32.964,32.151
train_0067,7,16,31.127,24.114,26.733,35.56,43.96,50.003,54.324,56.198,55.957,55.253,49.97,42.781,35.724,30.412,26.965,24.986,25.717,28.308,32.085,33.125,32.013
train_0067,8,16,31.033,25.505,,31.392,39.391,44.405,43.33,44.903,43.297,40.118,37.784,32.611,27.143,20.622,16.426,17.649,21.049,23.071,27.179,27.666,26.166
train_0067,9,16,29.78,24.536,27.06,35.172,43.083,49.267,53.981,56.28,56.257,55.633,50.668,43.756,37.406,32.695,28.376,25.032,25.528,28.52,32.283,32.976,31.635
train_0067,10,16,32.434,25.317,25.009,33.278,42.46,49.115,53.594,56.075,56.627,56.86,52.527,45.196,37.539,32.021,28.853,27.275,27.572,29.358,32.655,34.212,33.444
train_0067,11,16,27.729,22.426,25.187,32.874,40.132,45.839,50.302,52.583,52.716,51.752,46.165,39.261,32.717,27.389,23.681,21.909,23.32,26.547,30.45,31.384,30.822
train_0067,12,16,33.792,26.985,25.023,32.819,41.839,49.029,54.178,56.853,56.742,56.105,52.102,45.41,38.525,32.818,28.189,25.168,25.457,28.702,32.967,34.524,33.124
train_0067,13,16,31.995,27.09,24.193,30.695,39.191,45.926,50.843,54.476,55.551,54.941,50.691,44.4,38.346,33.069,28.644,25.339,25.024,28.061,32.428,33.392,31.657
train_0067,14,16,,27.516,31.741,31.239,38.35,42.954,39.827,41.206,38.837,34.648,32.665,27.295,22.324,16.068,12.432,15.48,20.054,21.48,25.212,24.714,22.511
train_0067,15,16,27.286,21.085,22.196,30.08,38.14,43.991,47.687,49.446,49.443,48.668,43.373,36.738,31.14,26.997,,21.582,22.588,25.643,29.099,29.045,27.573
train_0067,16,16,33.759,27.219,26.585,34.257,42.848,49.404,53.507,55.351,,55.327,50.381,43.641,37.332,,28.212,25.843,26.449,29.059,32.676,33.886,33.757
train_0068,1,8,35.187,28.539,27.035,,42.989,48.895,47.833,49.732,49.732,44.939,41.667,35.538,29.629,21.913,17.245,19.61,25.154,,31.719,28.957,25.791
train_0068,2,8,37.562,29.703,26.394,34.887,44.995,52.943,58.751,62.828,64.144,64.422,60.145,52.363,43.335,36.36,31.65,28.849,30.378,34.54,39.389,38.778,37.212
train_0068,3,8,31.901,24.918,26.475,35.822,45.529,53.308,58.87,61.1,61.066,60.814,55.568,,38.893,31.917,27.786,26.477,28.973,33.084,37.735,37.532,37.137
train_0068,4,8,29.934,23.572,22.257,30.746,40.542,48.055,53.431,56.676,57.114,56.53,51.224,43.536,36.056,30.321,26.333,24.301,25.643,28.969,33.257,33.456,32.244
train_0068,5,8,33.435,27.005,26.616,35.634,45.429,53.249,59.355,63.04,,63.893,,49.48,41.213,35.349,31.479,29.419,31.092,34.949,39.465,39.235,38.461
train_0068,6,8,32.478,22.145,12.866,6.706,,37.559,44.749,45.637,42.736,38.741,32.467,22.408,13.272,7.592,9.99,14.764,20.405,31.191,40.737,34.042,25.248
train_0068,7,8,32.642,26.73,,33.623,42.868,50.347,56.43,60.216,61.18,61.132,55.269,46.623,38.447,32.573,28.548,26.542,28.662,32.78,36.893,35.814,35.245
train_0068,8,8,36.743,30.279,25.096,33.352,44.412,53.214,59.962,64.314,65.163,64.501,57.745,48.445,39.806,,29.36,27.673,30.736,36.139,40.219,38.644,38.243
train_0069,1,16,26.593,24.499,32.395,41.657,48.848,54.262,58.086,,58.769,56.509,50.053,42.594,35.909,30.892,27.342,25.481,27.073,30.076,33.361,32.92,31.973
train_0069,2,16,31.63,25.805,29.97,39.437,48.644,,60.91,62.533,62.518,61.909,55.625,47.292,39.612,33.63,28.988,26.141,27.296,31.072,36.219,36.8,35.636
train_0069,3,16,32.359,22.544,38.106,35.64,29.585,29.846,34.456,,30.451,26.808,20.188,7.712,1.653,1.993,2.29,1.819,1.2,5.535,13.357,9.567,4.358
train_0069,4,16,19.945,19.375,22.469,25.54,28.004,31.761,36.097,39.766,42.246,45.076,45.934,46.61,47.135,48.944,50.919,52.815,54.933,56.721,57.963,58.715,59.254
train_0069,5,16,37.069,31.267,32.509,42.789,52.519,59.595,64.953,68.142,68.839,68.26,61.477,52.409,43.765,37.198,33.208,31.757,34.138,37.849,41.714,40.934,39.884
train_0069,6,16,38.454,33.48,35.853,43.294,49.081,53.294,53.521,56.28,54.232,50.928,46.707,39.591,33.277,26.684,21.841,23.05,27.595,,33.976,,29.053
train_0069,7,16,36.028,34.613,37.303,43.045,46.857,50.27,49.692,53.424,50.015,44.684,40.938,,28.924,22.197,,19.258,25.327,28.465,31.556,29.324,26.331
train_0069,8,16,32.372,27.342,29.697,39.645,48.493,54.262,58.728,61.678,,62.04,56.191,48.255,40.707,35.121,30.906,27.776,28.113,31.324,35.911,36.593,36.102
train_0069,9,16,30.012,25.794,31.532,40.988,49.416,56.217,61.13,62.808,62.6,61.033,54.349,45.939,38.103,32.667,29.594,28.683,31.172,34.4,37.604,36.664,36.095
train_0069,10,16,26.787,23.55,31.232,40.806,48.644,54.456,58.391,60.012,60.285,58.557,52.105,43.966,35.955,30.06,26.648,24.93,26.423,30.094,34.615,34.704,33.326
train_0069,11,16,32.294,27.24,30.342,39.138,46.911,,57.791,60.491,60.811,60.104,54.189,46.35,38.741,32.836,28.731,26.358,27.475,30.557,34.806,35.586,35.242
train_0069,12,16,33.998,29.769,29.981,39.752,50.322,58.425,63.82,66.23,66.647,67.341,62.496,54.182,45.198,37.772,32.898,30.749,,34.481,38.618,40.267,40.018
train_0069,13,16,36.203,32.14,30.578,39.363,49.574,57.957,63.769,66.499,66.461,66.348,62.062,54.502,46.226,39.876,35.2,32.15,32.994,36.494,40.691,41.051,39.359
train_0069,14,16,29.484,24.838,29.422,38.535,46.904,54.21,,61.126,60.797,59.553,53.35,45.324,37.679,31.869,28.345,,29.169,33.003,,36.236,36.068
train_0069,15,16,36.137,31.656,37.435,,56.621,63.106,67.948,69.549,69.091,67.048,59.913,51.346,43.874,38.634,34.857,32.981,35.077,38.834,42.141,40.775,41.207
train_0069,16,16,33.372,27.23,,39.96,48.851,55.616,60.745,63.443,63.604,62.929,57.737,50.733,43.404,37.206,32.651,30.026,30.646,33.36,36.956,,36.901
train_0070,1,8,43.97,37.692,30.035,38.577,46.634,54.357,60.1,63.082,65.157,66.583,65.643,65.412,63.752,59.27,55.077,49.375,42.639,34.914,21.924,,26.619
train_0070,2,8,42.125,36.436,28.719,36.916,44.694,53.154,59.846,62.651,64.258,65.971,65.161,64.106,61.717,57.182,53.036,47.262,40.645,33.728,21.883,,27.866
train_0070,3,8,42.302,38.185,28.876,36.781,44.81,52.979,60.213,64.593,67.568,69.326,67.608,66.283,63.682,58.717,54.494,,41.56,32.322,,18.542,24.29
train_0070,4,8,39.579,36.9,28.735,33.295,41.246,49.192,56.192,60.241,62.258,63.47,63.171,61.128,59.874,56.72,52.207,48.51,42.147,36.787,28.264,14.875,22.328
train_0070,5,8,37.352,33.472,25.493,32.807,39.708,46.338,52.105,56.042,59.228,61.214,59.791,58.313,55.755,51.365,47.596,41.527,35.684,28.571,15.203,16.033,22.897
train_0070,6,8,44.18,40.081,31.557,39.448,47.053,54.572,61.187,65.24,67.743,68.785,67.537,67.046,65.762,61.563,57.178,51.395,44.379,36.324,22.584,17.392,28.226
train_0070,7,8,43.267,38.907,29.63,36.466,44.215,52.044,58.434,62.098,64.403,65.776,64.911,64.064,61.753,57,53.231,48.498,42.788,,21.762,17.98,26.104
train_0070,8,8,30.639,33.822,32.583,32.214,31.819,,33.665,34.205,34.05,33.302,31.385,30.067,28.402,,29.856,42.785,59.249,53.363,28.963,16.738,17.913
train_0071,1,12,41.715,35.954,,45.86,51.967,55.676,58.54,,63.144,63.021,62.009,,56.448,50.024,40.306,30.015,31.081,34.573,38.295,38.495,38.256
train_0071,2,12,39.192,30.369,29.175,45.778,51.413,54.738,57.518,59.69,61.252,61.323,60.566,58.009,53.311,47.698,39.867,30.956,,34.994,37.964,37.154,36.098
train_0071,3,12,,29.428,35.054,47.304,52.193,55.746,58.112,59.956,61.279,60.659,59.327,56.223,51.667,45.281,35.831,29.063,31.9,36.095,37.908,37.109,36.227
train_0071,4,12,36.738,,27.627,43.996,49.532,52.742,55.036,56.82,58.652,59.155,58.616,56.455,51.917,45.25,35.787,26.918,29.139,33.263,36.736,36.443,35.314
train_0071,5,12,36.166,27.211,31.983,45.344,50.686,54.52,57.086,58.987,59.599,,57.459,55.102,50.553,43.292,32.9,27.415,30.173,34.964,36.862,36.505,35.118
train_0071,6,12,23.02,33.457,50.428,62.22,58.667,45.123,32.892,26.91,24.623,23.112,21.165,19.4,19.869,23.152,30.964,40.957,47.847,44.466,33.666,23.233,17.159
train_0071,7,12,36.946,26.761,30.402,42.615,47.41,51.378,54.154,56.042,57.706,57.883,57.442,55.621,51.715,45.779,36.735,26.982,27.566,30.559,,34.69,34.378
train_0071,8,12,36.52,26.839,36.996,47.248,52.258,56.352,59.21,61.434,63.119,62.657,61.299,58.197,53.37,47.165,38.635,30.281,31.598,34.553,38.003,,36.06
train_0071,9,12,41.041,29.947,24.642,26.119,28.017,24.745,27.214,27.801,24.869,21.893,22.255,17.126,13.041,,3.322,1.379,1.337,5.567,9.832,6.586,2.129
train_0071,10,12,35.294,24.758,34.446,44.689,49.321,53.104,56.01,58.554,59.92,58.846,57.179,54.013,49.908,44.494,35.819,27.878,29.475,32.514,,34.791,33.027
train_0071,11,12,39.872,30.497,33.889,48.023,,56.005,59.36,62.699,,65.154,63.504,59.846,54.938,48.334,38.331,30.171,31.834,35.936,39.047,38.888,37.259
train_0071,12,12,,35.284,29.982,47.007,53.259,56.922,59.43,61.405,63.513,64.227,63.266,60.803,56.615,51.371,43.29,32.866,32.55,35.426,39.238,39.2,38.888
train_0072,1,12,47.079,40.511,30.43,40.248,49.991,59.457,65.882,68.156,69.762,71.297,69.835,68.955,65.131,59.697,55.145,47.05,39.308,26.86,17.389,28.667,28.782
train_0072,2,12,43.549,36.785,32.803,42.615,50.77,58.231,63.303,66.4,68.688,69.052,67.277,66.191,62.595,57.883,52.374,44.329,36.225,,16.81,27.141,28.015
train_0072,3,12,40.013,34.773,27.02,37.323,46.637,55.119,60.518,62.886,64.886,66.167,65.147,63.995,59.112,53.526,48.287,41.115,32.933,17.931,15.101,24.008,25.435
train_0072,4,12,,38.396,27.505,,47.015,54.502,51.325,53.127,49.477,44.99,45.365,44.999,42.906,36.886,31.311,,29.217,12.913,11.206,15.909,12.999
train_0072,5,12,47.616,40.972,31.849,41.889,51.295,59.997,65.976,69.251,70.962,70.902,69.548,69.149,64.857,59.203,,45.672,36.662,20.668,20.233,27.955,27.954
train_0072,6,12,43.604,40.286,29.166,37.74,,54.851,55.093,58.213,56.91,54.13,53.45,52.051,48.969,43.388,37.99,36.046,31.548,14.795,13.969,19.653,18.193
train_0072,7,12,45.473,41.09,29.825,36.084,45.47,54.868,62.197,66.133,68.933,70.372,,66.821,62.765,56.914,51.608,43.571,35.555,21.287,16.246,26.223,26.396
train_0072,8,12,43.522,39.209,29.694,40.322,,59.77,66.208,69.306,71.168,70.787,68.875,,61.813,56.504,48.921,41.848,,14.054,25.216,26.597,27.532
train_0072,9,12,44.042,38.668,29.783,40.668,50.665,60.197,66.341,69.567,72.13,72.365,70.439,67.431,61.466,56.276,48.617,41.479,31.558,14.81,25.666,25.528,25.116
train_0072,10,12,44.49,37.067,27.489,,42.211,52.381,58.932,61.108,62.492,62.183,59.714,59.156,55.201,49.322,45.148,39.74,33.33,20.768,17.594,24.157,20.913
train_0072,11,12,47.102,39.01,34.771,44.957,53.748,61.848,67.442,70.63,72.333,71.829,69.867,68.205,64.133,59.294,52.733,45.221,36.996,21.668,20.712,28.615,29.027
train_0072,12,12,43.131,38.474,,36.562,45.762,54.786,60.986,63.694,65.707,66.716,64.7,63.239,59.454,54.905,49.564,42.498,34.287,18.627,18.381,24.582,24.241
train_0073,1,12,45.397,39.693,34.551,45.721,51.656,56.269,59.636,62.995,65.249,66.055,65.877,63.741,60.972,57.056,52.955,48.691,42.967,36.066,31.34,16.515,29.693
train_0073,2,12,,36.88,42.678,,54.6,59.37,64.389,68.297,69.002,68.519,,64.563,60.573,55.999,52.273,47.975,41.309,35.44,25.192,24.192,32.424
train_0073,3,12,47.035,43.265,34.122,45.994,51.863,56.803,60.757,64.788,67.736,68.184,67.527,65.239,61.862,56.626,51.902,47.746,42.471,35.868,31.452,14.766,29.567
train_0073,4,12,27.735,34.449,46.752,59.28,58.605,49.441,39.671,34.311,31.684,30.142,28.969,27.492,26.99,28.879,35.096,42.892,45.909,41.371,31.351,19.671,16.98
train_0073,5,12,44.439,36.521,35.476,44.879,49.371,53.587,57.573,61.314,63.379,64.098,63.837,61.379,58.154,54.135,50.544,46.85,41.598,,29.826,11.638,24.513
train_0073,6,12,41.638,35.429,30.879,40.308,44.862,49.127,52.885,56.599,58.887,59.791,59.646,56.888,52.82,48.645,45.514,41.935,36.15,29.532,24.697,13.543,25.333
train_0073,7,12,40.595,34.319,31.958,,46.422,50.663,54.2,57.436,58.798,59.008,57.927,55.215,51.63,47.809,44.292,40.308,,30.656,18.593,22.758,26.917
train_0073,8,12,37.988,31.336,29.15,38.246,43.554,48.795,53.228,56.677,58.088,58.487,57.905,55.28,51.413,46.763,43.255,40.259,35.206,29.077,23.831,13.215,24.38
train_0073,9,12,44.023,36.697,36.625,45.919,50.719,54.499,57.889,,63.905,64.369,63.396,60.975,57.174,52.256,47.839,43.576,37.543,32.337,20.421,24.082,30.501
train_0073,10,12,41.627,33.638,28.045,31.27,28.791,36.478,41.706,42.498,41.947,39.924,37.877,35.494,31.214,27.124,29.094,31.393,28.226,26.328,,7.459,13.6
train_0073,11,12,39.309,34.754,29.842,39.668,44.429,48.997,53.366,,59.113,58.987,58.318,56.545,53.536,48.933,45.024,41.328,35.571,29.845,22.411,16.299,24.095
train_0073,12,12,40.405,31.63,35.844,44.82,49.899,53.802,56.629,59.551,61.184,61.667,,57.727,54.256,50.225,46.52,42.891,37.424,31.101,24.806,15.072,26.234
train_0074,1,8,36.439,29.134,25.183,34.235,41.807,48.43,,55.761,57.814,58.855,56.8,55.268,,47.563,43.822,37.125,30.968,22.819,9.467,12.019,18.278
train_0074,2,8,38.284,34.656,25.918,31.881,39.873,47.356,53.148,55.87,57.602,59.103,58.168,56.74,53.937,49.375,45.941,41.005,35.728,28.091,14.205,14.424,19.737
train_0074,3,8,35.922,30.09,25.383,19.492,22.547,25.779,32.051,34.206,32.203,30.825,28.786,24.706,21.72,18.76,17.007,12.833,9.835,3.861,1.357,1.224,1
train_0074,4,8,34.343,28.596,20.07,27.454,34.785,42.212,47.979,50.21,50.898,51.563,50.348,49.838,47.428,42.633,39.189,34.255,29.277,,9.165,12.65,17.063
train_0074,5,8,33.531,28.899,19.592,25.996,33.748,42.075,48.607,51.363,53.203,54.814,53.729,52.79,50.415,45.454,41.006,34.765,28.455,21.55,9.583,10.179,16.386
train_0074,6,8,32.211,26.265,21.854,29.252,36.322,,48.908,50.876,52.605,53.769,52.129,51.057,48.047,43.16,38.737,31.944,27.018,20.332,,15.867,16.883
train_0074,7,8,38.863,,25.341,31.291,38.27,45.523,,56.113,58.821,,,57.516,55.162,50.939,46.568,40.929,34.897,28.413,16.737,12.47,19.943
train_0074,8,8,38.09,32.206,24.414,32.05,39.106,45.934,50.968,53.536,55.403,56.444,54.681,,51.067,46.861,43.143,37.68,32.242,25.469,13.393,12.323,18.782
train_0075,1,8,42.573,41.903,29.803,38.192,45.762,50.503,54.154,57.867,61.16,62.126,62.756,61.324,57.749,52.697,48.792,46.031,41.582,34.496,,12.218,25.206
train_0075,2,8,41.907,41.856,31.953,37.795,44.931,49.507,53.423,56.832,59.806,61.071,61.57,59.59,56.186,51.653,47.733,44.556,40.374,34.302,29.446,,26.654
train_0075,3,8,40.142,40.136,29.18,36.267,44.182,49.452,53.33,57.285,61.238,62.738,62.422,59.21,55.361,51.454,48.475,45.149,39.278,32.333,25.479,17.179,25.261
train_0075,4,8,35.742,,26.02,34.745,41.092,45.468,49.17,52.524,54.821,55.179,55.375,53.838,50.922,46.498,42.68,39.595,35.235,29.259,23.906,12.298,22.312
train_0075,5,8,37.166,37.931,29.544,32.901,40.514,45.065,49.439,53.307,,57.344,57.833,56.327,53.277,48.627,44.593,40.756,34.942,,23.537,,22.42
train_0075,6,8,36.277,,30.366,30.081,39.082,44.315,48.816,52.492,55.815,56.987,,55.554,52.934,49.417,45.828,42.396,38.139,,28.088,12.642,22.563
train_0075,7,8,42.214,41.85,32.016,35.137,43.298,47.979,51.833,55.441,59.383,61.312,,61.136,58.643,54.862,50.962,47.566,43.122,35.985,30.271,16.274,22.56
train_0075,8,8,36.748,37.246,30.121,32.878,40.799,45.051,48.344,51.567,55.061,56.89,57.335,55.186,52.329,48.774,45.197,41.936,37.464,31.643,27.02,15.866,24.981
train_0076,1,8,41.779,41.613,41.649,29.295,42.314,49.23,54.268,58.777,,65.444,,64.988,61.716,56.423,51.614,46.427,38.413,32.539,13.097,30.29,34.45
train_0076,2,8,43.769,43.231,39.082,34.54,46.674,52.48,57.047,61.913,66.418,,68.284,65.716,61.621,56.57,52.672,48.286,40.387,33.76,12.808,27.718,31.979
train_0076,3,8,42.389,41.509,34.745,34.097,,51.403,,62.865,67.033,68.068,67.206,,60.115,55.454,50.957,45.18,36.891,31.205,15.222,30.341,32.28
train_0076,4,8,38.431,38.841,38.733,27.634,39.945,46.3,51.885,56.799,61.1,62.547,,61.844,58.927,54.101,49.372,44.115,36.248,30.364,11.316,26.58,30.48
train_0076,5,8,40.209,40.387,40.752,29.299,40.518,46.933,52.093,56.935,62.018,64.196,64.39,62.122,59.092,55.002,50.898,46.18,39.16,33.875,15.691,30.076,33.797
train_0076,6,8,38.39,38.319,37.278,26.505,37.647,43.084,47.912,52.56,57.107,59.466,60.512,58.311,54.764,50.13,45.685,41.081,34.357,29.07,11.161,24.553,29.629
train_0076,7,8,22.189,25.369,27.273,27.502,32.339,34.842,37.029,38.733,40.761,41.94,43.931,45.076,46.061,47.623,49.586,51.521,52.432,55.115,54.467,61.864,65.937
train_0076,8,8,39.147,40.129,35.006,35.245,44.984,49.961,54.285,58.665,62.756,64.686,65.159,62.596,58.579,53.416,49.08,44.849,38.293,32.859,14.182,26.879,31.853
train_0077,1,8,37.329,25.384,34.34,41.325,46.767,51.355,55.483,,60.403,61.236,59.733,56.924,,48.721,45.264,40.46,32.98,27.219,10.536,26.396,31.211
train_0077,2,8,36.148,24.244,32.27,39.369,,49.344,53.676,57.011,57.984,58.763,57.789,54.765,50.162,46.072,42.887,38.646,31.913,26.834,9.729,18.511,25.138
train_0077,3,8,36.664,24.979,36.87,42.668,47.816,52.535,,59.636,60.892,61.816,60.539,58.08,53.796,49.391,45.189,39.679,32.268,26.986,8.514,24.725,29.289
train_0077,4,8,39.635,33.151,32.494,43.666,49.182,53.13,57.196,61.475,63.475,64.57,63.402,60.499,56.173,52.093,49.042,44.129,35.575,29.582,10.418,26.204,30.235
train_0077,5,8,24.937,34.182,37.651,46.69,48.22,52.085,51.87,55.416,54.263,51.338,50.668,49.013,46.791,42.35,38.073,35.558,30.546,25.039,6.306,21.37,24.459
train_0077,6,8,38.507,30.133,31.368,40.88,46.028,50.062,54.153,58.665,60.559,61.036,60.434,58.51,55.159,51.168,47.234,42.23,34.843,29.426,12.489,21.604,27.371
train_0077,7,8,42.152,34.325,34.105,45.094,51.192,56.566,61.514,66.541,69.303,70.425,69.173,65.589,60.826,56.345,53.173,49.161,41.56,35.11,18.22,25.062,
train_0077,8,8,23.68,37.506,39.48,47.528,47.459,50.87,48.804,52.27,50.341,47.291,47.944,45.787,42.646,37.738,34.042,33.685,30.299,24.434,5.372,20.213,22.594
train_0078,1,12,32.908,28.687,22.472,30.778,37.817,45.025,50.364,52.891,54.719,55.638,53.52,,47.967,43.702,39.404,32.481,26.97,17.801,9.426,17.911,18.88
train_0078,2,12,,27.623,22.669,30.928,38.027,44.532,48.826,51.07,53.093,,53.28,51.739,47.616,42.486,38.703,32.328,27.342,20.277,9.342,16.941,16.445
train_0078,3,12,35.911,31.993,23.896,29.92,37.569,44.433,48.943,50.627,52.356,54.051,52.944,51.848,50.411,46.718,42.7,37.67,33.122,27.288,15.818,13.586,19.104
train_0078,4,12,38.887,,26.78,32.618,39.495,45.957,51.12,54.234,56.309,57.113,55.536,54.815,52.739,48.305,44.133,37.593,31.852,24.441,12.279,17.236,21.704
train_0078,5,12,36.78,32.99,24.33,31.349,38.6,46.003,51.326,54.064,55.85,56.308,53.952,52.615,49.735,45.706,41.964,35.617,30.143,20.757,12.285,20.344,20.134
train_0078,6,12,38.995,33.097,27.181,35.38,42.362,48.432,52.505,54.823,56.637,57.24,55.294,54.428,51.512,46.723,42.924,36.864,31.728,24.282,,18.348,20.236
train_0078,7,12,37.722,32.601,25.049,32.581,39.429,46.108,51.18,53.586,55.109,56.249,54.781,53.94,51.173,45.851,41.012,34.755,30.258,23.264,12.996,21.429,21.575
train_0078,8,12,36.941,32.642,26.557,34.726,41.228,47.709,52.54,55.156,57.15,57.914,55.925,55.363,52.574,47.46,43.456,37.09,32.22,24.617,12.252,19.96,20.66
train_0078,9,12,36.668,32.05,23.209,30.717,37.93,45.043,50.576,53.243,54.922,,54.269,53.009,49.405,43.715,39.633,33.889,29.169,21.055,8.677,17.378,
train_0078,10,12,32.2,27.469,22.932,31.146,37.526,43.802,48.793,51.012,51.462,51.467,50.338,49.952,47.067,42.787,39.316,32.823,27.303,20.054,10.697,18.986,18.736
train_0078,11,12,32.459,27.458,22.301,31.338,39.074,45.784,50.185,52.589,54.571,55.382,53.274,51.965,48.727,44.078,40.528,34.053,28.569,20.554,8.301,15.634,16.603
train_0078,12,12,34.652,27.177,25.933,33.53,39.82,45.49,49.843,52.4,53.598,53.352,50.732,49.069,46.561,43.446,40.857,35.058,,22.932,11.972,16.212,17.783
train_0079,1,8,34.506,28.715,23.835,30.157,39.316,46.978,53.031,56.953,57.81,57.97,52.935,44.939,37.346,31.994,28.723,28.036,31.079,34.792,36.686,35.479,36.93
train_0079,2,8,32.334,26.352,24.506,32.264,40.965,47.458,52.353,55.695,56.996,,52.135,44.542,37.794,33.268,,28.055,30.171,34.421,37.707,35.644,34.458
train_0079,3,8,36.218,29.412,26.857,34.048,42.583,50.007,55.843,58.878,59.508,59.809,54.682,47.039,39.715,34.303,30.832,29.646,32.083,,38.736,37.866,38.185
train_0079,4,8,32.531,26.459,21.512,27.202,36.197,44.024,49.964,53.936,55.193,55.608,52.415,45.887,39.062,33.044,28.18,25.478,26.38,29.16,33.181,33.93,32.972
train_0079,5,8,25.124,19.72,20.794,28.664,36.563,43.164,48.61,51.52,51.773,50.747,45.344,38.786,32.745,27.955,24.355,22.434,24.029,27.444,31.31,30.96,30.566
train_0079,6,8,35.137,30.432,25.872,31.478,40.519,48.02,53.677,57.623,58.707,58.404,53.557,46.023,38.745,33.537,30.028,28.089,30.499,35.08,38.926,,37.835
train_0079,7,8,34.663,28.263,20.371,24.698,25.143,28.035,33.464,35.604,32.473,29.235,23.887,13.793,6.923,3.208,2.729,3.886,8.416,12.652,18.382,15.05,12.881
train_0079,8,8,32,23.701,19.115,17.605,26.227,37.292,44.006,45.03,42.452,38.956,33.19,25.069,17.686,13.012,14.931,18.399,22.57,29.057,36.643,32.552,28.052
train_0080,1,12,41.608,40.957,34.45,33.912,43.526,49.014,52.465,54.981,57.685,59.091,,58.092,54.807,50.282,46.773,42.911,36.163,30.507,16.376,25.204,
train_0080,2,12,35.16,34.284,32.245,25.521,35.822,40.518,44.19,47.736,51.064,52.196,52.416,50.573,47.788,43.862,40.357,36.664,30.729,25.634,9.9,21.164,
train_0080,3,12,,35.106,34.056,26.521,36.509,40.968,44.698,48.306,52.109,53.475,53.627,52.114,,45.853,41.703,36.992,31.059,26.03,13.822,18.674,22.965
train_0080,4,12,38.486,39.138,39.124,26.891,37.913,44.319,49.266,53.177,57.227,59.268,59.602,57.036,53.22,48.595,44.229,39.346,32.365,26.849,11.422,22.654,
train_0080,5,12,41.19,41.052,40.833,30.157,38.816,45.834,51.359,55.521,59.13,60.78,61.24,59.667,56.428,51.578,46.766,41.919,35.714,30.759,14.544,24.703,28.359
train_0080,6,12,37.55,,32.542,31.649,41.268,46.173,49.822,53.429,56.658,57.719,57.968,55.761,52.422,48.531,45.127,40.8,34.083,28.443,12.255,22.781,28.235
train_0080,7,12,37.915,37.966,37.057,26.672,38.474,44.188,48.806,53.216,57.675,,59.261,56.061,51.688,46.541,42.04,37.293,30.954,26.626,11.875,24.563,26.038
train_0080,8,12,39.146,38.643,38.362,28.407,36.793,,46.729,50.244,53.754,55.613,56.835,56.543,53.441,47.794,42.887,39.157,34.228,29.463,16.169,22.654,26.804
train_0080,9,12,37.811,37.152,36.457,25.647,34.907,41.092,45.756,49.685,53.699,55.357,55.314,53.306,,46.515,42.978,39.162,32.749,27.303,11.702,21.838,23.923
train_0080,10,12,33.989,35.102,36.187,26.388,33.241,39.198,43.989,48.36,52.311,54.125,54.62,53.359,50.112,45.588,41.63,,32.55,26.013,16.619,18.406,25.477
train_0080,11,12,36.05,36.264,35.503,25.79,35.85,41.032,45.893,49.68,52.49,53.49,53.993,52.551,49.989,45.965,41.448,36.872,31.393,26.499,14.467,18.797,23.419
train_0080,12,12,41.447,41.319,41.146,29.698,39.178,45.182,,54.142,58.152,59.61,59.856,58.764,55.787,50.874,46.167,41.939,,30.505,21.046,23.08,30.58
train_0081,1,12,31.638,24.11,20.064,26.979,35.792,42.427,46.97,49.059,49.386,48.056,41.083,33.222,27.639,,21.752,22.101,25.145,29.44,29.581,28.42,
train_0081,2,12,33.336,29.187,22.934,25.233,33.998,41.873,47.449,50.853,51.895,52.261,46.92,38.846,31.755,27.21,24.127,23.58,26.272,30.236,,29.033,28.52
train_0081,3,12,40.186,40.05,38.761,40.599,36.268,26.737,45.048,53.573,54.386,54.239,50.947,47.596,44.17,42.574,41.351,41.529,,45.418,45.901,46.317,46.368
train_0081,4,12,36.127,31.106,24.958,28.851,38.118,45.786,51.809,56.056,57.281,57.066,50.789,42.536,35.349,,26.475,26.825,30.288,,35.133,35.115,35.045
train_0081,5,12,16.553,18.003,19.187,20.792,22.42,24.198,26.703,29.351,31.706,34.806,38.527,42.153,45.598,48.926,52.75,56.768,60.155,62.021,62.88,63.534,63.467
train_0081,6,12,32.32,30.004,24.381,25.659,33.956,41.028,46.046,49.825,51.048,50.968,45.799,38.017,31.262,27.036,24.419,23.882,26.233,29.882,30.162,29.577,29.365
train_0081,7,12,36.497,30.591,24.859,32.793,35.795,41.131,36.658,39.162,35.118,28.591,24.869,18.137,13.523,7.208,4.572,12.213,20.769,23.552,23.165,20.634,18.964
train_0081,8,12,37.69,32.333,25.325,28.396,37.513,45.459,51.676,55.965,57.233,57.102,50.798,42.182,34.521,29.005,25.694,25.999,,34.706,34.773,33.704,32.59
train_0081,9,12,26.753,18.787,22.019,30.551,40.544,46.891,50.367,50.403,43.315,,38.495,41.772,40.674,37.145,35.543,37.976,42.555,46.009,43.987,38.629,36.452
train_0081,10,12,36.519,28.929,24.256,30.749,39.231,46.159,52.141,55.204,55.157,54.032,48.326,40.98,34.609,30.066,27.348,27.857,30.573,34.389,34.235,34.056,
train_0081,11,12,34.213,,24.632,23.398,32.102,40.361,46.078,50.552,52.37,52.438,47.418,39.42,32.444,27.82,25.069,24.809,27.231,30.864,31.037,29.857,
train_0081,12,12,29.519,,18.541,21.181,30.337,38.228,43.748,47.705,49.173,,44.381,36.896,29.919,25.044,22.223,21.513,23.517,27.194,28.151,27.373,27.258
train_0082,1,8,40.192,39.462,30.502,34.547,44.375,50.572,55.484,59.685,62.108,62.462,61.755,59.237,55.405,50.754,46.096,39.807,31.589,25.724,13.532,26.713,28.103
train_0082,2,8,40.019,39.982,31.527,34.261,43.076,48.55,53.627,58.599,62.346,63.414,63.133,60.587,56.93,52.276,48.099,43.143,35.549,29.842,10.881,25.229,29.176
train_0082,3,8,40.72,40.514,28.546,41.314,47.579,52.556,56.759,60.745,62.236,62.189,60.687,57.987,53.912,49.671,45.65,40.151,32.925,27.26,14.234,27.068,28.838
train_0082,4,8,39.065,40.281,30.961,36.792,43.848,48.899,,58.433,61.755,62.776,61.201,57.879,54.07,49.956,,38.42,30.071,21.733,18.054,28.236,28.551
train_0082,5,8,37.622,37.172,25.471,34.046,40.961,,50.405,54.017,56.771,58.34,,54.704,49.699,44.971,41.278,36.284,29.52,23.139,15.158,25.476,25.494
train_0082,6,8,40.435,40.977,31.414,35.148,43.159,48.793,53.766,58.333,61.534,62.652,62.505,59.471,55.043,50.056,45.387,39.735,31.988,27.037,9.937,,27.914
train_0082,7,8,,39.681,27.296,38.327,45.253,50.878,55.595,,,64.001,62.578,58.984,53.879,49.211,45.287,39.614,32.651,24.32,19.743,29.236,29.471
train_0082,8,8,41.245,40.512,,,42.702,48.787,54.312,59.425,63.348,64.472,,61.271,57.178,52.242,47.976,43.106,35.396,29.443,9.622,23.339,27.16
train_0083,1,8,40.52,33.123,31.366,40.106,50.181,57.859,63.545,67.602,69.39,69.968,64.807,56.099,47.171,40.507,36.084,33.574,34.408,37.715,42.546,44.374,44.325
train_0083,2,8,38.47,34.706,29.554,35.022,45.134,53.712,,64.583,65.846,65.995,62.493,,46.086,38.602,33.408,31.295,33.332,37.212,41.957,42.099,41.553
train_0083,3,8,,36.077,31.209,38.81,49.311,57.531,63.924,68.573,69.766,69.315,64.788,56.589,48.283,41.77,36.967,33.861,34.315,37.899,,45.316,45.049
train_0083,4,8,45.21,37.259,30.683,37.299,47.9,56.723,63.322,67.938,69.493,69.735,66.738,59.138,50.211,42.996,38.411,35.753,,37.865,42.279,44.501,44.43
train_0083,5,8,36.333,30.78,25.557,30.982,40.626,48.686,53.933,,58.772,59.8,57.555,50.595,42.108,35.159,30.41,27.396,28.086,32.024,36.792,,36.327
train_0083,6,8,34.63,29.584,25.109,,41.698,49.892,56.108,59.803,60.328,59.998,54.855,47.164,39.92,34.831,31.497,29.766,31.573,35.101,38.421,37.229,
train_0083,7,8,40.145,32.977,29.646,38.27,48.693,57.024,63.472,66.967,67.449,67.175,61.025,52.196,43.597,37.47,34.097,32.979,35.139,38.68,42.19,41.387,40.945
train_0083,8,8,41.865,34.299,32.76,41.971,52.24,60.367,66.377,69.615,69.864,69.574,64.125,55.665,47,40.369,36.115,,35.267,39.008,43.939,,42.405
train_0084,1,8,36.023,30.702,25.642,41.087,47.222,50.769,52.974,54.84,56.846,57.114,56.376,,49.645,43.186,33.27,28.663,31.264,35.87,36.701,36.138,35.429
train_0084,2,8,37.99,36.248,27.173,38.014,47.112,51.058,53.6,55.592,57.815,58.702,58.829,57.608,53.277,46.439,36.672,29.774,32.367,36.915,38.53,38.81,39.338
train_0084,3,8,37.415,34.667,26.509,38.824,44.84,,51.603,54.431,56.632,56.82,55.775,52.823,48.632,42.982,34.021,29.678,32.153,36.229,36.57,36.193,36.32
train_0084,4,8,37.169,35.302,25.111,35.861,45.546,49.771,52.322,54.414,57.229,59.028,59.217,57.083,52.538,45.619,34.973,28.326,31.314,36.56,38.196,38.174,37.66
train_0084,5,8,,32.13,22.503,36.01,43.538,47.854,51.323,54.255,56.748,56.778,55.462,51.828,46.753,39.881,29.903,28.567,32.812,37.324,36.694,35.111,34.639
train_0084,6,8,,29.933,23.891,39.913,46.334,50.515,53.53,55.988,58.158,58.38,57.528,54.282,49.225,41.364,30.322,27.515,30.747,35.262,35.606,35.288,35.027
train_0084,7,8,32.777,31.504,22.649,33.394,41.682,45.607,48.545,50.916,53.338,53.948,53.18,50.316,45.226,38.324,29.011,25.495,,33.729,34.356,33.355,32.343
train_0084,8,8,40.55,39.247,30.948,34.554,48.183,52.794,55.491,57.589,60.17,61.947,62.256,60.032,54.809,47.588,37.299,32.448,36.091,40.812,40.133,39.222,39.864
train_0085,1,8,39.697,30.695,28.143,44.586,51.173,55.345,58.104,60.66,63.376,63.813,62.328,58.868,54.451,48.717,38.923,29.79,31.564,35.931,39.01,39,38.812
train_0085,2,8,25.92,16.371,9.356,42.745,47.79,50.122,51.197,48.983,45.831,36.789,49.517,57.552,57.968,53.326,46.485,39.124,,,43.383,40.769,38.675
train_0085,3,8,39.553,29.189,34.38,46.893,51.483,55.051,58.05,60.604,62.407,61.879,60.441,57.843,53.431,47.114,38.17,29.119,30.765,,38.558,,37.324
train_0085,4,8,34.13,26.879,26.267,41.229,46.528,50.009,52.661,55.093,57.559,,57.756,54.866,49.696,43.274,34.128,25.655,27.322,31.075,33.528,32.827,32.07
train_0085,5,8,37.739,32.512,26.047,42.125,48.141,52.434,55.93,58.415,60.545,61.308,61.169,59.439,54.864,48.146,38.497,28.538,30.22,34.364,38.216,38.162,37.632
train_0085,6,8,36.785,,25.987,41.444,47.255,50.584,52.776,54.844,57.32,58.379,58.054,56.648,52.995,47.995,40.287,29.762,27.464,30.119,34.698,35.123,34.344
train_0085,7,8,34.528,30.444,22.792,38.312,45.486,49.171,51.473,52.986,,55.903,55.703,53.905,49.475,43.563,35.454,25.638,25.526,28.97,33.296,33.059,32.077
train_0085,8,8,30.254,20.73,11.768,41.071,47.546,50.539,51.886,51.071,49.905,43.615,52.182,58.12,58.64,54.424,46.553,37.52,38.747,39.322,41.692,39.491,38.109
train_0086,1,8,33.745,30.176,23.643,36.089,40.32,43.743,46.765,48.735,50.795,51.744,51.182,48.062,43.472,37.313,28.764,24.568,27.28,30.846,31.353,31.023,31.046
train_0086,2,8,35.166,27.966,28.563,,44.707,47.987,50.165,51.709,,52.615,51.59,48.85,44.623,39.204,31.38,25.702,27.615,30.893,32.339,31.993,31.082
train_0086,3,8,,25.162,30.949,42.328,46.104,48.51,51.156,53.085,53.431,52.909,52.992,50.543,45.846,40.293,32.452,27.264,29.201,32.19,32.225,31.905,32.704
train_0086,4,8,36.035,29.786,25.022,39.674,45.113,48.039,50.454,53.183,55.065,54.757,53.502,49.75,44.581,37.673,28.224,25.768,28.331,,32.097,32.137,32.679
train_0086,5,8,35.862,31.971,26.078,40.757,45.924,49.36,52.319,54.924,,56.205,55.228,52.817,48.309,41.322,31.748,27.745,30.37,34.668,35.657,35.88,36.097
train_0086,6,8,,29.087,27.574,41.673,46.326,49.244,51.304,53.137,55.224,55.561,54.333,51.2,46.785,40.923,31.996,25.116,27.13,31.02,33.08,33.017,32.239
train_0086,7,8,36.923,33.933,25.389,37.519,43.653,,48.94,51.021,53.204,54.057,53.859,51.991,47.594,41.397,32.758,26.033,28.193,31.912,33.448,33.012,32.188
train_0086,8,8,29.989,21.103,25.2,36.922,41.577,44.71,47.001,48.322,48.692,48.303,47.95,45.09,40.28,34.297,26.783,23.354,25.134,28.451,28.969,28.01,27.337
train_0087,1,16,,28.018,33.666,42.195,50.579,57.58,,63.849,65.141,64.298,62.301,60.47,56.241,51.702,47.682,41.073,34.549,24.32,14.122,23.997,23.707
train_0087,2,16,40.734,32.355,32.313,41.934,50.132,58.122,,,68.087,67.734,65.064,64.305,61.062,55.14,50.563,42.979,36.422,27.548,13.172,18.931,
train_0087,3,16,,28.98,28.507,38.147,46.257,52.957,57.406,60.386,61.816,61.114,59.527,58.532,55.023,50.676,45.222,37.407,30.029,,11.705,20.639,20.885
train_0087,4,16,43.749,35.916,30.514,39.415,48.126,57.69,64.596,67.871,69.763,70.429,67.634,65.72,62.233,57.318,53.259,45.854,39.337,30.715,15.374,17.338,24.303
train_0087,5,16,41.938,35.928,32.48,42.615,51.126,59.311,64.724,67.643,,68.919,65.792,64.67,61.53,56.22,,43.383,,,13.446,24.604,25.119
train_0087,6,16,41.949,36.179,27.2,36.726,45.731,54.364,59.853,62.104,63.962,65.387,63.925,63.025,59.079,53.112,48.472,40.941,34.404,23.967,10.487,21.421,21.641
train_0087,7,16,45.535,35.716,34.471,44.071,52.558,60.84,66.397,69.285,71.228,71.651,69.521,67.883,63.585,57.803,52.427,43.903,36.557,25.696,13.388,25.268,25.738
train_0087,8,16,43.076,32.916,37.605,24.318,41.329,54.287,60.515,60.049,58.207,54.473,46.313,38.079,30.724,24.886,27.897,27.928,,28.021,22.963,37.829,28.558
train_0087,9,16,36.719,26.464,29.823,38.599,46.933,54.739,59.835,62.299,63.355,63.154,61.477,60.137,55.793,50.286,45.953,38.139,31.092,21.775,9.177,19.183,21.373
train_0087,10,16,40.161,,30.54,41.231,50.561,58.849,64.028,66.875,68.615,68.279,65.98,64.339,59.766,54.051,48.713,41.323,34.5,22.454,13.433,23.979,24.375
train_0087,11,16,41.669,30.899,21.639,16.902,23.55,24.521,30.71,32.593,29.83,27.015,24.699,19.858,15.777,12.409,11.587,8.341,5.185,1.997,2.149,2.433,2.945
train_0087,12,16,39.571,31.558,27.122,36.986,45.536,53.485,58.976,61.674,62.967,62.914,60.122,58.865,56.031,51.484,47.726,40.367,34.025,25.378,11.43,17.867,20.95
train_0087,13,16,38.612,32.915,27.408,37.567,46.237,54.886,61.33,64.52,66.364,67.083,64.554,63.026,59.355,53.926,49.514,41.721,35.113,25.348,10.817,20.691,22.315
train_0087,14,16,43.865,36.489,,,50.843,59.437,65.404,68.397,70.394,71.004,68.417,66.497,62.525,57.016,51.908,,37.518,,12.071,22.74,22.956
train_0087,15,16,44.323,36.566,30.917,40.43,48.998,57.536,63.795,67.498,69.953,70.657,68.002,66.442,62.627,57.214,53.369,45.977,39.233,29.472,13.929,21.029,25.095
train_0087,16,16,34.913,25.302,27.877,36.377,44.067,50.645,54.987,57.94,60.079,60.401,,56.931,52.989,47.625,43.4,36.97,31.552,22.845,10.053,18.246,18.256
train_0088,1,8,32.831,26.079,22.601,29.78,38.312,44.568,49.605,,53.681,53.724,48.627,40.982,33.741,28.951,26.425,26.382,29.361,,,34.391,34.284
train_0088,2,8,37.277,30.685,24.526,29.947,39.624,47.807,53.805,57.519,58.324,57.398,50.971,43.467,,32.298,28.84,28.702,31.626,36.258,36.765,36.299,35.57
train_0088,3,8,34.659,33.394,26.985,25.969,34.11,42.733,49.501,54.118,55.761,56.329,52.357,44.151,35.626,29.93,,27.012,29.454,33.269,34.348,34.151,35.834
train_0088,4,8,33.04,27.383,21.651,26.326,35.846,44.493,,55.463,56.163,55.373,49.509,41.683,34.351,28.783,24.785,23.879,27.159,31.927,33.126,32.365,32.474
train_0088,5,8,32.763,28.122,22.827,26.67,35.051,42.821,49.483,53.889,54.939,54.582,48.682,40.68,33.596,28.875,26.339,26.514,29.133,32.844,32.952,,32.478
train_0088,6,8,37.549,34.506,27.368,26.863,35.72,44.834,52.02,57.065,58.783,58.749,53.643,44.945,37.089,31.949,28.796,27.687,30.155,34.446,35.92,35.027,35.047
train_0088,7,8,35.576,32.143,28.234,26.758,24.908,29.585,36.203,39.764,37.888,35.593,30.227,20.564,13.529,9.587,7.481,7.713,11.839,17.561,20.827,18.219,15.411
train_0088,8,8,33.693,27.229,21.862,27.465,36.615,43.751,48.954,52.253,53.416,,48.241,40.341,33.232,28.66,26.471,27.013,29.599,33.005,32.796,31.783,31.714
train_0089,1,12,46.829,37.779,29.982,35.398,46.671,56.496,64.135,69.486,71.001,70.382,,55.189,45.899,38.926,,33.315,35.615,39.647,43.282,42.188,42.73
train_0089,2,12,33.945,27.135,31.557,,44.437,53.763,59.739,60.83,52.013,45.065,57.106,58.958,54.362,48.02,44.503,43.691,45.768,47.368,46.682,43.095,42.884
train_0089,3,12,47.401,43.325,33.757,33.437,45.313,56.359,64.059,69.839,72.313,72.92,67.722,57.3,46.77,39.074,34.357,32.688,35.709,40.769,43.493,42.844,43.497
train_0089,4,12,39.254,37.524,29.6,27.198,36.769,47.323,55.138,60.395,62.137,61.824,58.307,49.816,40.949,34.278,29.577,,29.307,33.964,37.454,35.784,34.802
train_0089,5,12,40.935,39.002,31.252,30.324,41.183,51.94,59.447,64.52,65.903,,61.03,52.63,44.002,37.331,32.786,30.615,,37.279,40.624,40.363,40.779
train_0089,6,12,38.602,34.502,,28.038,38.775,48.572,55.531,60.261,61.696,61.845,58.121,49.789,40.407,33.093,,,29.422,34.413,38.327,37.694,37.409
train_0089,7,12,39.978,31.959,24.986,31.459,43.038,51.719,57.821,62.412,63.905,63.503,56.997,,39.579,33.464,29.136,26.918,28.982,33.532,36.657,35.728,36.188
train_0089,8,12,43.168,34.892,27.591,33.777,45.306,55.038,62.489,67.364,68.419,,62.312,52.886,43.682,36.831,32.4,31.26,34.825,40.04,42.236,40.214,
train_0089,9,12,42.038,41.93,33.497,28.317,36.943,48.414,57.193,63.464,66.8,67.287,64.84,56.335,46.719,38.689,32.718,29.229,30.819,35.408,39.619,38.67,39.069
train_0089,10,12,45.429,,32.253,31.591,41.798,51.833,59.54,,68.74,69.034,66.094,57.663,48.004,40.158,34.631,31.582,32.995,36.838,41.596,41.038,41.104
train_0089,11,12,41.863,40.716,31.564,27.565,37.062,48.045,56.214,,64.513,64.917,62.378,54.123,45.127,38.15,33.127,29.751,30.826,35.075,40.041,40.158,40.841
train_0089,12,12,32.689,,33.177,33.687,44.971,53.852,59.414,60.085,51.057,,56.816,59.322,54.673,48.286,45.744,46.191,48.003,48.252,46.715,43.48,43.95
train_0090,1,12,41.459,41.775,30.668,39.236,46.829,51.808,55.496,58.711,,64.012,65.459,63.702,60.452,56.244,52.03,47.374,41.229,34.282,29.244,16.226,29.047
train_0090,2,12,39.326,39.413,28.93,35.948,43.456,48.68,53.316,57.608,61.664,63.701,64.563,62.707,59.386,54.998,50.699,46.719,41.557,34.06,29.038,,25.078
train_0090,3,12,41.811,41.458,31.491,36.351,44.49,49.714,54.963,60.103,64.107,64.967,64.777,62.573,59.354,55.171,51.498,47.84,42.022,34.223,27.924,14.895,26.686
train_0090,4,12,46.14,46.023,32.305,43.653,50.653,56.586,61.156,,68.166,,69.397,67.087,64.081,60.402,56.983,52.652,,37.924,33.377,17.707,32.252
train_0090,5,12,39.497,38.555,32.156,46.394,49.577,54.06,57.776,60.714,59.283,46.198,58.826,68.156,69.84,66.732,64.178,62.25,57.433,49.4,44.453,,39.294
train_0090,6,12,40.644,40.86,29.389,40.193,45.402,,54.019,58.413,61.293,62.178,62.86,60.89,57.624,53.996,50.85,47.605,42.688,35.265,30.563,12.143,24.404
train_0090,7,12,41.961,40.422,21.593,29.036,40.268,47.685,52.894,56.529,59.034,,57.911,54.598,51.02,46.791,45.466,44.674,40.055,34.52,30.756,12.782,23.654
train_0090,8,12,43.872,43.164,29.898,40.75,,54.551,58.636,62.522,65.972,67.812,68.322,65.874,62.299,57.404,,48.618,41.487,34.107,21.62,23.499,32.2
train_0090,9,12,46.911,46.074,32.386,44.943,52.551,58.485,,67.195,70.212,71.114,70.791,67.992,64.49,59.954,55.876,,45.16,,27.183,23.147,32.797
train_0090,10,12,44.79,,,43.506,49.425,54.806,58.831,62.429,,66.622,67.137,65.048,61.822,57.394,53.226,48.971,42.514,35.64,27.743,21.171,32.641
train_0090,11,12,39.687,39.632,39.988,41.27,29.879,16.499,37.783,45.121,44.971,44.631,44.583,43.673,43.728,43.524,42.565,41.207,41.112,41.384,42.526,43.557,46.287
train_0090,12,12,43.816,43.911,,40.749,47.584,52.793,57.051,61.222,65.042,66.787,67.246,64.802,60.976,55.74,51.254,47.504,42.206,35.831,30.26,17.606,29.532
train_0091,1,16,33.037,22.83,30.259,36.515,40.598,44.155,47.606,50.713,51.705,51.914,51.014,,44.47,40.575,37.239,33.816,29.038,23.838,19.764,8.376,18.626
train_0091,2,16,31.406,20.863,27.923,,37.454,,43.933,47.622,49.509,49.843,48.607,45.92,42.446,38.414,35.332,32.433,27.95,22.975,19.99,7.301,17.959
train_0091,3,16,36.246,,28.662,36.445,40.768,44.317,47.268,50.57,52.456,52.636,52.257,50.518,48.321,45.07,41.699,38.848,35.119,29.11,24.742,9.486,17.928
train_0091,4,16,32.416,23.238,28.409,35.028,39.403,42.579,45.666,48.822,49.658,49.297,47.833,46.048,43.468,39.999,36.573,32.89,27.821,23.638,11.778,14.185,17.694
train_0091,5,16,31.773,25.606,25.931,33.397,36.789,40.278,43.293,45.868,47.781,48.699,48.357,46.032,43.285,40.613,38.311,35.39,30.948,25.388,22.477,9.461,19.366
train_0091,6,16,30.502,21.956,30.71,34.436,37.337,40.325,43.654,47.096,48.731,48.772,46.804,44.111,41.172,,,33.258,28.657,,17.519,12.589,20.058
train_0091,7,16,32.653,27.72,24.601,32.296,36.144,39.618,42.467,45.394,47.091,47.437,46.968,45.376,42.65,38.61,35.12,,27.375,22.264,17.635,9.712,18.355
train_0091,8,16,37.163,27.466,30.71,38.393,42.816,46.237,,52.584,54.127,54.341,53.003,50.243,47.259,44.212,41.454,37.921,32.297,26.199,20.078,11.641,21.917
train_0091,9,16,33.381,24.246,30.002,37.227,41.536,44.941,47.83,50.508,51.596,52.167,52.097,50.294,47.325,43.624,40.582,37.558,32.792,27.269,23.449,10.84,21.819
train_0091,10,16,34.536,25.701,,35.875,39.994,43.383,46.264,48.579,49.205,49.494,48.908,47.304,44.79,41.245,37.627,33.94,29.003,24.398,16.566,14.042,20.065
train_0091,11,16,23.327,22.866,25.612,29.124,31.218,32.885,33.81,35.235,36.652,38.054,40.275,42.693,44.095,44.634,45.652,47.563,48.287,48.559,49.997,47.874,
train_0091,12,16,35.339,27.333,29.154,,28.8,28.428,31.637,34.532,33.373,31.889,31.12,27.227,24.503,22.387,21.324,20.697,17.441,13.238,7.938,1,3.685
train_0091,13,16,33.767,24.5,32.503,37.613,41.335,44.562,47.516,49.841,50.452,50.641,,47.048,43.281,39.822,37.499,,29.682,25.367,17.656,15.633,22.536
train_0091,14,16,32.758,28.628,24.725,34.344,38.38,41.388,44.21,47.814,50.405,50.788,49.773,47.042,44.262,41.142,38.51,35.768,31.13,24.752,20.3,6.153,17.619
train_0091,15,16,32.385,22.979,29.268,34.73,38.668,42.256,45.6,48.784,50.335,50.7,49.553,46.952,,40.228,37.212,34.461,30.425,25.541,22.4,10.702,21.522
train_0091,16,16,33.847,28.175,28.348,36.105,40.451,44.15,47.013,,51.15,51.051,49.834,,44.921,,39.206,35.763,30.442,24.995,19.028,12.981,21.111
train_0092,1,8,38.633,36.063,37.095,37.808,47.09,55.444,60.685,62.888,60.999,51.777,56.1,63.863,,61.035,58.242,52.169,45.781,36.055,,26.651,28.929
train_0092,2,8,42.99,37.039,,,43.997,52.337,58.481,61.772,63.775,64.068,61.198,60.069,57.347,,48.15,40.649,34.157,24.417,10.858,21.269,21.888
train_0092,3,8,39.706,34.184,25.579,34.759,42.958,51.2,57.118,60.188,62.444,62.913,59.798,58.509,55.467,50.132,45.636,38.11,31.828,22.181,8.165,17.517,16.889
train_0092,4,8,37.309,28.143,30.94,39.848,48.026,55.075,59.32,61.681,63.037,62.544,60.083,58.405,54.752,50.112,45.963,38.87,33.137,24.476,12.317,22.133,23.598
train_0092,5,8,38.869,30.151,25.483,34.992,43.728,51.928,57.468,60.103,62.01,63.077,60.694,59.405,56.48,51.24,46.956,40.284,34.051,26.306,13.013,13.826,20.793
train_0092,6,8,37.387,33.068,24.989,34.217,43.138,52.334,58.613,61.35,63.001,63.474,61.091,59.962,57.03,51.622,47.412,40.718,34.065,25.524,10.676,12.017,18.286
train_0092,7,8,40.566,36.33,26.531,33.117,41.095,49.387,56.321,60.342,62.679,63.262,61.079,59.634,56.152,50.801,46.987,40.324,33.999,25.149,11.76,19.626,22.759
train_0092,8,8,40.43,32.237,30.329,40.498,49.404,57.472,63.035,65.971,67.487,67.398,64.142,62.541,59.566,54.549,50.399,43.396,37.282,28.631,13.961,17.136,22.27
train_0093,1,12,33.66,27.172,30.33,,48.001,54.828,59.969,62.229,62.185,60.776,54.123,46.053,38.784,33.447,30.067,28.241,29.586,32.883,37.212,37.629,37.925
train_0093,2,12,29.699,24.965,31.94,41.396,48.875,54.927,59.516,60.873,60.788,58.032,51.04,42.867,35.853,30.848,27.873,27.559,30.053,33.388,35.101,33.773,33.872
train_0093,3,12,26.283,22.598,29.219,38.772,46.694,53.383,58.581,60.115,59.695,55.831,48.093,39.565,32.613,27.701,24.579,24.771,27.842,32.014,33.07,32.514,33.053
train_0093,4,12,31.683,26.025,31.411,40.709,48.718,55.018,59.788,61.839,62.395,62.128,56.049,47.238,38.783,32.886,29.294,27.2,28.327,31.566,36.091,36.03,34.387
train_0093,5,12,26.443,21.956,28.405,38.228,46.638,52.816,56.787,57.927,57.871,54.992,47.86,40.243,33.87,28.753,25.334,25.009,,32.002,34.459,33.6,33.353
train_0093,6,12,,24.019,30.095,39.26,46.958,53.314,58.271,59.898,59.341,57,50.5,42.559,35.027,29.666,26.413,24.752,26.43,30.386,34.376,33.465,33.334
train_0093,7,12,23.884,19.393,21.176,30.695,39.818,46.026,49.887,51.96,52.628,51.158,44.2,36.886,31.192,26.497,22.706,21.021,23.321,26.983,29.724,28.115,27.881
train_0093,8,12,29.093,22.837,27.906,33.768,41.472,49.181,53.333,53.062,51.331,47.668,40.514,33.342,26.806,21.904,20.821,22.152,,30.283,34.398,31.038,28.971
train_0093,9,12,26.215,21.096,26.312,34.587,41.777,47.504,,53.244,53.458,52.64,47.213,40.055,32.927,27.699,24.54,22.575,23.639,26.728,31.071,31.658,31.607
train_0093,10,12,28.346,,26.229,31.856,38.971,47.209,52.296,52.543,51.02,48.155,41.389,33.845,26.6,21.469,20.298,21.642,,30.672,,31.985,29.263
train_0093,11,12,25.758,17.997,22.639,40.414,48.77,54.154,57.963,57.948,52.986,39.988,38.453,39.912,38.9,36.231,33.991,33.348,36.083,39.017,38.196,36.419,35.78
train_0093,12,12,29.564,26.184,29.293,38.094,46.286,52.984,58.139,60.535,61.02,60.567,54.001,45.023,37.065,,29.543,28.369,29.749,32.9,36.598,36.111,36.304
train_0094,1,8,40.971,36.667,26.196,31.535,40.07,48.312,54.652,58.061,60.418,61.659,59.727,58.456,54.978,49.548,45.533,38.978,33.35,23.653,12.56,22.421,22.81
train_0094,2,8,35.68,31.644,22.446,,37.662,45.94,51.892,54.959,57.374,58.298,55.976,54.841,51.317,,42.28,36.301,29.485,16.907,10.35,19.079,19.598
train_0094,3,8,26.339,36.838,50.672,62.785,61.719,50.123,38.972,32.518,30.62,29.26,28.123,26.821,26.889,29.351,35.709,44.565,49.662,44.492,32.285,23.473,16.989
train_0094,4,8,45.125,42.32,32.091,33.187,42.982,52.363,60.237,64.374,66.566,68,66.868,65.928,62.775,56.832,51.486,,36.405,26.752,12.995,,24.997
train_0094,5,8,39.622,34.8,24.752,32.615,41.264,49.751,55.814,58.648,60.497,61.376,59.182,58,54.799,50.333,46.816,39.309,32.057,21.284,10.365,20.98,21.382
train_0094,6,8,41.993,37.714,27.382,,44.715,53.892,60.775,64.228,66.202,66.917,64.44,62.896,58.706,52.992,47.869,40.028,,20.316,13.613,22.197,
train_0094,7,8,41.131,34.717,25.947,,42.939,50.809,57.19,60.706,62.636,63.137,61.13,60.267,56.872,51.49,46.14,37.725,30.851,20.478,10.058,20.523,20.93
train_0094,8,8,39.273,,25.674,33.924,43.018,51.973,58.005,60.532,62.469,63.082,60.341,59.182,55.88,50.769,45.694,38.295,31.257,18.602,13.144,,20.159
train_0095,1,8,36.352,36.323,25.43,36.484,42.578,47.302,50.544,53.378,55.632,56.637,56.749,54.311,50.378,45.755,42.189,38.602,33.246,27.994,20.77,16.876,25.371
train_0095,2,8,31.458,34.451,32.161,30.6,30.766,30.132,30.652,30.396,29.126,28.453,27.548,25.501,22.902,21.601,23.858,36.369,53.458,,30.277,,18.418
train_0095,3,8,39.332,40.58,37.346,31.889,42.627,47.986,51.894,55.193,58.811,60.308,60.525,58.691,56.105,52.468,48.521,44.226,38.022,30.649,24.458,16.839,27.116
train_0095,4,8,,36.049,26.632,33.286,40.356,44.266,47.986,51.77,54.083,54.243,54.395,53.031,50.489,46.22,42.629,39.561,34.66,,23.347,12.728,22.775
train_0095,5,8,28.264,25.114,13.289,21.758,43.773,47.823,50.73,52.146,47.542,26.177,48.001,59.951,63.221,60.948,,58.325,53.614,43.99,37.829,24.088,34.694
train_0095,6,8,38.81,38.237,29.073,30.456,39.358,44.833,49.285,53.322,57.466,59.092,58.9,57.071,54.569,50.919,46.493,42.12,,31.948,27.911,11.094,21.412
train_0095,7,8,,36.448,29.888,29.804,37.794,42.683,47.209,51.24,54.516,55.561,56.239,54.784,,45.991,41.51,37.972,32.927,26.995,19.639,16.233,24.412
train_0095,8,8,33.028,33.466,24.525,30.762,38.611,42.653,45.439,48.769,,53.477,54.312,52.093,48.404,44.351,41.061,37.203,31.043,24.983,16.593,15.027,22.369
train_0096,1,8,38.118,30.98,26.246,35.362,43.292,50.814,56.214,,60.868,60.441,58.827,56.95,52.644,48.372,42.946,36.707,29.308,15.872,17.446,24.117,24.24
train_0096,2,8,41.273,37.511,28.584,37.585,46.007,54.105,59.888,63.16,65.891,67.047,65.429,64.475,60.364,55.087,49.369,41.772,33.49,18.34,16.439,23.853,23.708
train_0096,3,8,34.679,27.962,,30.075,38.502,46.753,51.87,54.169,55.737,55.489,54.308,52.153,46.97,42.774,36.943,31.106,22.946,9.067,17.487,18.853,18.225
train_0096,4,8,40.745,35.545,29.01,38.569,46.651,54.664,60.104,62.774,64.906,66.041,64.863,63.844,59.573,53.952,48.299,40.998,33.653,20.051,15.092,23.545,23.257
train_0096,5,8,36.537,34.73,27.695,37.019,,48.919,48.837,50.845,51.198,48.994,49.664,,45.156,,32.595,30.105,24.31,7.821,13.324,16.251,14.408
train_0096,6,8,29.981,22.01,11.738,36.88,46.552,53.137,,56.657,51.924,30.557,51.181,62.404,63.561,60.17,55.295,50.304,43.838,28.421,31.179,33.835,32.339
train_0096,7,8,37.313,29.131,28.284,36.78,44.843,52.271,57.182,,63.099,62.38,60.505,58.1,53.557,49.453,43.902,37.287,28.436,13.342,14.938,21.587,20.964
train_0096,8,8,37.526,30.057,25.816,35.256,43.771,51.392,56.514,60.176,62.731,61.836,58.984,56.436,52.402,48.438,42.346,35.921,27.091,12.419,18.027,21.956,21.833
train_0097,1,8,38.08,33.747,29.012,38.482,46.445,54.197,59.518,61.857,63.441,64.181,61.969,60.825,58.222,53.96,50.305,43.384,37.062,28.679,14.917,18.647,22.099
train_0097,2,8,39.242,35.6,29.294,38.959,47.795,56.25,61.76,64.091,65.855,,65.014,63.082,59.128,54.293,,43.425,36.252,26.558,12.915,21.836,
train_0097,3,8,38.999,29.915,30.74,39.419,47.154,54.042,58.272,60.496,61.817,61.745,59.915,58.58,54.877,50.013,45.532,38.127,31.379,21.488,10.54,21.021,20.952
train_0097,4,8,37.981,29.951,32.695,41.229,49.646,57.294,61.379,63.105,63.763,62.882,61.815,60.479,56.653,52.531,47.173,40.04,32.822,20.467,14.314,22.556,22.495
train_0097,5,8,39.331,30.052,30.632,,,,54.406,57.438,55.473,54.423,54.023,53.198,50.423,44.561,40.031,35.166,,21.802,7.658,17.153,17.311
train_0097,6,8,44.148,34.415,36.32,45.503,53.827,61.58,66.367,68.752,70.418,70.602,67.868,66.604,63.466,58.31,54.014,46.476,40.065,31.097,15.717,18.609,24.128
train_0097,7,8,36.396,26.741,32.166,39.927,47.072,53.216,57.237,59.777,61.066,60.368,58.733,56.743,52.327,47.496,42.878,36.491,31.068,21.981,12.431,21.945,21.879
train_0097,8,8,37.642,28.942,30.078,39.212,47.104,53.784,57.852,60.267,62.05,62.428,60.639,59.561,55.768,50.427,45.914,38.266,32.323,23.949,11.337,20.339,20.943
train_0098,1,8,36.648,34.744,24.673,29.223,42.274,47.839,51.857,55.075,58.276,,59.45,57.47,53.256,47.839,39.797,,28.437,31.936,36.062,36.011,35.659
train_0098,2,8,43.352,40.045,29.227,37.954,48.863,,57.264,60.365,63.24,65.158,65.076,64.23,60.732,55.638,49.138,39.351,,35.586,39.81,41.196,40.416
train_0098,3,8,42.662,39.351,28.878,41.774,52.306,56.7,60.241,63.185,65.499,66.172,65.432,64.331,61.18,,46.508,33.781,32.569,36.648,42.075,41.896,
train_0098,4,8,41.578,38.884,27.836,40.216,50.176,54.583,57.668,,62.925,64.33,63.724,61.763,57.475,51.02,40.948,30.269,32.549,37.306,41.088,40.784,40.005
train_0098,5,8,41.253,36.672,,,53.271,58.061,60.921,63.412,66.868,68.427,67.488,64.571,58.992,52.505,43.64,,33.185,37.125,41.107,40.441,39.892
train_0098,6,8,40.666,36.693,26.428,41.452,49.864,54.873,59.137,62.379,65.252,66.433,65.671,63.687,59.224,53.115,43.883,31.946,31.391,35.022,,39.252,38.186
train_0098,7,8,41.158,39.547,,35.226,49.179,54.478,57.422,59.501,61.656,63.391,63.381,62.366,58.465,53.111,45.84,35.101,30.917,33.601,38.259,39.322,39.79
train_0098,8,8,42.828,,,42.452,50.708,55.542,59.151,61.647,64.227,65.996,66.077,64.587,59.701,53.258,44.923,33.884,31.394,34.973,40.441,41.217,40.389
train_0099,1,8,32.511,28.02,26.702,32.796,32.61,34.323,38.454,38.731,35.378,31.048,24.328,13.887,7.401,3.139,2.016,3.015,8.228,13.771,20.084,16.856,14.506
train_0099,2,8,33.169,29.536,30.736,40.111,48.79,,59.592,61.755,61.756,60.357,53.791,46.085,39.458,34.79,31.788,30.743,32.996,36.915,39.618,38.617,38.363
train_0099,3,8,32.772,27.483,28.803,37.93,46.968,54.123,59.293,61.209,60.99,59.734,53.302,45.214,37.817,,,29.911,32.126,35.34,38.209,37.899,38.806
train_0099,4,8,27.359,23.868,25.651,33.894,41.543,46.957,50.912,52.759,52.829,51.428,45.445,38.566,32.704,28.296,25.251,23.989,25.677,29.09,,,31.738
train_0099,5,8,31.503,27.471,32.006,40.249,47.081,52.54,57.298,59.73,60.294,56.744,49.168,41.73,35.859,,28.303,29.018,32.383,36.947,37.998,36.992,35.789
train_0099,6,8,,28.307,35.843,45.085,52.544,58.461,62.667,63.936,64.12,60.938,54.135,46.243,39.471,34.518,31.298,30.883,,37.76,39.673,38.589,38.674
train_0099,7,8,29.146,24.367,33.355,43.417,45.737,49.653,45.786,46.094,43.496,38.918,33.546,28.123,24.339,19.238,14.24,18.656,25.25,27.118,27.455,24.89,23.426
train_0099,8,8,29.345,27.186,34.947,43.922,50.876,56.329,60.182,61,60.647,,50.398,42.162,35.704,31.653,29.268,28.893,31.486,35.743,39.014,38.195,37.977
train_0100,1,8,40.603,35.144,23.609,30.475,39.759,49.604,57.171,60.349,61.915,62.997,60.938,59.861,57.161,52.196,47.991,40.218,33.229,23.049,8.025,17.69,
train_0100,2,8,37.439,,22.583,30.301,38.151,46.141,52.359,55.541,57.513,58.479,56.728,55.871,52.956,47.854,43.506,36.108,29.893,20.869,7.149,15.649,16.568
train_0100,3,8,42.549,40.208,30.852,27.974,37.973,,55.325,59.811,61.77,62.631,61.307,60.597,58.506,53.363,48.371,40.242,,24.019,11.046,21.748,21.597
train_0100,4,8,39.88,37.839,29.196,31.898,40.875,49.101,55.592,58.728,60.619,61.665,59.891,,56.373,51.68,47.868,40.997,34.632,25.219,11.789,22.035,22.616
train_0100,5,8,39.174,44.395,31.261,,,51.677,57.776,58.961,53.973,41.246,55.619,64.387,66.943,,59.643,54.743,50.279,41.708,28.397,33.075,31.294
train_0100,6,8,44.032,39.639,28.417,32.496,41.319,51.133,59.304,63.129,64.946,66.015,64.749,63.803,61.443,56.037,51.135,44.292,37.451,29.447,15.392,17.308,23.214
train_0100,7,8,41.471,38.974,29.985,30.054,38.974,47.457,54.581,58.18,60.214,61.533,60.317,58.854,57.145,53.092,48.968,42.914,36.89,29.118,15.068,17.66,22.261
train_0100,8,8,43.737,39.618,29.22,32.809,42.078,50.699,57.641,61.402,,64.113,62.312,61.376,58.74,,50.23,44.057,38.019,28.336,13.317,21.722,23.133
train_0101,1,8,34.229,,,35.417,44.111,51.044,56.495,,60.714,61.312,56.839,48.819,40.329,34.269,30.488,28.44,29.611,32.96,37.272,37.598,35.727
train_0101,2,8,31.604,26.278,23.924,31.023,,47.724,52.614,54.997,55.267,55.183,50.649,43.476,36.463,31.579,28.074,25.378,26.093,29.444,33.225,32.841,31.422
train_0101,3,8,30.319,23.992,28.047,37.91,47.038,53.885,59.178,62.197,62.696,,56.377,48.284,39.864,33.081,28.669,26.763,28.449,31.98,36.593,37.786,36.971
train_0101,4,8,27.963,22.313,,,38.033,45.036,49.445,51.577,51.614,51.405,46.89,39.855,32.581,,25.136,23.45,24.134,26.865,31.049,31.384,30.861
train_0101,5,8,34.061,31.559,28.619,34.257,38.239,42.273,39.905,44.561,40.027,34.058,32.979,28.177,23.072,14.31,10.172,15.106,20.788,21.331,24.097,22.993,20.158
train_0101,6,8,32.253,25.272,22.582,30.409,39.82,46.984,52.245,55.959,57.292,57.331,54.044,46.933,39.282,32.984,28.424,25.753,25.475,28.38,32.428,35.434,34.433
train_0101,7,8,29.613,23.341,24.127,33.094,,48.304,52.836,55.834,56.345,55.773,51.352,44.362,36.957,31.272,,25.576,26.186,29.028,32.769,34.289,32.946
train_0101,8,8,32.941,25.904,26.852,35.377,44.692,52.114,57.129,59.727,60.52,60.422,54.962,47.44,40.039,34.026,,27.204,27.715,30.628,35.52,36.883,36.387
train_0102,1,12,40.029,31.924,33.354,42.075,46.671,50.316,53.429,,59.237,60.417,60.256,58.113,54.948,51.056,47.768,44.245,38.587,32.437,27.279,15.121,26.549
train_0102,2,12,33.135,27.383,27.742,36.693,41.569,45.634,49.232,53.246,55.767,56.425,55.533,53.096,49.843,46.372,43.88,40.74,,29.157,23.018,13.875,24.236
train_0102,3,12,41.358,36.87,34.22,44.526,49.616,54.276,58.61,62.766,64.324,64.272,64.104,61.967,58.382,54.207,50.644,46.808,40.929,,28.695,18.122,29.653
train_0102,4,12,36.409,33.807,28.561,,43.796,,52.163,56.123,58.42,59.445,59.575,57.764,54.436,50.121,46.591,42.957,37.231,31.262,23.56,18.646,27.128
train_0102,5,12,41.777,31.81,37.001,45.696,50.801,54.602,58.242,61.723,63.479,65.05,64.322,61.116,56.286,51.422,48.063,44.838,38.488,32.804,15.515,25.872,30.97
train_0102,6,12,40.528,28.715,38.164,45.339,50.851,55.294,58.675,61.718,63.343,64.298,63.038,60.334,56.094,51.327,,43.781,37.566,32.182,17.082,23.444,28.639
train_0102,7,12,41.266,30.432,38.122,44.641,49.851,53.968,57.064,60.096,61.78,63.111,63,61.121,57.657,53.294,49.202,45.173,39.565,34.301,25.666,21.996,32.583
train_0102,8,12,14.657,17.091,21.866,26.186,30.006,32.673,34.473,35.604,36.153,36.752,36.777,37.364,37.527,38.112,39.19,41.102,43.529,46.472,48.72,50.013,54.137
train_0102,9,12,36.694,28.18,31.762,38.709,43.211,46.835,49.654,52.994,55.685,57.463,57.549,54.673,50.728,46.917,44.182,41.612,37.949,32.088,27.636,11.079,22.484
train_0102,10,12,40.67,32.718,30.833,39.638,44.797,49.399,52.998,56.674,59.026,59.979,,58.348,55.282,51.643,48.662,45.218,39.811,33.009,28.604,12.126,25.879
train_0102,11,12,38.045,31.573,21.096,23.636,27.302,27.457,32.588,35.593,33.739,31.901,30.985,26.198,22.954,20.764,19.738,18.669,16.08,11.932,5.571,1,
train_0102,12,12,35.73,25.715,35.328,40.189,44.184,48.134,52.309,55.839,56.873,57.27,56.751,55.023,51.937,47.812,43.436,39.211,34.158,29.181,22.77,15.048,
train_0103,1,8,43.619,39.904,30.437,34.703,42.897,51.2,58.31,61.826,63.548,64.787,64.347,62.178,60.631,56.858,52.311,48.534,41.278,34.786,25.48,12.555,21.937
train_0103,2,8,44.041,39.296,28.095,33.812,42.792,52.655,60.883,64.71,66.009,66.273,64.959,63.736,61.935,57.586,53.189,47.482,39.675,32.128,19.639,11.534,21.452
train_0103,3,8,44.637,41.227,31.974,34.288,44.133,52.521,59.07,62.793,65.224,67.068,66.845,,62.859,58.844,54.199,49.271,42.224,35.123,23.492,14.732,23.989
train_0103,4,8,,38.147,31.439,25.373,33.847,39.093,46.544,49.507,48.68,46.865,45.209,42.024,39.78,36.779,33.533,29.925,24.431,19.348,9.944,1.644,9.791
train_0103,5,8,,41.524,31.522,35.398,44.804,53.905,61.216,64.734,66.277,67.562,67.467,65.578,63.824,60.005,55.525,51.287,44.121,37.178,26.493,14.697,24.02
train_0103,6,8,38.419,30.238,21.252,32.43,,53.894,59.759,,52.127,41.657,59.153,68.884,72.42,69.264,66.37,66.505,59.377,52.077,40.861,24.173,33.27
train_0103,7,8,42.553,37.083,26.848,32.464,40.546,48.804,55.673,59.377,61.396,62.742,62.617,60.747,59.596,56.373,51.549,47.542,40.827,35.315,26.987,13.242,18.277
train_0103,8,8,50.199,,34.967,43.179,51.274,59.868,66.896,70.329,72.136,73.139,,70.682,68.111,62.552,57.634,50.883,43.691,,20.368,19.361,27.681
train_0104,1,16,,32.371,25.291,27.634,37.576,47.197,54.469,59.448,60.957,60.488,57.135,49.476,,,30.076,28.309,30.121,33.975,38.501,37.724,36.358
train_0104,2,16,,28.645,17.737,21.074,29.154,33.988,40.415,43.667,41.528,39.567,35.335,26.902,20.099,15.284,12.064,10.976,13.579,17.883,,21.355,17.941
train_0104,3,16,35.96,28.175,22.43,28.901,39.329,48.035,54.774,59.258,59.864,59.443,56.086,49.092,40.643,33.5,28.834,26.46,27.572,31.004,36.169,37.444,37.533
train_0104,4,16,31.779,25.654,25.811,34.872,44.718,52.369,57.807,60.262,60.207,59.53,53.53,,,32.223,,27.881,30.891,34.594,37.75,36.519,36.503
train_0104,5,16,42.337,34.546,26.881,32.343,43.649,52.984,60.222,65.606,67.042,66.667,,53.336,45.21,38.791,33.895,31.042,32.882,37.356,42.191,41.584,41.648
train_0104,6,16,35.448,29.066,23.337,29.607,39.745,48.208,54.421,58.239,59.423,59.437,53.627,44.897,37.065,31.71,28.107,26.718,29.211,32.923,35.723,34.977,35.465
train_0104,7,16,37.946,27.24,13.782,16.334,24.169,27.995,33.792,35.953,33.282,31.87,28.653,19.373,11.45,6.336,3.609,3.784,7.549,11.543,16.548,14.403,12.434
train_0104,8,16,,29.787,25.301,32.669,42.624,50.172,55.676,59.555,60.819,60.917,56.147,48.035,39.789,33.454,29.311,27.104,28.445,32.107,36.56,36.447,35.552
train_0104,9,16,37.559,30.478,24.83,30.788,41.071,49.358,55.485,59.981,61.324,61.323,58.336,50.459,41.245,34.037,29.692,27.552,28.333,31.594,36.537,37.849,36.82
train_0104,10,16,37.142,29.333,23.565,,41.582,50.621,56.675,60.544,61.918,62.512,57.882,49.348,41.479,35.559,30.156,26.428,28.055,32.699,37.914,37.532,37.43
train_0104,11,16,25.237,17.586,13.027,31.622,42.864,,55.069,55.135,47.969,36.67,47.095,50.381,48.369,44.23,41.048,39.627,41.486,44.423,46.834,42.225,41.648
train_0104,12,16,33.324,26.982,23.991,,39.607,46.625,52.364,56.452,57.585,57.138,51.489,43.336,35.577,30.431,27.715,26.44,28.254,32.16,36.18,35.219,35.195
train_0104,13,16,34.971,29.182,,35.541,45.865,53.503,59.292,62.792,,62.985,57.105,48.807,40.695,34.683,,29.376,32.217,36.816,39.889,,38.375
train_0104,14,16,37.397,29.569,25.225,33.131,43.598,51.641,57.131,60.405,61.3,61.944,57.454,49.696,41.839,35.945,31.866,29.529,31.162,35.065,39.462,38.57,37.892
train_0104,15,16,32.452,26.216,24.134,32.352,41.803,,53.164,56.505,57.752,58.203,53.713,46.21,38.902,33.562,29.795,27.372,28.218,31.238,35.213,34.985,33.411
train_0104,16,16,35.001,25.707,15.508,,28.577,33.51,39.2,41.881,40.465,39.693,36.023,,19.64,14.958,12.129,10.925,13.378,17.427,22.209,19.913,17.329
train_0105,1,8,39.428,37.931,28.797,28.086,37.299,,53.61,57.845,60.309,61.875,61.354,60.058,58.465,54.219,49.54,43.274,35.76,27.497,14.023,13.462,22.366
train_0105,2,8,41.162,39.695,31.337,28.807,38.035,46.21,53.888,58.961,61.954,64.073,64.179,62.222,59.913,55.335,50.862,46.079,39.399,31.352,17.067,12.572,21.065
train_0105,3,8,42.638,,31.095,27.686,37.632,46.057,53.097,57.592,60.705,63.042,62.61,,58.404,54.295,49.889,44.098,37.182,29.336,15.269,14.922,22.63
train_0105,4,8,37.615,35.782,27.25,28.648,37.33,45.129,51.92,56.018,58.656,60.616,60.03,58.444,55.967,50.874,46.002,40.049,34.135,26.625,12.317,12.368,18.048
train_0105,5,8,41.554,41.905,36.427,26.892,36.445,45.429,53.963,60.32,64.028,66.412,66.769,,61.607,56.892,51.369,,39.2,32.399,19.253,14.262,22.206
train_0105,6,8,37.064,39.61,29.966,27.884,37.144,43.534,41.818,45.042,41.309,37.597,40.222,40.559,41.44,36.771,32.621,34.296,33.026,22.65,7.481,3.816,9.268
train_0105,7,8,36.261,34.932,27.62,25.821,35.145,43.37,50.541,54.43,56.27,57.181,55.758,54.114,52.563,48.61,44.362,37.953,31.836,24.044,10.526,15.777,19.862
train_0105,8,8,40.168,38.64,32.101,28.419,36.915,44.017,51.725,57.89,61.55,63.55,63.255,60.3,,,51.26,46.544,39.049,32.782,22.86,11.725,21.057
train_0106,1,12,,41.016,8.509,33.836,40.271,47.502,49.746,48.034,45.616,38.481,29.416,19.973,12.94,8.497,11.273,14.785,27.471,42.919,63.186,51.255,41.105
train_0106,2,12,39.974,35.872,28.359,44.787,51.289,54.71,57.194,59.54,61.754,62.614,62.978,60.986,55.913,48.766,38.823,31.32,33.611,37.138,38.683,38.29,37.973
train_0106,3,12,39.809,31.382,34.415,47.994,53.176,57.349,,60.544,61.82,62.49,62.318,59.343,54.382,47.404,37.104,30.36,33.357,38.317,40.176,39.971,39.69
train_0106,4,12,34.129,26.886,25.54,40.881,46.87,50.54,53.151,,57.23,56.96,55.664,52.058,47.259,40.578,30.563,25.994,29.02,33.981,35.182,34.997,34.679
train_0106,5,12,32.518,30.359,22.725,,42.542,46.005,48.965,51.251,52.7,52.407,51.857,50.574,47.239,42.016,33.422,25.431,27.871,31.787,,32.578,31.962
train_0106,6,12,36.548,26.418,30.911,41.752,,49.983,52.738,54.704,56.135,55.966,55.311,53.074,49.104,43.065,34.049,26.854,29.156,33.309,36.18,35.874,34.867
train_0106,7,12,37.093,28.991,,44.817,50.099,53.181,55.353,57.691,,60.662,59.425,56.747,52.522,46.594,37.808,28.668,30.115,34.059,38.104,38.388,38.019
train_0106,8,12,34.577,25.918,29.917,40.887,45.102,,49.848,52.056,53.897,53.954,53.066,50.099,46.244,41.385,33.517,27.928,29.612,32.604,34.128,33.93,33.3
train_0106,9,12,38.657,43.093,9.869,34.587,40.964,47.836,50.125,48.107,45.445,39.042,30.689,20.989,13.339,8.498,12.079,14.649,26.749,42.004,62.849,54.782,44.257
train_0106,10,12,36.321,28.252,25.688,42.408,48.369,52.332,55.686,,60.339,59.971,,54.837,50.657,44.3,34.057,26.274,28.484,33.205,36.054,35.907,34.556
train_0106,11,12,38.226,31.464,26.907,,47.414,50.798,53.909,56.999,59.678,59.941,58.751,55.481,50.423,44.049,34.601,,29.356,33.437,35.334,34.935,33.919
train_0106,12,12,20.4,19.709,23.626,33.234,37.35,40.243,42.405,44.431,45.924,45.961,45.941,45.095,43.607,41.857,38.869,,38.178,41.821,45.171,46.999,48.149
train_0107,1,12,32.794,35.563,32.986,35.131,34.82,34.98,35.365,36.154,36.456,35.814,35.475,33.642,31.267,29.485,30.982,39.525,51.509,47.586,26.491,21.658,24.131
train_0107,2,12,36.594,36.475,31.608,27.67,37.769,44.277,50.145,54.508,58.345,60.222,60.739,57.913,53.664,49.263,45.948,41.78,34.892,29.096,14.506,22.16,27.549
train_0107,3,12,33.653,34.322,36.045,42.075,46.821,51.387,55.101,58.416,57.393,45.064,53.877,,64.37,61.058,58.695,56.824,51.598,46.68,27.827,36.103,
train_0107,4,12,40.84,40.336,27.178,38.964,45.947,51.744,56.354,60.635,63.356,64.641,64.26,61.422,57.397,,49.969,44.906,37.367,32.098,12.601,27.902,31.456
train_0107,5,12,39.647,38.79,31.992,30.802,40.839,46.912,52.265,57.276,61.304,62.434,62.694,60.944,58.091,53.734,49.624,45.191,38.44,32.027,18.633,22.766,30.61
train_0107,6,12,39.709,39.478,29.202,34.181,42.427,47.536,51.885,56.367,60.515,62.09,62.752,61.235,58.294,53.629,49.139,44.37,37.603,30.707,22.206,17.528,28.707
train_0107,7,12,39.841,40.277,28.526,40.965,47.328,52.263,56.848,61.762,65.189,67.094,,62.835,57.679,53.021,49.968,45.95,38.319,32.586,13.119,26.932,32.724
train_0107,8,12,43.362,42.975,30.059,42.175,48.652,54.223,59.434,64.456,67.455,68.991,69.242,66.452,61.888,56.806,52.201,46.931,,33.767,14.012,28.808,35.537
train_0107,9,12,39.626,39.021,28.066,35.353,43.298,49.311,54.12,57.852,60.538,61.302,61.475,59.571,,51.99,47.901,44.235,38.483,32.158,,20.184,30.012
train_0107,10,12,41.424,40.686,28.304,38.534,44.865,50.34,55.585,60.402,63.319,63.822,63.765,61.809,,53.718,49.48,,38.919,32.539,22.048,20.562,30.547
train_0107,11,12,39.27,39.604,29.534,34.592,43.017,,53.775,58.8,62.83,63.933,63.711,61.359,58.312,54.264,50.523,45.659,37.548,30.685,11.92,23.114,29.533
train_0107,12,12,38.82,,30.016,36.049,,48.249,52.763,56.877,59.941,61.358,61.919,59.67,56.145,51.868,48.256,44.333,37.953,32.562,17.663,26.045,32.991
train_0108,1,8,36.108,29.029,26.65,43.216,48.555,51.744,54.56,57.446,60.429,61.778,61.486,,55.736,50.069,41.919,30.911,27.759,30.607,35.827,37.341,37.502
train_0108,2,8,37.394,27.75,12.337,26.025,35.751,37.261,40.207,40.92,40.559,41.143,41.33,38.977,35.938,32.289,,16.984,13.784,17.276,22.801,22.169,19.623
train_0108,3,8,42.475,38.099,27.066,42.022,52.411,56.97,59.742,61.987,64.916,,66.717,65.022,60.798,55.26,46.817,,33.031,36.954,41.771,,42.336
train_0108,4,8,34.118,31.896,22.589,34.742,44.394,48.811,51.809,53.906,55.924,57.18,57.072,56.621,53.392,48.078,40.634,30.367,24.982,27.79,33.25,35.469,
train_0108,5,8,40.276,32.991,27.095,44.238,50.851,55.147,58.372,60.949,63.665,64.884,,62.882,59.531,54.335,46.342,34.838,27.776,,35.196,38.2,38.162
train_0108,6,8,36.493,29.708,26.175,41.477,47.303,,53.869,55.943,58.272,59.606,59.922,58.963,54.876,49.5,42.544,32.718,28.795,31.072,35.398,37.137,37.745
train_0108,7,8,34.852,28.816,15.792,30.593,50.802,54.029,56.21,56.264,50.511,40.417,56.636,66.077,67.472,63.805,57.4,47.967,42.96,43.187,45.35,43.618,43.969
train_0108,8,8,37.299,30.326,23.766,41.286,48.589,53.225,56.622,59.238,61.752,62.72,62.149,60.653,56.694,51.198,42.976,31.76,28.892,32.067,37.221,38.166,37.843
train_0109,1,8,45.554,36.561,31.044,39.186,49.86,57.785,63.9,68.024,69.153,68.98,62.098,52.658,44.275,38.542,35.16,34.25,36.89,40.743,42.265,40.822,
train_0109,2,8,39.59,35.588,28.681,29.518,38.787,47.473,54.441,60.125,62.116,61.629,57.697,50.244,41.928,35.045,30.666,28.79,30.855,34.689,37.956,36.581,35.927
train_0109,3,8,38.896,35.803,33.187,36.771,37.202,31.224,46.345,56.077,58.237,58.598,55.875,51.205,46.356,43.121,40.747,39.31,39.402,41.47,44.054,44.291,44.748
train_0109,4,8,40.675,,26.822,31.44,41.147,49.809,56.826,61.361,61.852,,56.039,48.353,41.123,35.547,31.205,28.248,29.454,33.582,37.575,36.18,35.321
train_0109,5,8,47.805,40.581,33.668,39.737,51.198,60.99,68.547,73.082,73.285,72.157,65.267,55.698,46.53,39.879,35.681,34.35,,42.252,44.843,44.575,45.326
train_0109,6,8,45.412,42.034,33.866,33.784,44.619,54.805,61.684,66.438,68.286,,64.665,56.256,47.512,40.587,,32.771,34.175,38.069,42.115,40.68,39.384
train_0109,7,8,44.542,36.492,26.751,24.922,32.154,38.132,,49.31,47.614,45.52,40.695,30.671,22.378,17.328,14.619,14.085,17.513,22.046,26.355,22.776,19.963
train_0109,8,8,42.311,35.489,28.789,33.309,43.895,53.131,60.049,,66.995,67.085,63.787,55.831,46.786,,33.745,31.003,31.953,35.462,40.304,41.015,40.559
train_0110,1,12,33.177,28.261,25.388,32.281,41.313,48.878,54.604,58.578,59.768,59.529,56.339,49.54,41.969,36.368,33.098,30.916,30.757,33.194,36.565,38.603,38.433
train_0110,2,12,32.858,,,29.737,38.379,45.479,51.147,55.115,,56.634,54.787,,41.893,35.815,30.841,27.315,26.807,29.835,34.515,36.563,34.898
train_0110,3,12,36.277,33.785,28.317,32.573,37.214,42.479,38.888,,39.461,32.99,32.988,28.668,25.459,18.781,,18.076,22.424,22.57,25.06,25.692,22.644
train_0110,4,12,33.551,28.207,24.137,28.443,,42.89,48.282,52.505,54.692,55.263,54.789,50.102,43.837,37.16,31.713,27.867,25.873,28.554,33.533,37.361,35.823
train_0110,5,12,,27.922,23.483,28.015,36.024,42.705,47.9,52.043,53.786,54.24,53.156,47.456,39.879,33.409,29.431,26.998,26.17,28.222,31.919,35.267,34.898
train_0110,6,12,33.18,28.945,24.98,30.003,37.665,44.563,51.066,56.327,58.224,58.318,55.774,49.124,42.01,36.729,33.081,30.274,29.516,31.677,35.791,37.974,37.149
train_0110,7,12,33.431,28.898,23.663,27.269,36.027,43.83,49.805,54.505,,56.707,55.809,50.151,42.89,35.892,30.435,27.498,27.376,30.605,34.217,36.818,35.535
train_0110,8,12,32.979,28.224,24.122,29.607,37.773,45.014,50.966,55.405,57.102,57.498,54.875,48.442,41.221,35.301,31.016,28.299,28.194,30.817,34.77,36.285,34.89
train_0110,9,12,33.964,28.813,25.764,32.021,39.509,45.431,50.645,54.85,56.412,57.157,55.682,50.075,42.791,36.4,31.902,29.433,29.484,32.31,36.689,39.103,37.446
train_0110,10,12,37.576,37.61,37.77,39.732,37.668,21.276,33.891,47.973,49.658,50.607,50.22,47.842,46.426,44.644,43.01,42.97,42.753,43.119,44.251,45.294,44.541
train_0110,11,12,33.178,27.481,25.016,31.583,39.778,,51.42,54.747,55.747,56.197,54.458,48.681,41.543,35.056,,28.142,,30.708,34.898,38.472,37.811
train_0110,12,12,36.268,32.945,26.999,28.609,37.755,46.691,,57.759,59.711,60.31,60.427,55.116,47.214,39.32,33.548,30.642,30.345,33.129,36.68,39.5,38.378
train_0111,1,8,33.349,28.693,23.375,31.144,38.027,44.458,49.577,53.014,55.701,,54.735,52.867,49.668,45.429,42.612,37.231,32.063,24.574,12.29,16.719,
train_0111,2,8,40.654,33.546,31.271,40.454,47.961,,58.946,61.177,63.147,64.885,63.821,62.966,61.166,57.586,53.699,47.873,40.897,34.217,24.112,16.725,26.063
train_0111,3,8,,29.889,25.949,32.597,37.332,45.723,51.334,53.115,53.16,51.946,49.805,49.372,46.457,42.359,,38.023,32.899,26.701,14.302,14.826,18.126
train_0111,4,8,35.105,28.118,24.652,31.961,39.203,46.043,50.191,52.656,55.437,57.022,55.068,53.623,50.943,46.817,43.594,38.33,33.58,26.071,13.192,15.28,20.183
train_0111,5,8,18.814,19.564,21.777,24.786,26.11,27.38,31.565,68.49,68.863,70.052,70.338,69.914,33.948,29.615,28.374,31.438,29.393,27.471,25.661,24.299,
train_0111,6,8,35.142,27.422,30.974,37.908,44.951,51.688,55.711,57.399,58.499,58.637,56.588,55.856,53.674,49.499,46.116,40.244,34.698,27.284,15.327,16.707,
train_0111,7,8,36.789,29.738,27.228,21.475,,28.612,33.719,35.555,33.151,31.288,30.148,27.613,24.969,22.285,21.526,,14.622,,1,1,1
train_0111,8,8,34.287,29.888,25.019,33.695,41.256,48.189,53.079,55.677,57.66,58.731,56.94,55.655,53.598,49.865,46.57,41.417,35.236,28.345,17.325,14.113,23.223
train_0112,1,8,38.896,37.238,28.095,33.018,47.635,53.529,57.393,60.164,63.293,65.457,65.012,63.44,59.202,53.249,44.51,33.217,33.475,37.256,41.297,40.831,
train_0112,2,8,42.788,41.308,33.785,41.994,41.596,43.404,47.323,49.627,49.79,48.588,47.288,43.827,40.152,35.635,28.078,18.599,21.287,26.347,31.512,30.563,28.298
train_0112,3,8,34.23,36.445,,42.444,53.921,58.631,61.767,62.666,60.441,51.773,62.563,69.259,69.005,63.902,55.057,,47.668,51.689,54.083,51.246,50.991
train_0112,4,8,43.325,39.11,31.24,47.5,55.005,58.887,61.217,63.487,67.002,69.099,68.76,66.392,61.742,55.928,47.34,36.877,37.68,41.186,45.175,45.164,
train_0112,5,8,44.489,41.017,,42.684,50.78,52.977,47.122,50.026,48.579,44.127,46.149,46.28,,34.68,26.404,23.176,29.58,,36.041,33.692,31.149
train_0112,6,8,39.359,38.849,30.256,34.994,47.662,52.345,55.682,58.44,,63.939,64.181,62.897,58.685,52.875,43.885,32.977,33.998,37.736,40.989,40.7,40.123
train_0112,7,8,39.791,34.87,27.725,44.917,52.341,56.808,60.107,,65.862,66.532,65.853,63.455,58.799,52.563,43.282,34.373,36.772,40.924,43.908,43.2,41.062
train_0112,8,8,42.109,38.765,29.062,43.29,52.042,56.279,59.114,61.496,64.018,64.986,64.493,62.506,58.302,52.585,43.644,34.303,36.731,41.223,44.266,44.05,43.204
train_0113,1,8,39.642,38.332,28.759,36.737,51.855,57.089,61.188,64.256,63.778,54.253,65.421,69.937,68.934,,61.366,58.821,52.638,45.086,25.642,33.975,39.903
train_0113,2,8,44.032,44.351,38.141,36.724,47.695,54.129,59.208,63.254,66.654,67.833,68.008,65.799,62.835,58.722,54.343,48.938,41.391,35.507,16.449,29.179,35.963
train_0113,3,8,38.721,39.509,,37.183,44.269,49.455,53.718,58.086,61.648,63.458,64.335,62.399,58.601,53.693,49.42,44.653,,30.9,11.674,24.334,31.283
train_0113,4,8,43.013,42.51,30.284,39.401,48.095,54.048,59.397,64.521,68.21,69.725,70.738,68.289,,58.98,54.083,49.715,43.974,37.427,26.427,21.055,32.824
train_0113,5,8,44.327,43.359,30.697,43.963,50.936,56.895,61.888,67.12,70.895,72.52,72.397,69.647,65.302,59.693,54.614,49.175,41.378,35.392,19.097,,34.777
train_0113,6,8,39.542,39.525,28.335,36.727,43.649,48.444,53.105,58.162,62.318,64.054,64.922,62.767,58.57,53.328,49.264,45.54,39.939,33.705,,19.125,29.747
train_0113,7,8,41.783,41.248,28.185,39.067,45.798,51.265,56.283,61.448,65.33,66.664,66.526,63.711,60.055,55.794,51.958,47.127,39.879,33.464,23.054,22.709,
train_0113,8,8,47.411,47.142,37.178,41.061,50.589,56.373,61.745,67.212,,72.269,71.826,68.982,65.521,60.936,56.607,51.764,44.272,37.817,19.575,29.749,37.313
train_0114,1,8,34.633,35.449,35.87,25.277,36.134,41.861,46.174,49.824,54.041,,57.425,54.527,50.059,45.847,43.181,39.477,32.659,27.371,11.442,25.224,28.646
train_0114,2,8,,27.184,28.354,23.225,28.367,31.192,,39.239,43.522,46.429,48.743,50.128,50.375,50.127,50.711,50.951,49.731,47.952,41.025,45.75,49.215
train_0114,3,8,42.678,41.364,41.196,30.621,38.228,45.142,50.709,55.466,60.027,61.877,62.176,60.846,58.097,54.082,50.109,45.452,38.265,31.58,14.491,25.876,
train_0114,4,8,39.602,40.72,40.953,28.598,39.482,45.87,51.69,56.65,60.335,61.204,61.638,60.76,58.475,54.715,50.36,45.471,38.751,32.325,18.534,23.615,29.814
train_0114,5,8,,33.445,33.115,22.948,33.99,39.488,,46.729,50.151,52.431,53.909,51.785,47.901,43.702,40.38,36.133,29.649,24.98,9.995,21.716,23.579
train_0114,6,8,38.414,38.461,38.51,27.224,39.459,45.783,50.253,53.736,57.634,59.9,60.716,59.55,56.728,,47.41,43.139,36.924,30.067,19.814,19.868,28.186
train_0114,7,8,37.558,36.875,36.628,26.118,36.537,42.638,47.549,52.366,57.332,59.708,60.013,57.635,53.599,48.509,44.717,41.165,34.784,29.05,12.07,23.795,28.663
train_0114,8,8,37.875,38.038,38.363,27.31,38.853,44.864,49.678,53.777,57.586,59.181,59.878,59.216,56.723,52.385,47.832,43.442,37.61,30.985,23.15,18.225,27.065
train_0115,1,8,36.029,27.665,30.35,39.453,47.295,54.269,58.855,61.112,62.618,63.262,60.983,59.252,55.949,51.544,48.279,41.825,35.845,27.615,14.095,16.484,21.99
train_0115,2,8,36.631,26.597,31.781,40.6,48.64,55.333,59.353,61.312,63.073,64.386,62.57,61.609,58.656,53.422,,42.528,35.781,29.603,19.77,10.811,20.706
train_0115,3,8,,24.705,28.369,34.606,34.203,37.738,41.252,42.909,41.962,40.411,38.469,35.476,31.978,28.168,26.199,,17.195,10.47,1,1,3.403
train_0115,4,8,33.467,,27.171,36.216,43.62,50.219,55.023,58.014,,60.506,58.387,57.041,53.929,49.479,,40.838,35.109,28.009,15.738,14.4,21.446
train_0115,5,8,35.748,,35.473,43.509,51.354,57.7,61.612,64.193,65.17,63.984,62.23,60.623,56.521,51.413,47.52,41.184,35.677,27.451,14.396,,23.985
train_0115,6,8,35.318,29.349,46.507,56.746,51.614,57.478,60.477,59.821,49.522,35.576,52.394,63.333,65.76,63.218,62.347,58.562,54.128,45.491,31.584,32.297,34.71
train_0115,7,8,31.531,25.979,24.561,33.089,40.734,48.482,53.926,56.086,56.811,56.988,54.806,53.319,,46.134,43.062,37.368,31.632,23.756,11.148,12.092,17.905
train_0115,8,8,33.853,28.053,27.428,34.585,40.905,47.516,52.652,55.902,58.033,58.439,55.651,54.103,51.382,46.904,43.424,38.19,32.603,26.004,14.805,11.054,18.973
train_0116,1,8,44.163,43.519,35.807,30.673,40.804,50.309,58.885,63.98,67.01,68.658,67.446,66.449,64.339,59.094,54.645,46.851,38.869,27.191,12.303,24.633,25.623
train_0116,2,8,41.803,39.839,31.648,29.365,39.138,47.912,55.796,60.567,63.704,65.417,63.234,61.588,58.146,52.525,47.857,40.226,33.242,,12.708,22.028,21.962
train_0116,3,8,43.425,41.797,33.008,30.566,41.667,51.905,60.698,65.297,67.757,69.636,68.695,68.158,65.258,58.597,52.822,44.785,38.275,27.004,14.48,25.612,25.611
train_0116,4,8,40.375,38.607,29.165,28.243,37.675,46.896,55.001,59.558,62.462,63.947,61.71,60.202,57.029,51.849,47.017,39.103,32.529,20.882,13.055,22.712,23.205
train_0116,5,8,43.211,42.134,34.682,29.885,39.799,48.686,56.672,61.432,64.465,66.156,64.277,62.937,59.911,54.9,50.471,42.737,36.031,23.495,16.641,25.131,24.98
train_0116,6,8,43.334,40.928,31.128,18.685,27.854,41.199,50.805,,55.338,54.54,53.002,51.275,47.619,42.361,41.947,36.99,29.795,19.57,9.188,17.893,14.56
train_0116,7,8,46.854,44.402,34.382,33.825,45.704,56.262,64.987,69.7,73.003,74.994,72.774,71.313,66.58,60.02,,46.25,37.573,20.539,20.671,27.747,27.45
train_0116,8,8,42.863,41.957,34.504,31.873,41.249,50.512,55.274,59.952,59.383,57.161,58.71,58.267,55.589,48.94,44.198,40.049,36.332,24.306,11.12,21.226,20.572
train_0117,1,12,35.733,33.463,24.167,26.012,31.168,39.947,46.814,49.319,50.547,51.07,,48.82,47.024,43.13,41.102,39.094,34.456,31.213,22.669,13.103,19.184
train_0117,2,12,38.76,36.041,27.764,31.333,39.166,46.823,53.434,57.063,,60.296,60.286,58.857,57.776,54.54,50.292,46.412,39.65,33.886,25.471,,23.933
train_0117,3,12,39.567,35.515,26.759,32.795,40.634,49.037,56.191,59.891,61.68,62.805,62.155,61.107,59.377,55.682,52.066,47.355,40.742,33.897,22.735,16.162,25.811
train_0117,4,12,38.523,34.122,25.733,32.53,40.823,48.302,53.98,57.049,59.048,60.183,59.219,58.39,57.184,53.162,,43.652,37.255,30.603,19.132,13.265,22.79
train_0117,5,12,37.194,34.035,25.532,29.13,36.281,43.926,50.445,54.194,56.445,57.556,56.577,54.617,53.948,51.673,47.959,44.418,38.503,,23.239,11.877,20.855
train_0117,6,12,38.489,36.153,27.677,29.099,37.662,46.544,54.189,57.895,59.632,61.278,60.83,59.416,57.449,53.373,49.579,44.2,38.197,30.999,17.474,17.498,23.25
train_0117,7,12,,33.365,24.614,29.611,36.962,44.19,49.799,52.766,55.375,57.703,57.031,55.742,53.55,49.492,45.888,40.852,35.685,28.665,15.671,15.258,21.096
train_0117,8,12,41.704,38.55,29.903,33.992,41.47,49.083,55.207,,60.029,61.852,62.24,,60.321,57.519,53.202,48.616,41.726,36.486,28.069,15.626,24.405
train_0117,9,12,21.885,22.662,22.291,23.983,27.588,31.205,35.387,,,67.842,67.69,67.583,38.589,33.468,31.766,33.201,30.329,27.049,22.865,18.802,21.11
train_0117,10,12,41.774,38.307,29.722,35.007,42.167,49.171,55.284,59.048,61.596,63.365,62.987,61.513,60.758,,53.36,48.896,42.091,35.875,26.201,14.238,24.711
train_0117,11,12,41.964,38.961,30.344,35.523,43.117,50.699,57.206,61.066,63.699,65.13,63.991,63.098,,57.829,53.923,47.963,41.018,32.942,19.117,17.285,24.814
train_0117,12,12,39.031,37.421,30.68,28.411,37.195,44.757,51.969,57.082,60.573,63.128,63.499,61.6,60.573,56.991,51.921,47.301,40.423,34.148,23.921,14.971,24.882
train_0118,1,8,35.274,,24.095,31.977,41.706,46.049,,50.461,52.172,52.911,,50.099,46.047,40.804,33.117,25.708,27.847,31.613,33.787,33.355,32.029
train_0118,2,8,34.994,33.717,25.622,28.252,40.041,44.735,48.119,50.324,52.302,53.334,,51.419,48.353,43.815,35.693,25.53,26.357,30.433,34.335,34.287,32.902
train_0118,3,8,37.235,36.138,28.089,31.892,44.503,48.403,50.563,52.55,55.505,57.727,57.829,,52.626,47.139,38.975,28.986,29.902,33.837,36.963,36.326,35.232
train_0118,4,8,33.523,31.984,24.103,26.916,39.047,43.829,,49.616,51.968,53.075,52.271,50.604,47.016,42.114,,26.297,28.406,32.1,33.927,33.482,33.343
train_0118,5,8,30.721,29.583,23.057,23.572,37.005,42.049,45.314,47.795,50.174,51.009,49.725,47.743,44.245,39.221,30.763,22.615,,28.97,30.944,30.49,29.467
train_0118,6,8,35.11,33.969,27.149,29.667,43.268,47.838,50.635,53.08,55.612,56.329,55.293,53.387,49.703,44.149,34.455,26.903,29.471,34.165,35.205,34.993,35.658
train_0118,7,8,31.654,28.751,17.37,10.256,27.106,35.268,39.085,39.62,39.901,38.999,38.207,35.359,31.063,25.809,21.521,16.504,19.941,26.023,30.908,27.012,21.87
train_0118,8,8,36.989,35.207,28.399,27.77,40.714,45.095,48.194,50.436,52.311,,53.801,53.022,49.254,43.491,35.734,27.554,29.305,32.957,35.501,,32.686
train_0119,1,8,34.543,29.591,,26.255,34.92,42.523,48.225,52.435,53.922,54.008,49.438,42.007,34.804,29.5,25.909,24.556,27.231,31.666,34.044,32.866,32.748
train_0119,2,8,34.232,33.49,25.613,22.72,,42.616,50.836,56.377,58.429,58.573,55.22,47.142,38.704,32.44,28.482,26.99,29.679,33.901,36.241,34.521,33.814
train_0119,3,8,33.374,31.251,28.068,24.505,17.722,22.654,30.891,35.26,33.006,30.043,24.949,14.122,5.884,1.443,1.13,1.697,6.313,12.336,16.683,13.253,
train_0119,4,8,34.141,30.963,24.319,25.198,34.866,44.088,50.898,55.464,57.006,57.257,52.985,44.56,36.257,30.45,,25.792,28.29,32.476,35.454,35.113,35.601
train_0119,5,8,40.042,41.334,41.974,37.98,16.463,26.996,45.4,47.328,46.882,46.171,45.829,44.462,43.427,43.465,43.648,42.96,,43.874,45.876,48.651,50.834
train_0119,6,8,31.76,26.639,20.279,24.032,34.22,43.112,49.722,54.17,55.48,55.486,50.396,42.819,35.497,29.061,24.065,22.561,26.032,30.723,32.845,32.439,33.998
train_0119,7,8,40.143,,27.89,28.41,39.694,50.408,57.679,61.844,62.677,62.819,58.859,,41.478,34.568,30.991,30.868,34.195,38.951,40.855,40.277,39.878
train_0119,8,8,32.457,30.355,24.013,23.36,31.915,40.863,47.9,53.371,55.758,56.182,53.367,46.162,38.189,32.009,27.808,25.422,26.97,,34.671,33.444,32.559
train_0120,1,12,39.469,31.873,30.342,40.082,50.227,57.811,,65.865,66.104,64.044,56.515,,,33.945,31.381,32.261,35.915,40.964,40.543,39.232,38.489
train_0120,2,12,42.472,35.178,29.317,36.697,47.343,55.771,62.114,65.763,66.254,65.785,59.268,50.038,41.708,36.121,33.084,33.379,37.264,42.399,43.665,42.339,41.909
train_0120,3,12,43.587,38.101,,39.315,50.491,59.68,66.484,70.29,70.577,69.701,62.178,52.631,44.857,39.158,34.849,34.279,38.281,43.838,44.92,44.057,44.141
train_0120,4,12,38.302,31.327,31.533,41.47,51.175,58.203,63.278,,64.407,61.505,54.194,46.094,39.278,34.538,32.078,33.285,36.921,41.243,40.709,40.187,40.903
train_0120,5,12,36.343,29.536,,33.81,44.949,53.038,58.709,61.911,62.583,62.162,55.551,46.657,38.654,33.089,29.898,,33.822,38.654,38.884,37.973,38.185
train_0120,6,12,44.834,36.247,34.601,44.59,55.12,63.405,70.126,73.274,72.887,69.918,61.494,52.514,45.524,40.191,36.147,36.414,40.864,46.506,46.795,45.439,44.803
train_0120,7,12,,32.039,27.173,35.687,46.884,55.37,61.1,63.765,63.792,62.763,55.593,46.357,38.587,33.765,31.096,31.424,34.843,40.157,40.696,40.05,39.911
train_0120,8,12,44.423,36.295,30.923,40.491,52.38,61.384,67.982,71.244,71.103,68.916,61.045,52.098,44.406,38.328,34.077,34.492,38.701,44.129,44.052,44.178,44.789
train_0120,9,12,42.594,34.218,30.786,39.345,49.478,,,66.679,67.72,67.291,60.183,51.078,43.288,37.565,33.513,32.42,35.831,41.196,,42.573,42.844
train_0120,10,12,38.659,30.977,26.568,34.621,45.179,53.531,59.425,62.981,64.127,64.54,59.056,50.404,41.586,35.127,31.379,30.174,32.682,36.831,40.313,39.882,40.758
train_0120,11,12,41.397,35.228,35.703,40.158,39.783,44.254,50.525,53.063,50.862,47.213,38.807,,19.788,15.557,13.984,15.753,20.346,25.574,27.632,25.58,24.252
train_0120,12,12,41.849,35.355,36.151,39.049,35.017,37.917,43.144,45.524,43.692,40.21,31.856,19.889,12.254,8.451,7.535,9.448,13.999,19.593,22.819,20.506,18.276
train_0121,1,8,35.588,29.094,32.57,42.405,51.378,57.917,62.825,65.163,65.421,63.899,57.169,48.73,,35.756,,31.024,33.475,37.602,41.016,40.085,
train_0121,2,8,,27.276,30.746,39.511,47.755,54.158,59.187,62.001,62.808,62.295,56.462,48.809,41.524,36.009,31.933,29.365,30.893,34.785,39.218,39.72,39.716
train_0121,3,8,30.111,25.915,27.962,37.421,46.326,,57.952,60.855,61.197,60.366,,47.502,40.382,34.863,31.384,29.595,31.257,35.031,38.774,37.782,37.915
train_0121,4,8,31.468,26.134,29.25,38.42,46.831,53.25,58.038,59.961,59.82,59.155,53.921,47.124,40.262,34.978,31.691,30.076,31.6,34.48,38.113,38.284,38.587
train_0121,5,8,34.292,28.453,30.729,40.051,49.296,56.261,61.202,63.599,63.953,63.489,57.797,50.059,42.168,35.611,,29.124,31.355,35.549,40.17,39.997,39.253
train_0121,6,8,32.062,28.27,26.492,35.242,45.163,52.596,57.933,61.038,62.139,62.309,56.373,47.999,40.191,34.391,30.377,28.379,30.049,33.529,37.58,37.696,38.98
train_0121,7,8,16.89,20.341,25.857,,37.201,41.681,45.675,48.029,49.17,49.516,48.135,46.084,44.832,44.611,44.759,45.4,47.085,50.449,54.683,58.215,61.396
train_0121,8,8,30.848,25.306,29.371,38.773,46.899,53.156,58.536,61.498,62.03,60.872,54.919,47.633,40.453,34.872,31.115,28.979,30.601,34.795,39.457,39.07,38.91
train_0122,1,8,37.647,36.388,27.746,28.813,44.01,49.951,54.019,56.754,58.762,,59.815,58.723,55.685,,44.492,34.516,28.925,31.819,36.328,,35.916
train_0122,2,8,35.599,34.409,27.209,26.011,39.28,43.815,46.734,,51.513,52.582,51.872,51.109,49.063,45.32,39.918,31.609,25.045,27.144,31.615,33.324,32.021
train_0122,3,8,33.844,32.822,27.206,23.754,38.165,42.707,45.533,48.122,50.589,52.914,53.075,51.546,48.742,45.179,40.6,32.952,25.749,26.763,29.686,31.635,31.31
train_0122,4,8,39.181,37.735,28.668,34.838,47.589,52.179,55.366,57.808,60.061,61.734,61.583,60.874,58.128,53.772,47.584,38.14,31.171,33.45,37.183,39.159,38.622
train_0122,5,8,37.637,35.253,26.523,28.627,42.289,47.041,50.321,,54.824,56.681,57.191,56.376,53.752,49.653,44.232,35.97,27.382,,32.633,35.886,35.936
train_0122,6,8,36.351,34.253,25.702,30.918,43.633,48.292,51.882,54.254,55.7,57.158,57.249,56.274,53.144,48.355,41.389,31.785,27.427,30.131,34.782,36.221,36.135
train_0122,7,8,32.991,32.197,25.71,22.32,35.939,40.748,43.807,46.481,49.327,51.64,51.727,50.829,48.482,44.938,39.667,,22.976,25.165,28.96,30.162,29.639
train_0122,8,8,38.03,36.928,30.977,26.671,42.806,49.022,,55.561,57.456,,59.475,58.403,56.151,52.479,46.981,37.977,29.292,31.34,35.122,37.896,
train_0123,1,12,27.898,22.334,23.261,31.886,39.44,44.955,49.055,50.025,49.538,46.85,40.31,33.198,27.773,23.553,20.644,21.807,25.54,29.376,28.504,28.047,27.623
train_0123,2,12,26.223,21.183,24.173,32.748,41.067,47.402,51.496,52.408,51.917,48.743,42.199,35.118,29.287,25.163,23.011,24.347,27.709,31.429,30.929,30.162,29.87
train_0123,3,12,28.603,22.95,19.725,27.013,35.938,43.003,47.799,50.044,50.89,51.242,45.845,38.27,31.56,,22.791,21.068,22.999,27.03,29.051,28.086,28.617
train_0123,4,12,30.489,23.317,23.613,32.56,41.604,47.932,51.907,53.365,53.754,,46.786,39.046,32.597,28.176,24.87,23.607,25.524,29.442,31.354,30.776,30.647
train_0123,5,12,34.052,27.274,26.533,35.685,44.387,50.602,55.139,57.129,57.506,56.333,49.95,41.731,33.827,,25.411,26.399,29.614,33.679,34.097,33.859,34.095
train_0123,6,12,30.896,25.822,20.907,27.397,36.608,43.883,49.104,51.925,52.562,52.592,47.285,39.958,33.134,27.883,24.66,,26.653,29.964,31.04,30.566,
train_0123,7,12,32.505,30.823,31.754,,39.743,44.397,42.056,43.266,40.882,35.742,30.843,23.769,18.589,13.018,10.43,15.731,23.115,25.525,24.517,22.132,20.891
train_0123,8,12,28.273,24.443,19.18,24.905,34.138,41.415,46.835,50.525,51.47,50.86,44.624,36.408,29.194,,22.027,22.141,24.612,27.902,28.406,27.006,26.574
train_0123,9,12,20.094,19.946,21.054,23.988,26.767,28.55,31.551,62.189,62.323,62.494,60.607,59.087,30.045,25.259,24.422,,27.678,27.266,26.039,24.365,22.828
train_0123,10,12,29.272,22.344,23.63,32.034,40.285,46.202,49.929,50.812,50.288,47.8,41.607,34.576,28.935,24.888,22.091,22.367,25.022,28.62,28.914,28.761,29.113
train_0123,11,12,30.069,,20.139,26.203,35.165,41.766,46.646,49.839,,50.473,44.691,36.241,,24.213,21.202,20.839,23.792,27.713,27.766,26.936,27.635
train_0123,12,12,29.085,24.517,23.883,31.997,40.092,46.259,51.123,53.488,54.013,51.232,43.624,35.645,29.755,25.663,23.255,24.108,26.748,30.192,29.811,29.984,29.549
train_0124,1,16,40.902,40.191,33.313,27.409,36.75,45.689,53.53,57.943,60.092,60.944,59.633,58.585,,,47.351,40.941,35.409,27.358,,23.355,23.371
train_0124,2,16,38.648,35.907,27.635,31.381,39.711,47.188,53.056,56.001,57.816,59.084,57.478,56.242,53.047,47.643,43.338,37.257,32.038,22.802,,23.474,23.952
train_0124,3,16,,37.544,28.944,31.335,39.976,48.473,55.05,57.555,58.658,59.675,58.473,,54.348,49.332,45.981,40.21,34.896,25.582,14.481,23.943,24.613
train_0124,4,16,39.994,37.714,28.989,,40.957,49.302,55.806,58.758,59.89,60.542,59.352,58.735,55.319,50.254,45.617,38.584,32.125,19.98,14.059,21.572,20.685
train_0124,5,16,39.424,35.828,26.604,30.081,37.372,44.688,51.366,55.291,57.583,59.141,58.178,56.852,,49.345,,38.878,33.878,27.239,14.459,,20.88
train_0124,6,16,38.024,35.571,26.85,32.357,40.427,48.282,,56.581,58.119,59.064,57.542,57.313,54.623,49.295,44.939,38.44,,22.823,,22.061,21.636
train_0124,7,16,,31.298,22.931,29.427,,43.718,48.156,50.101,51.886,53.269,52.021,51.343,48.562,43.573,39.421,33.504,,20.494,10.591,19.845,20.837
train_0124,8,16,42.801,41.002,32.589,31.783,40.443,48.789,56.43,60.946,63.049,63.616,61.482,60.097,56.722,51.646,48.49,42.345,35.831,25.075,16.069,24.257,23.732
train_0124,9,16,35.74,31.7,24.732,32.112,39.39,46.124,50.421,52.722,54.11,53.987,51.945,51.599,49.061,44.378,40.532,34.89,30.426,22.694,13.587,21.552,21.343
train_0124,10,16,40.412,36.277,27.659,34.718,41.72,48.581,54.118,57.315,59.573,60.698,59.263,58.843,55.93,,47.186,40.36,34.386,25.959,15.385,24.399,23.301
train_0124,11,16,37.417,37.093,31.275,26.374,34.75,42.168,48.861,,56.256,58.392,57.986,56.558,54.136,49.303,44.774,38.36,33.159,25.432,12.874,21.02,19.996
train_0124,12,16,35.762,32.92,24.294,30.618,38.387,45.785,51.902,55.248,57.217,58.045,55.807,,50.033,45.076,40.569,33.795,27.862,17.4,11.958,19.696,19.362
train_0124,13,16,38,34.531,25.365,32.396,41.288,48.878,53.42,56.199,58.299,58.651,56.544,55.82,52.624,48.1,43.712,36.584,29.963,18.093,11.555,19.574,20.475
train_0124,14,16,33.134,30.945,,26.281,34.076,41.705,47.187,49.344,50.578,51.468,49.934,49.155,46.592,42.343,38.435,31.261,24.971,15.975,,17.734,17.66
train_0124,15,16,,35.561,26.438,31.343,38.491,46.431,52.96,55.831,57.384,58.426,56.86,56.152,53.402,48.931,44.347,37.345,31.045,20.346,14.807,21.754,20.831
train_0124,16,16,41.684,37.189,27.645,,,50.484,57.03,60.597,62.848,63.303,60.476,59.07,56.506,52.034,48.101,41.124,35.67,27.669,15.142,24.591,24.819
train_0125,1,8,37.446,36.745,29.506,26.501,36.638,44.918,52.221,56.688,58.956,60.933,61.518,60.154,58.4,53.731,48.377,42.6,35.839,,14.941,12.372,19.311
train_0125,2,8,43.942,42.852,36.006,29.645,39.486,48.596,57.242,62.489,64.617,65.905,65.779,63.629,62.084,,52.791,47.442,40.158,32.444,19.15,14.939,24.828
train_0125,3,8,41.132,36.648,27.24,28.99,37.4,45.64,53.08,57.211,59.142,60.331,60.36,58.737,57.207,52.837,47.735,44.245,38.047,32.066,22.761,11.09,21.562
train_0125,4,8,39.09,36.049,26.543,32.492,,49.89,56.854,,62.542,63.708,62.053,60.5,,,49.201,42.754,35.934,28.682,15.853,12.623,21.658
train_0125,5,8,41.892,37.695,26.883,20.973,31.8,42.319,49.866,52.936,54.169,54.501,53.732,52.078,49.861,45.514,43.104,39.925,34.343,28.66,16.124,9.418,14.676
train_0125,6,8,41.156,40.441,33.749,27.502,,45.304,53.178,58.652,62.083,64.277,64.489,62.012,,55.574,50.608,46.326,39.373,32.952,22.356,14.041,24.492
train_0125,7,8,36.438,33.316,24.575,29.888,38.067,45.819,52.644,,59.677,60.761,58.671,57.093,55.051,50.385,45.491,39.02,33.652,26.672,12.68,14.357,19.421
train_0125,8,8,40.655,36.528,27.149,32.924,40.991,48.842,54.76,58.138,61.571,64.22,,60.804,58.539,54.481,50.13,44.903,37.987,,19.416,11.298,20.513
train_0126,1,12,38.603,34.156,25.783,39.943,46.297,49.945,52.963,55.882,58.764,59.815,59.715,57.95,53.774,47.45,38.084,30.854,33.588,37.436,38.866,38.629,38.701
train_0126,2,12,32.173,23.127,20.09,39.327,46.937,51.237,53.079,51.896,48.255,42.643,52.094,57.807,57.778,53.19,45.16,38.335,41.194,44.34,44.167,42.234,40.496
train_0126,3,12,35.961,29.651,29.233,43.622,,51.551,54.63,57.462,59.291,59.445,59.24,57.616,54.186,47.942,37.539,29.989,32.839,37.506,38.788,38.452,39.118
train_0126,4,12,34.894,31.747,,35.85,44.661,49.416,52.551,54.995,57.322,58.215,57.723,56.111,52.214,46.726,38.377,28.514,29.697,34.332,38.97,38.703,37.473
train_0126,5,12,36.767,31.728,27.905,44.165,50.19,53.609,55.968,58.382,61.289,62.455,61.646,59.214,55.214,49.683,,31.269,33.235,37.708,,41.818,41.241
train_0126,6,12,37.564,33.221,28.043,40.801,44.024,46.222,44.002,46.742,47.719,46.643,47.684,46.296,43.335,36.899,27.601,22.475,27.672,31.74,34.654,33.228,31.047
train_0126,7,12,36.299,31.513,26.785,42.173,,,54.417,56.194,57.996,58.69,58.67,56.446,52.091,45.524,35.788,30.145,32.977,37.948,39.191,38.026,36.68
train_0126,8,12,36.819,35.729,26.7,36.563,46.871,50.974,54.02,56.723,59.548,60.735,60.113,58.742,55.367,49.893,40.591,29.818,31.052,35.223,39.017,39.565,39.857
train_0126,9,12,33.14,27.513,23.331,37.948,43.601,47.255,49.887,52.346,55.11,56.088,55.367,53.316,49.558,44.637,37.254,28.397,29.395,32.762,36.923,37.569,37.416
train_0126,10,12,,35.332,43.135,56.998,56.49,47.775,40.604,37.945,37.524,36.827,35.326,34.025,32.236,32.519,34.861,38.632,43.905,43.432,37.424,30.857,26.957
train_0126,11,12,41.055,36.538,28.181,43.287,51.009,55.314,58.452,61.053,63.815,65.349,65.286,63.619,59.178,53.03,44.32,34.078,34.79,39.131,44.307,44.808,44.604
train_0126,12,12,38.981,35.316,26.729,39.765,47.253,52.044,55.322,57.293,59.461,60.87,,59.625,,51.051,42.899,32.842,33.294,36.602,40.211,39.707,38.651
train_0127,1,8,29.13,28.128,25.039,28.668,32.945,36.577,42.154,65.367,66.347,66.873,66.823,65.923,42.493,38.324,37.635,36.911,32.675,28.47,22.33,19.01,22.67
train_0127,2,8,35.123,31.028,22.593,28.614,35.337,42.224,48.178,51.453,53.132,53.939,52.589,50.768,48.242,44.122,,35.673,30.123,24.413,14.444,10.29,18.336
train_0127,3,8,39.057,,26.199,30.864,38.427,,52.938,56.307,58.832,60.694,59.38,57.929,55.118,50.109,45.998,39.801,33.938,26.062,12.616,16.821,19.764
train_0127,4,8,32.909,27.721,21.288,28.798,35.692,42.794,48.374,51.395,52.917,52.875,50.752,49.983,48.721,45.249,41.331,36.216,31.049,25.475,15.419,10.441,17.647
train_0127,5,8,36.244,34.629,27.422,23.995,32.271,39.747,46.944,51.933,54.892,56.551,55.85,53.173,51.619,48.358,44.148,39.609,32.874,26.492,,8.499,16.125
train_0127,6,8,35.216,29.3,10.43,4.829,19.055,30.222,36.52,36.921,36.009,34.723,33.176,29.856,27.092,23.387,25.496,26.438,23.826,21.875,14.617,4.9,6.892
train_0127,7,8,38.064,35.324,26.686,28.265,36.086,43.337,50.114,54.466,57.05,58.227,56.889,54.754,52.855,48.562,43.722,38.557,32.483,26.079,14.93,10.578,18.122
train_0127,8,8,40.748,37.699,28.752,25.611,34.776,,51.208,55.594,57.52,58.888,58.536,56.295,,51.816,46.842,41.779,35.003,28.513,17.519,10.889,20.426
train_0128,1,8,37.955,36.463,28.843,26.353,35.064,42.988,49.995,54.141,56.337,57.578,56.617,54.344,52.102,47.964,44.04,39.248,33.495,26.757,14.547,14.03,19.657
train_0128,2,8,31.728,29.702,21.724,23.05,30.65,38.511,45.582,49.555,51.137,51.155,49.412,48.228,46.927,42.806,38.656,33.887,28.68,22.239,10.311,9.404,16.107
train_0128,3,8,35.822,32.972,24.519,26.619,34.363,42.192,48.429,51.071,52.294,53.607,53.087,52.146,49.212,43.891,40.296,35.768,30.752,22.724,10.221,15.18,17.905
train_0128,4,8,33.265,30.42,21.776,24.892,32.444,,47.402,51.466,53.77,54.676,53.508,51.987,50.927,47.578,43.11,37.995,31.649,25.683,15.454,8.502,17.078
train_0128,5,8,32.774,30.679,22.93,25.807,33.303,40.154,45.872,49.475,52.225,53.859,52.907,50.782,,45.832,42.049,37.489,30.952,24.813,15.243,9.524,18.681
train_0128,6,8,32.955,36.458,44.569,,38.865,45.524,50.892,51.912,46.842,29.106,48.037,59.059,63.508,61.376,59.098,56.87,52.609,46.104,36.465,27.064,33.496
train_0128,7,8,37.46,37.558,31.808,26.086,34.131,41.705,49.772,55.413,57.986,59.237,59.258,,56.422,52.408,47.458,43.071,37.039,30.797,19.033,12.313,20.013
train_0128,8,8,36.277,32.781,24.454,28.994,36.378,42.999,48.796,52.241,53.999,54.904,54.01,52.832,51.188,47.621,44.203,39.758,34.496,27.962,15.712,11.7,18.694
train_0129,1,12,34.494,26.662,26.518,,45.711,53.859,60.069,62.802,62.562,60.948,53.587,44.905,37.458,31.949,28.425,27.331,29.76,33.585,37.252,36.216,35.874
train_0129,2,12,36.804,29.873,30.138,40.814,51.37,59.161,64.831,67.44,67.807,66.14,58.077,48.297,39.621,33.092,29.545,30.128,34.155,39.208,40.702,39.111,38.122
train_0129,3,12,34.074,29.513,25.733,33.698,43.577,51.958,58.618,61.68,61.145,59.804,53.184,44.425,36.242,30.579,27.692,27.797,,35.466,37.001,,35.361
train_0129,4,12,36.753,,33.347,44.341,54.435,61.67,66.849,68.641,68.613,64.982,56.265,46.807,39.385,34.389,31.731,33.597,37.988,42.48,41.376,,40.965
train_0129,5,12,,28.797,29.741,40.019,50.043,57.397,62.459,64.249,,62.375,54.945,,37.486,31.923,28.653,28.549,31.72,36.253,37.587,36.771,37.316
train_0129,6,12,52.187,69.218,74.667,75.731,64.245,44.386,32.004,25.007,21.916,,16.663,13.042,10.124,8.214,9.515,,9.964,11.817,13.825,15.453,16.446
train_0129,7,12,35.638,29.749,36.617,47.046,55.759,62.674,67.555,68.884,68.921,65.239,56.643,47.153,39.772,34.668,31.727,32.849,36.915,41.678,42.471,40.585,39.111
train_0129,8,12,31.478,25.802,31.166,41.352,49.999,55.974,60.184,61.956,62.427,59.654,52.256,43.882,36.584,30.795,27.028,27.423,31.548,36.984,38.796,37.548,36.797
train_0129,9,12,,29.272,30.598,41.19,51.38,59.096,64.968,67.486,,65.12,56.78,47.362,39.535,33.749,30.252,31.073,35.13,40.157,40.628,39.377,38.368
train_0129,10,12,38.242,30.88,32.881,43.018,54.238,63.216,68.603,,70.18,69.227,,50.47,41.516,36.385,33.134,31.999,34.503,39.5,42.316,41.632,42.063
train_0129,11,12,40.114,36.124,31.35,40.107,51.026,59.225,65.311,69.301,70.137,69.29,61.86,51.846,42.749,36.698,33.247,32.48,35.491,40.299,42.31,40.909,40.798
train_0129,12,12,32.49,22.167,20.166,42.035,53.954,61.445,66.153,65.682,59.687,49.847,54.104,53.039,48.091,42.54,39.408,40.199,44.226,48.552,48.699,44.381,43.215
train_0130,1,12,39.443,33.43,26.687,31.574,42.753,52.758,60.245,65.493,67.525,68.158,64.231,55.72,,38.659,33.772,32.081,34.904,39.374,43.87,42.88,42.979
train_0130,2,12,36.132,30.708,29.543,38.804,49.487,57.757,63.982,68.014,69.063,69.167,63.621,55.377,47.13,40.089,34.783,32.347,34.671,38.91,43.63,43.823,44.169
train_0130,3,12,42.742,,27.71,35.612,47.409,57.152,64.151,68.446,69.824,70.916,65.947,56.398,46.605,39.348,34.799,32.716,34.988,39.754,45.178,44.497,43.963
train_0130,4,12,43.094,35.903,29.204,35.012,46.052,55.378,62.224,67.296,69.566,70.586,67.555,59.786,50.719,42.726,37.053,33.806,34.454,38.38,44.098,44.865,44.04
train_0130,5,12,45.5,38.589,33.468,42.21,54.022,63.423,70.752,75.887,76,76,71.193,61.011,50.885,43.674,39.356,37.448,40.035,44.817,49.445,48.091,48.034
train_0130,6,12,36.363,29.03,25.519,34.328,45.553,54.138,60.252,64.391,65.594,65.881,62.188,54.542,,38.323,32.77,29.718,30.376,34.281,39.747,41.61,39.964
train_0130,7,12,40.846,33.802,28.447,35.746,,56.105,62.954,67.782,69.213,69.598,66.031,58.049,48.874,,36.545,33.826,35.485,39.938,45.419,45.701,45.368
train_0130,8,12,44.011,42.536,27.741,35.004,45.69,52.128,49.049,52.946,49.668,43.448,40.716,34.902,28.994,20.563,15.67,19.932,26.679,29.191,34.621,32.079,29.158
train_0130,9,12,46.512,37.653,32.552,41.016,51.761,60.823,69.012,75.071,76,76,70.773,61.087,50.944,43.745,39.16,36.924,39.529,44.258,49.286,48.699,48.618
train_0130,10,12,27.888,25.262,23.991,28.755,,37.512,43.117,69.94,71.054,70.342,67.641,63.866,37.265,30.383,28.477,31.112,,32.818,34.362,33.189,
train_0130,11,12,36.887,29.033,26.563,35.085,,53.404,59.666,63.49,64.511,64.301,58.254,49.868,42.029,36.46,32.69,30.227,31.804,36.368,41.908,41.586,40.487
train_0130,12,12,,34.348,28.366,33.945,44.876,53.867,59.918,63.986,65.317,65.73,62.366,54.574,46.112,39.715,35.47,33.108,34.614,38.477,43.575,44.251,44.444
train_0131,1,16,25.946,34.023,48.296,62.49,60.501,49.453,39.016,32.97,31.652,31.425,30.774,28.623,26.308,26.502,31.092,39.352,46.167,44.466,,26.22,21.978
train_0131,2,16,40.562,30.723,33.586,47.681,53.123,57.048,60.392,,66.145,66.341,65.379,63.055,59.536,53.869,43.919,34.171,36.27,40.807,44.513,44.174,
train_0131,3,16,38.007,32.64,29.17,,52.212,56.561,60.08,63.07,65.56,65.582,64.456,61.812,57.94,51.239,39.754,32.908,36.007,41.261,42.744,43.27,
train_0131,4,16,43.02,32.88,,50.054,56.711,61.34,64.727,,70.827,71.524,70.666,66.783,60.711,52.065,39.966,34.5,38.316,45.001,46.817,45.568,43.261
train_0131,5,16,39.178,35.945,26.328,41.022,49.448,54.2,,61.822,65.205,66.224,65.429,63.263,58.917,52.338,41.921,32.29,34.549,39.173,42.066,,42.577
train_0131,6,16,38.676,35.634,32.959,41.703,44.715,41.925,,42.909,49.631,49.511,,47.627,46.392,43.747,39.26,35.939,38.73,42.474,45.629,47.371,49.168
train_0131,7,16,42.221,44.032,40.351,51.261,,,46.559,48.192,48.711,42.938,44.839,44.899,43.056,34.756,23.7,20.753,28.77,29.661,33.072,31.055,28.026
train_0131,8,16,42.89,36.214,29.679,48.032,55.533,60.076,63.123,65.729,68.503,69.542,69.28,67.462,62.693,55.804,45.761,34.591,36.588,41.41,46.301,46.317,45.729
train_0131,9,16,37.387,31.019,26.514,42.754,48.716,53.188,57.243,60.736,63.403,63.499,62.273,59.379,54.654,47.881,37.504,,32.538,37.734,40.351,39.636,38.27
train_0131,10,16,46.066,35.951,37.461,53.605,59.514,63.768,67.369,70.837,73.812,74.618,74.253,71.673,66.999,60.172,48.997,37.726,39.832,44.661,48.822,48.493,47.505
train_0131,11,16,43.019,37.126,30.551,48.434,55.54,59.708,63.173,66.757,70.087,71.2,70.599,68.001,62.829,55.696,45.413,35.074,,41.709,45.956,46.646,46.662
train_0131,12,16,44.153,38.522,29.572,,55.376,60.227,,,68.8,70.322,70.061,68.508,64.073,57.376,47.584,35.561,,39.883,45.727,46.185,44.894
train_0131,13,16,39.003,31.257,,45.713,51.433,55.029,58.035,60.925,63.236,63.218,62.094,59.244,54.87,48.157,37.618,30.766,33.698,38.847,41.064,41.386,41.509
train_0131,14,16,39.24,31.397,20.381,37.088,,53.992,57.572,59.413,61.183,61.489,61.541,58.754,53.897,46.956,37.732,30.075,33.753,40.426,44.042,41.092,37.137
train_0131,15,16,40.43,37.556,27.419,43.036,52.925,58.062,61.969,65.234,68.318,69.336,68.584,66.367,61.863,55.246,44.756,,36.652,41.207,44.733,45.483,45.182
train_0131,16,16,38.175,34.996,25.389,40.196,48.107,52.574,56.099,59.066,62.155,63.729,,61.643,57.287,51.07,41.039,29.79,31.6,,39.938,39.26,38.611
train_0132,1,12,,24.054,21.689,28.825,37.57,44.334,49.533,53.476,54.954,55.478,53.75,47.34,39.709,,28.55,25.874,25.384,27.884,31.46,,33.827
train_0132,2,12,36.812,30.482,25.135,30.285,40.203,48.426,54.058,58.056,60.297,61.69,61.503,55.379,46.808,39.147,34.16,30.795,29.014,31.347,35.632,39.694,38.969
train_0132,3,12,29.182,23.134,20.796,28.206,37.03,43.884,49.288,53.573,55.259,55.406,52.391,46.119,38.793,32.44,27.943,25.45,25.853,28.805,32.672,,33.954
train_0132,4,12,37.8,31.21,25.765,33.009,43.618,51.701,57.057,60.687,62.121,,60.443,53.112,44.136,36.893,32.43,30.243,31.477,35.314,40.32,40.529,39.631
train_0132,5,12,32.342,26.854,22.349,27.853,36.694,44.108,50.22,54.785,56.348,56.76,54.325,47.374,39.604,33.179,28.367,25.139,25.229,,,36.507,36.441
train_0132,6,12,33.32,27.289,23.392,30.978,41.1,49.077,54.771,58.456,59.67,60.358,56.533,48.979,41.301,35.312,30.936,28.512,29.465,,36.266,36.39,35.767
train_0132,7,12,21.926,22.231,22.382,25.178,28.285,30.733,36.364,65.91,66.009,66.324,65.306,63.636,30.989,26.588,28.341,28.851,28.747,28.446,28.761,27.791,25.755
train_0132,8,12,35.058,27.743,22.682,28.029,37.062,45.162,51.455,56.454,58.593,58.636,57.521,52.018,44.564,37.481,32.293,28.809,27.034,,33.352,37.625,37.457
train_0132,9,12,35.349,31.618,33.169,29.902,,39.121,,41.588,38.638,32.932,32.571,27.947,22.404,12.774,8.393,14.205,19.983,21.314,,25.357,
train_0132,10,12,34.45,28.451,23.542,30.833,41.454,49.576,55.603,60.002,60.902,60.134,56.216,49.397,42.192,36.485,31.97,29.087,30.048,33.104,37.087,,38.307
train_0132,11,12,33.256,27.159,24.11,,38.871,45.76,51.198,55.024,56.291,56.521,53.932,47.703,40.54,34.611,30.342,27.609,27.074,29.155,33.143,35.248,33.412
train_0132,12,12,34.555,28.97,23.748,27.953,36.79,44.309,50.179,,56.403,56.579,55.271,49.191,41.64,35.068,30.714,28.036,26.897,28.731,32.351,34.75,33.477
train_0133,1,16,37.153,29.495,25.291,32.887,43.02,51.177,57.546,62.172,63.317,62.672,58.276,51.201,43.488,36.705,31.888,29.376,30.55,34.317,39.475,40.16,39.059
train_0133,2,16,37.748,32.849,26.119,,37.959,,55.582,61.001,62.939,62.458,59.473,51.986,43.807,36.911,31.937,28.976,29.61,33.234,,38.374,37.956
train_0133,3,16,33.182,25.794,20.006,34.629,44.744,,56.848,57.654,53.913,49.724,56.458,55.799,50.465,44.937,41.571,40.326,41.96,43.758,45.202,44.537,43.299
train_0133,4,16,41.909,,31.339,39.596,50.17,59.109,65.97,,69.916,,65.335,57.39,48.511,41.197,35.946,32.957,34.08,37.895,43.185,43.861,42.764
train_0133,5,16,36.196,29.507,23.828,28.856,38.543,47.132,53.687,58.212,59.434,59.157,54.867,46.763,38.548,32.974,29.744,27.605,,31.288,36.264,37.066,36.866
train_0133,6,16,42.259,33.498,28.143,35.745,46.424,55.354,62.285,66.77,67.893,67.959,62.694,53.982,44.908,37.834,32.977,30.586,32.963,37.913,43.114,42.464,42.212
train_0133,7,16,39.163,33.453,26.66,,40.049,48.856,55.407,60.636,63.112,63.588,59.901,51.891,43.455,37.013,32.736,30.3,31.653,,38.907,37.569,37.337
train_0133,8,16,42.38,35.578,28.182,32.542,44.03,53.814,60.796,65.604,66.816,66.343,61.747,53.604,45.264,39.04,34.633,31.905,33.304,37.302,,41.731,41.74
train_0133,9,16,37.603,31.34,25.666,30.41,40.384,49.279,55.97,60.872,,61.798,57.856,50.53,42.792,36.158,31.427,28.933,29.802,33.208,38.011,38.755,37.939
train_0133,10,16,39.838,32.913,29.396,37.719,47.978,55.719,61.431,65.571,67.317,67.961,,53.852,44.717,37.823,33.885,32.44,34.568,,42.056,41.277,41.462
train_0133,11,16,40.742,34.705,28.221,31.887,41.697,50.469,57.221,62.611,65.258,66.072,63.166,55.105,,38.647,33.524,30.812,32.263,36.315,41.093,41.669,
train_0133,12,16,41.579,33.759,28.469,35.351,45.572,53.689,60.132,64.709,65.874,65.666,61.348,53.553,45.576,39.482,35.755,33.762,34.474,37.013,40.809,40.865,40.959
train_0133,13,16,20.27,18.998,17.935,20.805,24.77,30.276,34.757,38.464,41.532,45.138,,49.805,51.03,52.309,52.918,53.196,55.237,58.267,60.503,60.751,59.8
train_0133,14,16,38.634,35.364,28.595,28.774,38.52,48.256,55.711,61.286,63.275,62.98,60.592,53.333,44.977,38.119,33.403,30.665,31.79,35.659,40.257,40.357,39.998
train_0133,15,16,40.743,33.948,28.577,35.347,,55.165,62.184,66.789,67.716,67.415,61.88,53.285,45.186,39.307,35.126,33.023,35.501,39.774,43.314,41.788,41.511
train_0133,16,16,44.281,38.603,30.967,32.797,43.091,52.394,59.687,65.521,67.907,67.863,64.035,55.155,46.219,39.814,35.204,32.136,33.596,38.075,43.06,42.291,42.119
train_0134,1,8,42.214,43.027,40.439,29.359,44.354,52.454,57.375,61.507,,68.671,68.798,67.232,63.084,,47.526,34.787,35.198,40.702,45.577,45.423,43.964
train_0134,2,8,39.808,40.565,37.402,27.136,42.593,50.868,55.423,59.061,62.393,66.146,67.892,67.035,63.238,57.709,50.617,39.729,33.21,36.997,42.366,42.888,41.679
train_0134,3,8,34.409,33.557,28.291,22.284,38.63,45.143,49.315,52.315,55.477,58.225,,57.006,52.649,47.597,39.887,28.903,29.477,33.75,37.596,,38.29
train_0134,4,8,37.13,36.617,32.654,24.831,40.672,47.301,51.431,54.851,,60.76,61.456,60.433,57.056,51.907,44.968,34.709,29.51,33.032,38.653,40.482,40.926
train_0134,5,8,36.29,36.83,34.512,25.055,38.728,47.716,52.222,54.99,57.674,60.986,61.982,60.803,57.147,,45.549,34.89,31.874,35.197,40.039,40.821,41.076
train_0134,6,8,39.27,38.958,34.451,24.319,40.159,48.176,53.838,57.666,60.535,62.84,62.69,61.34,57.527,52.318,44.137,32.621,32.945,37.394,,40.684,39.974
train_0134,7,8,40.523,41.111,37.037,27.974,45.761,53.257,57.048,60.204,63.886,67.734,68.551,67.485,64.76,60.21,52.022,39.27,33.182,36.654,42.638,43.807,43.381
train_0134,8,8,35.273,36.447,33.759,25.129,39.808,47.696,52.211,55,,59.198,60.153,60.091,58.04,53.564,46.909,37.009,,33.789,38.369,39.459,39.159
train_0135,1,8,48.893,43.269,34.698,44.871,53.963,62.889,69.302,72.667,74.956,75.592,73.087,71.276,66.515,60.301,54.524,46.735,39.342,25.95,18.969,28.655,28.57
train_0135,2,8,44.353,38.875,30.54,40.28,49.266,57.875,63.524,,68.389,68.585,67.232,65.478,60.736,56.016,49.129,41.639,32.396,16.688,22.81,26.581,26.826
train_0135,3,8,39.813,,30.508,40.677,49.316,56.783,61.102,63.573,65.416,65.131,63.468,60.99,56.182,52.076,46.349,38.886,29.916,15.388,16.706,24.745,25.014
train_0135,4,8,46.022,43.649,33.795,36.998,46.771,56.098,63.175,66.489,68.914,70.514,68.515,67.506,64.361,59.449,54.41,45.724,37.125,22.884,17.739,26.86,26.722
train_0135,5,8,49.662,43.562,33.622,43.152,52.105,60.738,66.992,70.374,72.731,73.841,72.216,71.573,67.612,61.814,57.095,49.054,41.071,28.576,18.55,29.047,28.122
train_0135,6,8,48.186,42.745,32.189,41.344,51.077,60.565,66.644,69.013,,70.55,68.999,,63.775,58.364,52.523,45.229,37.173,21.773,20.744,28.015,28.367
train_0135,7,8,22.337,25.143,26.117,29.92,32.307,34.703,36.258,37.64,38.423,,41.342,,46.172,48.475,50.716,54.262,58.863,61.272,64.626,67.92,
train_0135,8,8,42.629,36.823,27.812,36.816,45.109,52.953,,,63.578,63.526,61.421,60.008,55.79,50.624,44.08,36.941,29.212,14.967,17.04,22.163,22.304
train_0136,1,16,40.013,41.001,29.461,37.396,45.791,,57.474,61.87,65.37,66.905,67.82,66.415,63.54,58.704,53.87,49.806,44.286,36.526,31.717,11.709,26.383
train_0136,2,16,39.758,39.289,26.883,,42.845,47.986,52.798,,60.591,62.201,62.757,60.222,56.045,51.062,47.731,44.593,38.474,30.774,24.491,13.076,23.431
train_0136,3,16,41.002,41.724,30.482,37.126,45.426,51.343,56.848,61.46,65.417,67.161,67.91,66.138,62.437,57.457,52.686,48.934,44.403,36.498,30.3,10.701,23.902
train_0136,4,16,38.426,,26.652,38.681,44.408,49.109,,58.428,61.519,62.278,61.779,59.401,55.912,51.232,47.567,44.104,38.248,31.033,24.871,11.092,22.689
train_0136,5,16,41.603,37.952,29.606,41.613,47.225,51.783,55.683,59.435,,63.558,64.377,62.283,58.632,54.002,50.17,46.466,40.87,33.536,27.959,11.135,25.484
train_0136,6,16,33.653,34.48,23.381,30.833,38.522,44.213,48.782,52.652,56.32,58.111,58.797,56.795,53.515,49.361,45.953,42.61,37.175,29.769,25.244,,22.076
train_0136,7,16,41.542,41.141,27.688,,47.943,53.247,57.021,61.277,65.86,67.731,67.78,65.107,61.875,57.969,,49.119,,35.556,30.406,11.355,28.404
train_0136,8,16,35.784,,22.853,35.416,42.201,47.352,,54.373,57.282,58.846,59.599,57.513,54.024,49.999,46.596,42.37,35.902,28.279,23.374,7.75,22.997
train_0136,9,16,42.62,43.295,29.487,40.539,47.028,52.461,57.767,63.334,68.156,69.727,69.649,66.638,62.702,58.041,53.602,49.383,43.699,35.847,30.11,11.685,28.154
train_0136,10,16,40.214,39.215,24.705,36.446,43.499,49.631,54.839,59.812,63.433,64.499,64.744,62.736,59.53,54.285,48.981,44.168,38.061,,25.089,11.194,24.326
train_0136,11,16,40.704,39.775,28.132,39.85,45.868,51.292,56.1,60.695,64.134,65.213,65.2,62.478,58.771,54.441,50.656,46.906,41.853,34.775,30.113,10.932,25.848
train_0136,12,16,40.527,39.634,28.25,40.783,47.046,52.349,,62.111,65.38,66.416,66.707,64.44,60.984,56.735,52.815,48.884,43.305,35.321,30.423,13.347,24.707
train_0136,13,16,36.894,35.757,25.039,36.358,42.221,47.417,51.436,54.789,57.596,59.163,60.289,58.616,55.056,50.067,45.839,42.506,38.239,31.746,27.309,8.788,22.222
train_0136,14,16,40.272,38.138,26.124,38.975,45.976,51.894,57.001,61.514,64.429,65.254,65.057,62.558,59.572,55.23,50.815,46.641,40.977,33.573,27.732,,25.719
train_0136,15,16,38.885,38.88,27.334,39.817,46.01,50.539,54.721,59.415,63.093,64.403,65.075,63.582,60.48,55.805,51.733,47.652,41.752,34.095,29.282,11.291,27.298
train_0136,16,16,42.383,42.763,28.901,41.663,48.617,54.04,58.791,63.859,68.012,69.719,70.42,68.406,64.869,59.553,54.589,49.668,42.667,35.075,27.659,16.355,27.162
train_0137,1,12,41.059,36.926,26.474,,41.097,50.221,57.882,62.081,64.497,65.914,64.772,62.609,59.722,54.643,50.081,45.001,38.519,,18.02,11.475,20.085
train_0137,2,12,41.43,39.323,38.342,,30.681,21.998,43.284,50.406,50.437,50.447,49.998,48.063,46.846,45.792,45.08,43.936,42.764,41.875,39.787,38.786,42.998
train_0137,3,12,,35.858,28.378,37.782,46.423,55.009,61.33,64.91,68.001,69.85,67.514,65.393,62.197,57.027,52.517,46.348,40.194,32.603,18.192,13.021,21.784
train_0137,4,12,42.743,37.355,27.68,35.979,45.004,53.823,60.476,63.799,66.03,67.968,68.17,66.729,64.657,59.702,54.031,49.914,43.011,36.705,27.17,12.906,
train_0137,5,12,41.799,36.145,25.629,32.641,41.02,49.971,57.18,60.643,62.665,64.297,64.098,63.089,60.897,56.285,51.952,46.838,39.009,31.384,20.123,11.347,21.844
train_0137,6,12,44.248,38.626,31.94,36.557,46.254,55.743,61.701,63.315,62.261,,62.937,68.534,70.223,66.646,62.445,57.606,50.93,42.995,31.109,19.547,28.175
train_0137,7,12,42.959,36.568,27.923,37.019,,54.922,61.281,64.349,,66.827,66.081,65.11,63.709,59.393,,49.321,42.248,36.294,27.133,,23.243
train_0137,8,12,42.746,34.791,29.051,37.922,46.286,54.51,59.999,62.301,64.23,65.77,64.551,63.152,60.488,55.57,51.153,46.859,40.829,34.332,23.967,14.101,24.786
train_0137,9,12,45.621,39.643,30.81,39.578,47.155,55.079,62.348,66.575,68.765,69.957,69.218,67.752,66.675,63.389,58.267,52.478,43.999,37.308,27.966,14.4,
train_0137,10,12,45.481,41.908,32.038,33.51,42.844,51.244,58.518,62.625,64.566,66.027,66.145,64.399,62.263,58.021,53.371,48.254,41.255,34.89,23.411,14.697,24.428
train_0137,11,12,45.021,39.067,29.115,38.369,47.367,56.03,62.603,66.293,69.155,71.035,69.933,67.891,65.293,60.316,,48.51,41.214,34.795,23.496,13.821,22.79
train_0137,12,12,44.005,38.187,28.34,37.106,45.734,54.25,60.709,64.282,67.328,69.438,68.116,65.65,,57.941,53.518,48.763,41.719,34.92,23.865,13.628,
train_0138,1,8,41.406,35.958,33.27,,52.48,60.438,65.421,68.206,70.184,70.071,66.879,64.844,60.878,55.432,50.431,42.919,36.663,25.971,13.963,24.702,25.606
train_0138,2,8,41.342,32.774,34.59,42.388,50.486,57.744,62.274,65.407,66.977,65.898,63.928,61.41,56.537,52.387,47.352,40.294,32.688,19.741,14.827,23.178,23.508
train_0138,3,8,39.648,30.757,34.738,42.787,,54.977,59.001,61.913,,63.37,61.876,60.858,57.44,52.669,47.866,40.649,35.457,27.433,15.193,23.236,23.459
train_0138,4,8,41.308,32.589,41.474,49.764,58.267,64.482,67.219,69.021,69.902,68.202,67.147,64.393,58.803,54.479,49.276,42.741,34.959,21.87,17.619,26.841,27.591
train_0138,5,8,22.386,24.151,26.239,29.026,31.542,33.859,35.644,36.684,36.81,36.919,38.38,40.713,43.423,47.094,51.226,54.475,57.365,59.524,62.153,66.422,68.549
train_0138,6,8,43.917,37.886,34.422,43.611,51.468,59.461,65.071,68.232,69.969,69.501,67.12,65.232,60.332,54.768,49.862,42.807,,23.061,15.236,25.245,25.632
train_0138,7,8,41.599,32.071,39.639,47.513,56.104,63.716,67.547,69.091,69.779,68.704,67.571,65.517,61.03,,51.152,43.428,36.241,25.342,18.802,28.291,27.989
train_0138,8,8,39.58,29.685,16.996,51.414,51.056,56.528,,53.508,49.304,41.048,42.337,42.243,40.569,34.539,29.3,29.422,28.241,15.952,6.979,15.054,
train_0139,1,12,51.128,64.411,67,69.196,63.015,47.423,36.504,31.316,29.08,26.946,25.619,23.785,21.974,19.673,19.554,18.005,17.887,16.701,14.357,15.818,16.998
train_0139,2,12,32.268,25.871,22.507,29.183,34.893,40.856,45.447,47.706,48.772,48.998,47.322,46.761,44.669,41.074,38.099,32.642,27.723,20.499,8.983,12.578,16.527
train_0139,3,12,31.064,25.037,22.18,30.173,37.008,43.515,48.177,50.342,51.236,51.196,49.431,48.739,46.302,42.691,39.623,33.463,28,20.303,9.373,16.766,17.985
train_0139,4,12,30.858,22.972,25.987,33.152,39.881,45.641,48.719,49.831,50.552,50.797,49.4,48.76,46.196,41.996,,32.57,27.599,20.671,8.888,11.261,15.958
train_0139,5,12,27.953,23.428,22.216,30.062,36.593,42.629,46.687,48.756,50.06,50.487,49.332,48.403,45.231,40.857,36.813,30.691,25.378,16.736,7.455,15.604,15.982
train_0139,6,12,31.986,25.614,31.03,38.822,42.423,47.789,51.208,51.701,48.7,36.839,44.431,53.323,57.309,55.142,53.41,49.502,45.612,37.841,25.874,26.201,29.52
train_0139,7,12,34.451,28.702,22.81,31.304,39.088,46.499,51.763,54.245,55.707,56.272,54.177,52.639,49.852,45.549,42.038,36.795,32.039,25.861,13.911,12.691,19.665
train_0139,8,12,34.897,27.947,,35.44,41.927,47.596,51.7,54.074,55.522,56.04,54.395,53.736,51.324,47.263,43.403,36.324,30.483,23.103,10.897,14.697,19.187
train_0139,9,12,30.268,23.02,23.366,30.849,37.468,43.392,47.291,49.208,50.224,50.411,48.597,47.885,45.529,41.403,37.985,33.057,28.372,23.039,13.582,10.4,18.173
train_0139,10,12,33.359,24.614,28.793,36.269,43.16,48.357,51.486,53.813,55.164,55.009,53.677,53.26,50.613,46.234,42.65,36.525,30.978,23.006,11.181,16.538,19.206
train_0139,11,12,31.677,24.074,26.051,33.63,41.41,48.252,,54.457,55.902,55.292,52.865,51.283,48.164,43.986,39.726,32.918,27.269,18.981,8.862,18.417,18.926
train_0139,12,12,31.999,24.658,22.383,26.247,31.97,,44.663,46.357,47.147,46.335,43.689,42.387,39.584,35.195,33.891,30.706,26.953,22.072,11.955,12.235,14.983
train_0140,1,8,31.653,30.22,23.63,34.11,38.667,41.971,44.748,47.925,50.279,51.88,52.178,49.887,46.226,42.233,39.5,36.214,30.531,25.267,15.517,15.136,23.796
train_0140,2,8,30.43,30.966,21.548,30.647,36.557,41.382,44.933,48.006,50.184,51.207,51.415,49.472,46.301,42.526,39.312,35.592,29.905,25.608,12.07,19.354,23.725
train_0140,3,8,35.356,32.83,27.581,37.76,42.299,46.407,50.382,54.744,57.487,58.192,57.737,55.733,52.693,48.158,43.866,39.673,33.999,28.966,22.305,17.358,27.136
train_0140,4,8,31.551,28.112,19.756,25.771,28.824,34.714,39.359,42.515,43.565,43.198,42.181,39.398,35.233,30.984,29.825,28.41,23.207,20.134,5.832,15.895,18.881
train_0140,5,8,30.224,30.993,21.402,31.438,37.173,41.545,44.993,48.356,50.355,,50.517,48.686,45.751,42.358,39.375,35.424,28.756,23.551,7.348,19.296,23.204
train_0140,6,8,29.029,22.934,,31.15,36.782,41.214,44.631,47.883,49.43,50.027,49.582,47.802,44.469,40.673,38.016,34.815,28.779,23.504,10.977,15.582,21.848
train_0140,7,8,35.992,32.56,24.84,35.384,40.149,44.467,48.568,52.559,54.72,55.415,54.647,52.363,49.052,45.105,41.694,37.552,30.553,25.074,9.005,,25.073
train_0140,8,8,35.693,32.889,25.198,35.467,40.522,44.873,48.732,52.787,55.421,56.506,56.006,53.746,50.676,46.814,43.522,39.722,33.283,27.691,16.48,19.882,28.346
train_0141,1,12,38.676,36.141,28.912,26.792,35.473,,53.633,59.608,62.668,63.438,62.189,54.49,45.229,37.725,33.153,30.551,29.844,32.443,37.631,40.173,
train_0141,2,12,30.429,25.733,27.15,29.32,39.493,48.38,54.337,56.286,51.296,39.56,52.439,56.907,54.329,49.506,46.824,45.456,45.14,46.81,49.598,46.394,44.939
train_0141,3,12,38.628,34.51,27.66,28.417,38.461,48.512,55.792,60.867,63.013,63.182,61.411,54.553,46.231,39.117,34.341,31.683,32.27,35.952,,42.673,42.403
train_0141,4,12,39.868,36.913,29.441,28.214,37.775,47.553,54.959,60.678,63.315,63.622,61.403,53.53,44.678,37.821,33.324,30.703,,36.043,41.376,41.497,41.408
train_0141,5,12,35.171,30.179,24.067,26.07,35.299,43.971,50.612,55.933,58.818,59.96,59.214,52.526,44.082,36.701,,28.015,28.256,31.535,35.441,37.078,36.477
train_0141,6,12,41.685,38.08,31.565,31.437,40.602,50.067,57.602,63.531,66.568,67.039,65.893,58.946,49.994,41.922,36.323,32.874,32.095,35.258,40.72,43.784,43.253
train_0141,7,12,29.516,24.761,27.446,29.625,39.055,47.56,54.12,57.394,53.488,41.719,53.546,57.652,,49.578,46.341,44.884,44.713,46.089,48.615,46.025,44.899
train_0141,8,12,39.283,,30.899,26.703,34.989,45.619,53.633,59.197,62.073,62.885,62.843,56.206,47.711,40.2,34.108,30.047,29.894,33.672,39.119,41.032,41.104
train_0141,9,12,37.248,32.347,25.093,26.191,36.179,46.037,53.47,58.89,61.544,62.549,62.034,55.422,47.045,39.243,33.301,,29.073,32.11,36.765,39.238,37.139
train_0141,10,12,33.266,28.95,23.943,26.481,34.398,41.635,47.938,53.673,56.577,56.788,55.055,48.749,41.359,35.163,31.114,28.659,27.868,29.69,33.192,35.682,35.021
train_0141,11,12,37.827,35.154,28.215,26.31,34.898,45.103,53.792,59.652,62.067,62.978,63.205,56.395,46.916,38.454,32.539,29.782,30.757,34.422,38.412,40.343,40.665
train_0141,12,12,38.301,37.483,29.422,25.277,33.467,43.568,51.339,57.236,60.541,60.981,60.309,53.884,45.438,37.743,32.306,29.15,29.163,32.362,37.128,39.001,39.369
train_0142,1,8,39.318,,30.656,26.754,36.582,45.558,53.443,57.834,60.219,61.275,59.145,57.724,54.372,49.325,45.623,38.937,32.33,19.682,13.743,21.911,21.89
train_0142,2,8,45.695,42.03,30.689,35.139,45.188,54.892,62.863,67.41,70.36,71.503,,66.878,63.57,58.226,53.543,44.959,37.195,24.962,14.926,26.816,27.309
train_0142,3,8,44.969,39.279,29.089,,47.655,57.141,63.771,66.667,68.356,68.803,66.314,65.177,61.737,56.692,51.721,43.908,36.532,,16.382,26.409,26.265
train_0142,4,8,39.081,,28.069,29.487,38.482,46.757,53.844,57.908,,61.239,59.606,58.978,56.784,51.881,47.687,40.385,33.914,24.241,10.922,22.331,23.194
train_0142,5,8,46.254,58.551,58.874,59.751,,43.969,37.101,34.151,32.879,31.135,28.591,26.697,24.871,22.514,21.118,18.67,16.893,13.534,10.06,13.736,13.912
train_0142,6,8,41.187,40.423,33.011,26.896,37.914,48.101,56.699,,,66.794,65.59,63.964,60.227,,48.93,40.351,32.449,19.615,11.01,21.551,21.314
train_0142,7,8,39.317,35.205,24.891,32.241,41.612,50.793,57.763,61.476,63.613,63.302,60.229,,55.878,50.211,44.901,38.304,31.132,16.864,14.285,21.827,21.561
train_0142,8,8,37.601,,11.279,4.89,24.261,37.43,45.236,46.262,45.226,42.948,39.828,36.957,33.068,27.717,29.018,27.305,24.145,18.948,15.314,,13.214
train_0143,1,8,36.832,36.486,31.666,24.441,39.975,46.113,49.755,52.25,54.474,57.107,57.857,57.24,54.832,50.807,43.888,33.131,28.406,31.96,37.09,37.166,35.957
train_0143,2,8,31.6,31.61,27.532,21.101,34.964,40.327,43.917,46.638,49.103,51.705,52.692,52.767,50.668,46.537,40.145,30.473,,,33.49,34.36,34.344
train_0143,3,8,33.087,33.189,,13.954,21.577,30.84,35.924,36.252,36.769,36.544,34.541,32.34,27.76,23.328,,17.377,19.662,,37.758,31.941,24.31
train_0143,4,8,33.796,33.478,26.893,26.517,41.142,46.249,49.755,52.666,55.673,57.982,58.229,57.452,54.035,48.469,39.225,27.919,28.874,33.481,37.242,37.169,36.373
train_0143,5,8,34.565,34.118,29.868,24.572,39.265,45.316,49.246,51.656,53.601,55.706,56.028,55.043,51.586,46.545,39.353,29.683,28.827,32.358,36.425,36.127,34.877
train_0143,6,8,37.86,36.838,32.823,26.167,41.293,46.765,50.162,53.912,57.545,60.016,59.55,58.412,56.684,53.104,46.747,36.408,29.836,32.029,37.092,38.894,39.182
train_0143,7,8,31.242,31.809,29.065,20.908,33.649,39.472,43.675,47.198,50.173,52.635,53.21,52.654,49.277,43.999,36.486,26.827,26.86,30.419,33.679,33.397,32.68
train_0143,8,8,31.62,,26.482,19.423,34.889,41.567,,,51.618,53.864,54.142,53.34,49.918,44.718,36.805,26.326,26.385,30.669,34.709,34.654,34.036
train_0144,1,12,43.949,41.225,31.504,36.373,45.845,55.054,62.387,66.298,68.926,70.477,68.572,67.141,,58.178,53.996,46.364,39.766,29.78,,27.546,26.896
train_0144,2,12,44.818,41.009,30.14,34.769,44.513,54.361,61.192,64.156,66.622,68.631,67.627,67.156,,56.567,51.346,,36.746,24.144,15.577,25.846,25.289
train_0144,3,12,41.573,39.047,29.349,32.104,40.695,49.207,56.954,61.697,64.823,66.751,65.271,63.647,59.679,53.874,50.027,43.002,36.218,25.51,11.03,21.949,22.573
train_0144,4,12,42.303,39.508,29.936,34.738,43.15,51.567,58.345,61.638,63.634,65.331,64.528,63.796,60.985,55.227,50.714,44.479,38.655,30.862,16.823,21.38,25.777
train_0144,5,12,46.433,39.164,29.358,,47.487,56.262,,66.362,69.013,70.436,68.127,66.949,63.664,58.143,53.206,44.737,38.214,28.638,13.664,24.497,26.004
train_0144,6,12,39.511,35.212,29.539,18.379,25.665,29.475,37.059,39.653,38.08,35.938,33.521,30.404,27.388,24.644,23.546,18.979,14.249,4.969,1,1.707,1
train_0144,7,12,38.78,35.47,25.976,29.149,38.703,47.491,54.217,57.414,59.494,60.781,58.733,57.225,53.711,48.521,44.685,37.581,31.114,20.867,12.029,21.62,21.143
train_0144,8,12,41.017,36.928,26.807,33.213,41.447,49.699,55.89,59.082,61.666,63.586,62.009,60.745,57.335,52.084,47.766,40.108,33.207,23.072,11.16,21.505,21.585
train_0144,9,12,38.637,34.625,25.468,30.542,39.611,48.056,54.195,56.966,58.863,60.024,58.199,56.789,54.642,50.364,46.682,40.4,34.115,25.998,12.182,16.872,21.833
train_0144,10,12,39.963,34.713,25.109,33.925,,51.843,58.914,62.245,,65.887,64.11,62.894,59.184,53.715,49.09,41.01,34.334,24.318,11.625,22.557,22.182
train_0144,11,12,48.08,47.034,40.999,23.134,44.134,51.995,,60.691,59.199,47.607,55.559,65.586,68.041,64.652,61.639,55.674,49.779,39.249,25.508,33.649,31.475
train_0144,12,12,36.755,,,30.342,39.627,48.097,54.706,58.09,60.496,61.869,59.859,58.753,55.75,50.624,45.882,,30.895,20.046,10.827,20.885,21.024
train_0145,1,12,34.065,27.742,27.035,36.306,45.883,53.126,58.699,61.643,62.741,61.172,53.809,45.066,38.055,33.538,31.004,31.903,35.644,40.907,,,40.915
train_0145,2,12,33.974,26.849,,31.766,47.239,54.678,60.048,60.988,55.831,46.927,51.085,,44.125,40.125,38.811,40.807,44.471,47.46,46.705,44.466,44.674
train_0145,3,12,36.556,29.897,28.226,36.558,45.968,53.98,60.447,63.33,63.254,61.604,54.889,47.093,40.239,34.803,31.352,,35.401,,42.48,42.117,42.69
train_0145,4,12,39.264,33.517,29.749,38.835,49.869,58.351,64.957,68.725,69.053,67.63,60.266,51.06,42.773,36.693,33.001,,38.548,44.92,45.738,44.078,43.424
train_0145,5,12,37.36,31.476,25.939,33.026,43.506,52.163,58.728,62.403,62.901,62.259,55.916,47.781,40.4,34.566,30.707,30.697,34.712,40.181,40.631,39.046,38.707
train_0145,6,12,30.623,24.014,23.319,32.561,41.708,48.497,54.247,57.956,59.05,58.312,51.669,42.962,35.148,30.015,27.377,27.579,31.068,35.581,37.4,36.696,36.994
train_0145,7,12,36.357,30.814,27.248,35.5,,53.717,,63.077,63.457,61.158,,,38.367,33.974,31.624,33.001,37.054,41.537,40.827,40.827,41.672
train_0145,8,12,32.2,26.282,21.992,30.631,41.193,48.647,53.635,56.138,56.833,56.221,49.618,41.048,34.145,29.806,,27.635,31.369,36.423,37.203,37.587,36.866
train_0145,9,12,37.079,29.325,27.598,37.588,48.551,56.771,62.694,65.775,66.349,64.846,57.901,49.137,40.991,35.247,31.806,32.087,36.02,41.204,41.569,40.614,
train_0145,10,12,40.781,32.165,27.803,36.573,47.808,,62.535,66.248,68.222,68.57,61.337,,43.945,38.511,34.893,33.879,36.796,41.487,44.929,,43.634
train_0145,11,12,,31.885,,33.265,41.972,47.432,44.778,48.999,46.698,42.252,37.746,30.308,24.622,18.196,14.558,20.694,28.338,31.905,,30.169,28.288
train_0145,12,12,37.705,32.706,27.275,34.17,44.31,51.958,57.786,61.798,62.925,62.718,56.74,48.924,41.716,36.031,32.013,31.257,34.326,39.38,40.676,40.054,39.893
train_0146,1,16,38.886,32.824,25.285,29.25,41.682,52.38,59.524,64.419,66.371,66.759,,53.034,44.107,37.596,32.887,30.31,32.599,37.333,42.044,41.074,41.013
train_0146,2,16,,27.677,22.196,28.634,38.791,47.195,54.042,58.869,,59.77,53.19,44.477,36.768,31.375,27.991,27.469,30.771,35.99,37.438,36.386,36.145
train_0146,3,16,38.501,31.787,26.129,,41.702,49.822,55.636,60.12,,62.636,58.693,50.953,43,37.014,32.98,30.565,31.48,34.562,39.041,38.841,38.864
train_0146,4,16,37.173,30.139,25.945,33.491,43.817,52.333,58.904,63.419,64.963,,59.515,50.893,42.355,35.997,31.759,29.509,31.545,35.968,40.222,39.497,39.992
train_0146,5,16,40.547,31.97,26.567,34.947,45.981,54.31,61.088,65.896,67.576,67.515,60.007,49.987,41.448,35.788,,31.836,34.477,39.022,,40.454,41.399
train_0146,6,16,35.571,30.139,24.373,29.061,38.893,47.49,54.216,,60.292,60.177,56.082,48.467,40.43,,31.099,29.124,30.597,34.5,39.348,39.018,38.983
train_0146,7,16,41.842,36.961,32.552,26.267,19.922,23.1,29.837,32.784,29.255,25.867,20.409,8.532,,,1.257,1,1,7.405,14.094,10.259,6.512
train_0146,8,16,38.034,31.813,26.39,31.39,40.939,48.914,54.871,59.636,61.735,61.681,56.447,47.901,39.947,34.709,31.211,29.505,32,35.832,38.752,37.768,39.141
train_0146,9,16,36.135,29.055,25.189,33.198,43.506,51.927,58.57,62.866,64.172,64.328,58.313,49.352,40.428,33.813,29.974,29.18,32.273,36.709,39.552,39.221,40.292
train_0146,10,16,34.835,29.749,22.884,25.603,35.797,45.303,52.065,56.341,57.758,58.274,54.273,46.969,39.233,32.588,27.694,25.491,27.929,32.43,,35.122,
train_0146,11,16,40.886,35.996,28.547,30.321,40.87,51.184,58.845,64.137,,67.257,63.848,55.795,46.802,39.489,34.365,31.671,33.631,37.998,42.363,41.931,43.104
train_0146,12,16,36.433,29.56,23.736,29.048,37.988,46.084,53.117,57.559,58.493,58.765,,44.719,36.785,31.843,29.082,28.512,31.286,35.569,36.995,36.248,36.726
train_0146,13,16,40.578,,28.3,28.565,38.121,47.532,55.21,61.406,63.808,63.805,60.192,52.437,43.94,37.001,32.343,30.232,32.534,,41.396,40.694,41.051
train_0146,14,16,29.946,21.942,25.706,31.854,43.191,50.902,56.707,59.477,56.437,,53.971,52.432,46.899,41.443,38.751,38.903,41.43,44.069,46.885,45.087,45.982
train_0146,15,16,37.093,29.712,24.237,31.125,42.253,51.827,58.983,63.356,64.044,63.651,58.428,50.147,41.675,35.297,30.996,28.586,30.546,35.386,40.695,40.458,40.601
train_0146,16,16,38.04,31.617,26.324,32.322,42.366,51.012,57.946,62.673,63.76,64.07,,52.586,44.5,38.13,33.741,31.466,33.05,36.716,41.378,41.206,41.549
train_0147,1,8,40.055,37.466,30.618,29.724,38.68,48.561,56.638,61.906,63.421,63.603,61.931,54.903,45.562,37.946,33.448,30.996,32.403,36.186,40.123,38.696,37.599
train_0147,2,8,38.876,34.764,27.535,27.484,36.472,45.308,51.922,56.858,59.213,59.918,58.063,50.73,42.036,35.005,30.222,27.48,28.217,31.819,37.062,37.941,
train_0147,3,8,43.685,40.444,32.851,33.144,43.689,54.05,61.874,67.677,70.027,69.691,65.084,55.793,46.852,40.088,35.238,32.703,34.845,39.228,43.503,41.959,41.439
train_0147,4,8,41.979,43.056,32.533,26.993,35.755,42.971,45.899,51.401,50.492,46.586,47.084,41.108,33.733,,18.232,19.242,24.194,27.838,32.685,31.755,28.348
train_0147,5,8,42.766,40.418,32.343,29.291,38.222,48.144,55.191,60.396,63.069,63.228,62.451,56.103,47.789,40.324,35.07,31.705,30.928,33.727,38.089,39.24,37.94
train_0147,6,8,39.179,31.793,25.067,29.539,,48.657,55.524,60.764,62.688,62.5,58.585,50.299,41.318,34.158,29.348,26.719,,31.754,37.25,38.016,37.005
train_0147,7,8,36.62,32.912,25.185,24.679,34.319,44.144,51.512,56.574,58.549,58.877,55.99,47.85,39.199,32.882,28.918,26.967,28.906,32.843,36.77,35.309,34.451
train_0147,8,8,42.006,39.38,30.733,26.982,35.786,,54.411,60.324,63.298,63.208,61.694,54.391,45.631,38.168,32.841,29.775,29.994,33.467,38.097,39.368,38.791
train_0148,1,12,25.664,29.034,29.324,29.404,27.723,26.83,26.348,26.082,25.82,25.232,23.321,20.605,18.174,17.423,20.82,32.825,48.469,44.975,24.262,17.531,
train_0148,2,12,43.241,31.951,41.191,48.873,,59.043,63.823,67.396,68.942,70.007,68.228,64.782,59.721,55.248,51.084,44.649,36.81,31.807,19.103,34.026,36.036
train_0148,3,12,44.083,40.743,31.442,44.878,51.843,57.089,61.859,66.945,69.406,70.024,68.407,65.235,61.051,56.443,51.667,45.604,37.695,32.852,14.299,30.695,33.266
train_0148,4,12,40.838,36.005,26.015,31.553,,50.209,55.412,59.121,59.658,58.569,56.74,53.554,48.812,44.272,42.485,39.837,33.704,28.879,15.813,27.092,26.902
train_0148,5,12,44.604,,29.482,43.713,51.716,57.031,61.287,66.239,69.48,71.519,70.562,66.806,62.16,57.157,53.106,48.283,40.099,33.68,15.776,32.49,35.434
train_0148,6,12,39.01,36.918,29.662,41.172,46.857,,56.661,61.678,64.429,65.091,,61.271,57.886,54.051,50.354,45.026,36.845,,12.133,26.803,32.087
train_0148,7,12,46.332,43.264,33.571,47.423,53.842,59.104,63.96,68.335,70.593,72.355,72.543,70.065,65.426,60.319,56.326,51.481,,37.425,15.542,31.1,35.586
train_0148,8,12,43.313,42.632,30.279,41.531,47.416,52.438,56.815,61.608,64.634,,63.949,60.819,57.332,53.704,49.957,44.528,37.076,31.41,17.913,31.784,34.238
train_0148,9,12,46.735,43.987,35.737,48.907,55.355,60.234,64.247,68.546,,72.4,,69.364,65.128,60.444,56.551,51.692,43.765,37.846,16.56,32.638,37.025
train_0148,10,12,39.598,39.896,29.428,41.451,46.958,51.539,55.728,60.202,,63.941,62.816,60.438,57,53.138,48.499,,34.376,26.152,,,32.339
train_0148,11,12,40.012,31.591,34.615,43.88,49.002,53.231,57.217,61.112,62.663,63.308,61.998,59.28,54.971,51.079,48.035,43.358,35.703,,,28.47,31.848
train_0148,12,12,40.932,36.474,31.437,41.831,,51.715,56.589,61.751,64.519,65.482,64.293,60.855,56.21,51.933,48.599,44.343,37.225,32.001,13.706,26.968,32.812
train_0149,1,12,37.718,,25.978,41.079,46.297,49.847,52.907,55.808,57.962,,55.557,51.702,46.814,39.333,29.027,29.051,32.325,35.608,35.898,35.309,34.899
train_0149,2,12,34.368,,23.701,32.109,42.723,,50.472,52.797,55.217,55.695,54.357,51.268,46.492,40.019,30.559,26.112,28.887,33.697,34.566,34.023,33.54
train_0149,3,12,37.68,36.045,27.627,36.545,40.272,42.633,36.97,39.577,40.017,36.87,36.731,35.953,33.895,26.469,13.64,15.404,22.694,26.698,26.672,23.006,21.089
train_0149,4,12,36.324,35.016,25.831,30.383,42.23,47.42,51.573,54.502,56.8,57.044,55.686,52.667,47.694,40.992,31.104,26.516,29.959,34.821,34.998,34.356,34.368
train_0149,5,12,32.722,31.716,24.161,26.999,,43.538,47.2,50.047,52.203,52.929,52.681,49.946,44.833,37.576,,24.018,28.165,33.158,32.715,30.498,28.841
train_0149,6,12,32.954,31.209,22.297,34.869,42.871,46.416,49.282,51.818,53.806,53.766,52.852,,43.892,35.512,24.75,25.197,29.336,32.69,32.701,31.567,30.521
train_0149,7,12,36.525,,24.32,31.701,42.594,46.766,49.809,52.436,54.863,55.458,55.104,52.074,46.29,38.454,27.991,25.96,29.542,33.68,33.56,33.192,33.584
train_0149,8,12,37.29,35.709,26.338,35.23,45.049,49.336,52.432,54.888,57.535,58.367,57.226,54.295,50.069,,34.24,28.918,31.79,36.387,36.182,34.565,33.423
train_0149,9,12,36.637,34.917,26.485,29.795,42.31,47.062,49.561,51.093,,54.73,54.394,51.193,46.007,39.13,28.992,26.469,29.831,34.341,34.763,33.948,33.455
train_0149,10,12,38.56,38.192,23.886,26.554,24.91,24.913,29.205,31.228,29.787,26.723,24.889,18.904,14.335,9.171,1.647,2.428,7.768,12.321,12.63,8.955,6.34
train_0149,11,12,33.499,31.486,23.011,30.048,41.249,45.053,47.817,50.156,,52.334,51.356,49.119,45.565,40.027,30.664,25.514,28.909,33.645,33.744,32.412,31.323
train_0149,12,12,33.425,30.998,22.301,26.472,39.607,44.527,48.326,51.217,53.506,53.924,52.964,49.838,44.728,37.721,27.542,24.771,28.153,32.441,32.132,30.448,29.492
train_0150,1,12,33.352,25.012,29.109,36.816,44.341,50.869,,57.884,59.589,58.62,56.434,53.995,49.907,45.773,40.553,34.246,28.368,17.921,12.801,20.523,19.7
train_0150,2,12,40.565,34.2,31.202,39.585,47.187,54.344,59.357,61.969,63.164,,61.252,60.531,57.696,53.205,49.647,42.918,36.741,27.294,13.706,,24.308
train_0150,3,12,36.398,,29.392,37.196,44.801,51.811,,58.402,59.704,59.824,58.821,57.749,,48.145,43.391,37.257,,21.865,13.293,23.495,23.702
train_0150,4,12,37.337,28.342,31.903,40.817,48.975,56.089,60.57,63.036,64.21,63.859,62.705,61.669,57.773,52.867,48.197,41.353,34.592,23.212,12.663,23.816,25.077
train_0150,5,12,42.347,33.693,33.599,42.687,51.183,58.388,,64.776,66.125,65.733,64.169,62.811,58.563,53.59,48.796,41.723,34.438,22.743,15.337,25.222,24.873
train_0150,6,12,34.057,27.127,31.145,38.768,46.204,52.867,56.691,58.777,,58.719,,55.273,50.926,,41.244,35.983,30.251,18.579,16.056,23.28,
train_0150,7,12,41.184,31.785,33.946,42.695,50.506,58.195,,67.089,69.381,69.949,67.011,65.146,61.904,56.833,52.32,44.616,38.334,29.712,15.136,19.359,24.976
train_0150,8,12,36.736,27.692,30.222,,46.634,53.39,57.304,59.26,60.507,60.861,59.968,58.78,54.753,49.912,45.414,38.222,32.4,23.762,,23.342,22.912
train_0150,9,12,38.093,29.939,31.55,39.374,46.664,52.792,56.576,59.103,60.898,60.938,58.748,57.523,54.361,49.577,45.751,39.438,34.274,26.587,13.965,,
train_0150,10,12,40.568,34.79,28.463,,44.308,51.658,57.332,60.707,62.83,63.427,61.205,59.874,56.479,51.564,47.712,41.452,35.926,26.855,15.308,24.904,24.866
train_0150,11,12,39.861,32.427,,,49.535,57.875,,65.186,66.949,66.943,64.585,62.435,58.217,53.474,48.438,40.777,32.816,20.174,,23.002,23.15
train_0150,12,12,41.774,31.576,36.565,45.979,54.813,61.124,64.197,66.808,69.292,69.414,68.031,65.93,61.331,56.662,51.82,44.701,37.237,25.265,16.954,,28.331
train_0151,1,12,42.556,34.797,29.105,35.966,46.39,54.935,61.756,67.136,69.228,69.748,66.099,57.867,48.559,40.911,35.605,32.511,33.373,37.612,43.693,45.164,44.217
train_0151,2,12,34.275,27.166,23.45,31.92,42.915,51.76,58.485,63.369,64.926,64.847,59.808,51.184,42.422,35.533,30.447,27.095,28.088,32.593,38.61,39.758,39.155
train_0151,3,12,36.887,29.544,27.485,36.609,46.984,55.02,61.639,66.258,67.592,,61.629,52.231,43.086,36.48,32.194,,32.825,37.739,42.949,42.257,41.129
train_0151,4,12,,,25.46,,44.423,54.378,62.156,67.821,70.165,70.711,65.802,56.058,45.847,38.101,32.932,30.033,31.437,35.73,41.432,42.468,42.639
train_0151,5,12,38.747,30.866,29.287,39.198,49.761,57.611,64.121,68.551,69.69,69.6,63.588,54.711,45.711,38.722,33.8,31.147,33.421,38.424,44.433,45.214,44.778
train_0151,6,12,41.365,33.862,27.082,32.734,43.391,52.525,59.926,65.813,68.206,68.889,65.133,56.802,47.813,40.039,34.193,31.398,33.655,38.368,43.415,43.15,42.46
train_0151,7,12,33.512,26.802,,33.182,44.065,52.044,57.805,61.947,,63.267,,49.394,40.954,35.026,31.029,28.459,29.315,32.652,37.902,38.994,38.966
train_0151,8,12,41.145,33.798,30.278,40.431,52.151,60.698,67.488,72.167,73.169,73.288,67.596,58.219,48.409,41.048,36.123,33.632,36.203,41.333,47.064,47.185,48.043
train_0151,9,12,41.997,34.002,26.592,32.519,,55.123,63.097,68.664,70.415,71.009,68.883,60.856,,41.814,35.726,32.229,32.709,37.172,43.571,45.68,44.705
train_0151,10,12,34.069,28.929,24.024,29.663,39.406,48.059,54.785,59.281,60.575,60.547,56.945,49.503,41.549,35.008,30.527,28.092,28.815,32.052,37.073,38.207,38.016
train_0151,11,12,36.975,29.748,24.445,32.164,43.097,52.641,60.263,64.98,66.117,66.474,61.75,52.985,42.844,,30.941,29.486,32.22,37.263,42.437,41.187,40.113
train_0151,12,12,43.019,35.202,30.356,38.654,50.24,59.778,67.756,73.915,75.857,75.906,72.106,63.346,53.58,44.99,38.621,35.318,36.15,40.427,45.861,48.61,47.157
train_0152,1,8,27.98,21.925,21.652,29.875,38.858,45.566,50.15,52.856,53.628,53.801,49.715,43.206,36.416,30.776,26.52,23.851,24.189,26.864,30.572,31.29,29.883
train_0152,2,8,24.236,27.854,35.556,44.634,46.671,42.369,37.782,35.51,34.74,34.374,31.855,28.08,24.426,23.987,27.118,,,35.95,31.802,,22.165
train_0152,3,8,34.123,29.394,24.447,30.264,40.041,47.919,53.106,56.807,58.455,59.02,55.964,48.568,40.34,33.702,29.029,26.156,26.827,30.748,35.751,36.651,35.358
train_0152,4,8,32.852,28.094,22.759,26.623,35.006,42.953,,53.103,54.964,55.122,52.047,45.748,39.087,33.246,29.044,26.816,27.356,29.98,33.565,34.619,34.876
train_0152,5,8,32.146,26.758,24.932,32.191,40.459,,51.527,54.143,54.335,53.881,49.145,42.342,35.91,31.258,28.346,26.754,27.949,30.979,34.595,34.048,33.139
train_0152,6,8,30.442,23.22,17.526,24.703,39.652,46.816,52.477,55.134,51.803,41.079,47.181,48.433,44.611,39.598,36.771,35.845,36.66,38.195,,40.849,39.374
train_0152,7,8,28.242,22.73,21.077,28.386,36.641,42.908,47.889,51.477,52.556,52.546,48.883,,35.703,30.247,26.217,23.547,23.289,25.32,28.8,30.362,29.797
train_0152,8,8,28.75,23.306,23.139,30.863,38.996,45.414,50.715,54.099,54.592,54.038,49.353,42.717,35.961,,25.806,24.09,25.844,29.013,32.8,33.621,33.484
train_0153,1,8,31.548,23.567,24.576,38.13,43.465,47.463,50.484,53.03,55.201,55.429,54.634,52.028,47.697,41.637,32.678,25.415,27.646,31.78,34.422,34.205,33.306
train_0153,2,8,34.584,26.04,27.777,41.565,46.838,50.512,53.13,55.523,57.357,57.259,56.431,53.448,49.103,42.401,32.326,28.659,31.728,36.316,36.735,35.823,34.844
train_0153,3,8,35.208,,21.752,27.553,30.801,37.615,40.758,41.998,42.818,41.145,40.876,37.231,32.267,26.124,20.577,18.654,23.225,29.9,33.811,29.195,23.363
train_0153,4,8,35.747,32.98,25.813,40.245,46.144,49.385,52.29,55.202,58.018,58.976,58.182,55.226,50.413,44.296,35.225,27.858,30.151,34.458,36.698,,35.317
train_0153,5,8,35.361,28.281,29.93,42.719,46.905,49.968,53.04,56.02,58.555,59.283,58.701,55.677,50.766,44.686,36.142,28.645,30.637,34.383,36.846,36.724,36.456
train_0153,6,8,36.055,29.289,,42.798,48.375,51.661,54.327,56.901,58.948,58.416,57.129,54.427,50.107,43.675,34.154,29.255,31.366,35.255,35.938,35.972,36.457
train_0153,7,8,38.34,29.566,30.53,43.441,48.904,53.129,55.463,57.149,59.181,59.535,58.697,56.136,52.571,47.01,37.657,30.332,32.365,36.061,38.237,38.484,38.444
train_0153,8,8,36.971,28.888,30.199,42.732,47.185,50.162,52.632,55.665,58.298,58.3,57.058,54.133,50.004,43.555,33.91,29.341,31.951,35.512,35.684,35.746,36.851
train_0154,1,8,38.515,33.062,23.928,,39.222,46.721,52.581,55.685,57.888,59.335,,57.351,54.726,49.652,45.495,38.75,32.499,24.085,10.683,15.995,19.284
train_0154,2,8,36.698,32.1,23.197,30.235,38.054,45.96,51.334,53.557,54.973,55.871,54.642,54.426,,46.524,41.865,,29.731,20.932,11.126,19.245,19.427
train_0154,3,8,38.061,31.654,23.539,32.636,40.834,48.252,53.745,57.485,60.489,61.747,59.608,58.239,54.682,49.13,44.613,37.57,31.884,23.461,,15.063,
train_0154,4,8,38.731,34.423,,31.013,38.5,46.058,51.988,54.875,57.056,,57.524,,51.871,,42.623,36.522,31.514,23.894,11.831,20.09,19.902
train_0154,5,8,38.383,35.051,25.597,30.503,39.963,48.579,54.68,57.141,58.983,,59.214,58.005,54.83,49.646,45.608,38.726,32.497,22.872,9.092,18.484,17.899
train_0154,6,8,38.015,34.426,24.738,30.573,38.602,46.593,52.318,54.958,55.992,56.24,54.855,54.475,51.607,46.718,42.905,36.355,30.791,22.686,11.811,20.142,18.189
train_0154,7,8,34.391,,20.974,28.939,36.485,43.455,48.43,51.238,52.864,52.663,49.99,49.228,47.069,,40.052,33.949,27.819,18.303,7.75,17.008,17.093
train_0154,8,8,36.333,30.885,22.232,29.603,37.106,,49.397,51.595,53.04,53.89,52.313,51.419,48.041,42.779,38.696,32.497,27.093,18.358,,17.296,18.419
train_0155,1,8,36.635,36.922,34.23,24.245,38.556,45.579,48.664,51.942,55.289,57.828,57.795,56.339,51.967,46.02,,27.448,30.252,35.054,36.228,35.679,36.282
train_0155,2,8,30.7,28.166,23.094,29.627,41.134,49.452,52.04,50.491,40.749,28.837,51.457,65.544,68.582,64.737,58.729,51.106,50.973,49.137,48.525,46.047,44.31
train_0155,3,8,40.999,41.586,41.413,33.009,37.033,51,56.276,59.762,62.329,65.185,66.16,65.509,63.038,58.147,50.036,38.024,34.67,38.85,43.843,43.306,41.594
train_0155,4,8,36.225,36.834,35.404,25.629,,47.022,51.548,54.419,57.073,60.354,61.62,61.343,58.366,52.59,44.682,33.294,29.379,33.049,37.911,,36.674
train_0155,5,8,36.622,36.189,34.026,24.197,37.022,46.282,51.025,54.402,57.137,59.3,59.253,58.327,54.844,49.565,40.615,29.722,31.203,35.345,,37.157,36.824
train_0155,6,8,38.338,38.966,37.537,27.868,39.316,49.041,53.319,56.188,58.541,61.226,62.049,61.099,57.749,52.444,45.488,35.705,31.92,34.978,39.143,39.233,38.801
train_0155,7,8,29.967,26.784,22.052,,41.036,49.78,52.594,51.151,41.935,29.713,52.044,65.462,67.953,64.133,,49.657,49.073,48.096,48.758,47,44.852
train_0155,8,8,40.999,41.503,40.196,30.045,38.361,49.367,54.553,58.181,60.955,64.027,64.79,,60.184,55.051,47.925,37.826,34.782,37.969,42.172,42.354,42.263
train_0156,1,8,33.264,31.178,23.294,24.304,32.166,39.623,46.457,50.728,52.926,53.287,51.269,49.915,47.244,42.452,38.658,32.502,26.88,19.197,8.01,16.197,15.982
train_0156,2,8,34.524,33.475,27.179,,32.85,40.724,47.048,49.96,51.466,52.836,51.717,49.678,47.603,44.231,40.816,34.103,27.848,20.49,9.196,17.275,18.347
train_0156,3,8,34.432,31.127,24.581,26.304,34.549,40.679,41.685,43.918,,41.195,40.68,40.105,38.241,33.376,30.111,27.25,25.155,18.216,6.996,12.958,11.599
train_0156,4,8,37.672,35.495,27.443,26.525,34.81,42.509,49.715,54.138,56.24,56.699,54.831,,,45.933,41.678,35.199,29.642,21.784,9.453,17.663,18.042
train_0156,5,8,37.858,34.67,26.458,32.97,40.563,47.866,53.141,55.443,56.627,57.016,55.129,54.345,51.56,47.155,43.403,36.731,31.407,23.271,13.903,21.771,20.975
train_0156,6,8,37.316,36.595,30.517,26.77,34.578,41.616,48.179,52.315,54.823,56.276,55.415,54.431,52.287,47.337,42.647,35.949,30.566,23.617,12.999,21.039,20.188
train_0156,7,8,35.116,31.831,23.332,26.608,33.491,40.355,46.126,49.221,50.851,51.419,49.689,48.433,45.954,41.427,37.489,32.003,27.577,20.868,9.818,,17.657
train_0156,8,8,33.741,31.964,24.746,22.024,31.051,38.801,44.656,47.608,,51.506,50.67,,46.256,42.316,39.724,33.857,,18.522,7.931,16.241,15.617
train_0157,1,8,37.925,38.031,37.78,26.832,37.674,42.782,47.188,51.079,54.939,56.988,57.923,55.887,52.552,48.42,44.782,40.337,33.098,27.315,9.567,23.303,27.434
train_0157,2,8,36.556,36.377,33.793,19.44,16.776,16.22,20.871,24.186,23.646,21.364,20.712,14.636,10.328,7.697,6.578,5.73,1.833,1,,1.448,1.203
train_0157,3,8,38.799,38.089,33.632,28.64,40.174,,52.04,56.336,60.004,61.191,60.964,58.134,54.572,50.501,47.198,42.916,35.388,29.326,10.543,23.893,
train_0157,4,8,35.695,36.009,,26.37,36.697,42.345,47.075,50.789,53.971,54.94,55.171,53.55,50.883,46.775,42.5,37.373,29.935,24.718,8.095,22.548,
train_0157,5,8,35.199,35.026,29.896,26.034,36.123,42.208,47.84,52.279,55.028,55.546,56.428,55.465,52.691,48.166,43.788,39.25,32.945,26.953,14.379,17.701,24.724
train_0157,6,8,42.111,41.656,38.461,30.152,42.27,48.511,53.576,57.869,62.087,63.784,63.947,61.787,58.832,53.964,49.218,,38.947,32.333,13.198,24.393,29.496
train_0157,7,8,38.268,38.026,30.413,33.06,,48.088,52.483,56.58,59.594,60.159,59.526,56.868,53.058,48.692,44.776,39.31,31.761,27.982,12.686,25.962,27.095
train_0157,8,8,36.066,37.534,29.745,32.503,41.124,46.557,51.69,56.987,,62.509,61.691,57.875,53.314,49.057,45.692,40.547,32.215,26.79,8.407,23.704,26.241
train_0158,1,8,42.868,37.971,,34.683,42.561,50.022,55.65,58.548,60.83,63.068,63.629,62.162,60.578,56.597,51.302,46.891,40.1,34.604,26.692,14.3,20.616
train_0158,2,8,43.704,39.314,29.246,37.946,46.678,55.773,62.882,66.038,,68.379,65.896,64.42,61.981,57.046,51.991,44.057,37.189,29.311,14.963,17.341,24.28
train_0158,3,8,44.857,38.946,31.581,40.999,49.306,,,67.026,68.344,68.769,67.056,65.925,64.723,60.815,55.728,50.125,43.151,36.74,26.147,14.759,24.517
train_0158,4,8,39.855,33.032,27.227,36.938,,53.399,58.679,61.218,63.331,64.557,62.75,61.548,59.521,55.049,50.375,44.577,,31.119,20.541,13.032,22.041
train_0158,5,8,43.567,35.267,30.866,39.56,47.345,55.299,61.376,64.468,,66.986,65.349,64.618,62.351,57.67,53.434,48.163,41.438,34.201,22.596,14.049,24.95
train_0158,6,8,43.502,34.535,28.637,,47.257,56.192,62.878,65.653,66.785,67.337,65.407,64.12,61.21,56.47,52.962,46.999,39.048,,18.219,12.736,21.656
train_0158,7,8,38.427,31.364,28.86,37.816,45.059,52.38,58.13,61.114,62.801,63.291,60.746,59.064,56.698,52.859,49.288,43.497,36.012,28.508,18.107,12.08,21.33
train_0158,8,8,41.777,35.789,33.022,46.612,,52.195,59.048,61.324,57.673,39.774,54.048,67.051,72.356,,67.983,,58.765,50.651,38.788,28.774,37.621
train_0159,1,12,38.093,37.2,31.284,28.66,43.889,49.98,53.913,56.756,58.932,60.748,60.844,60.02,57.805,54.022,48.631,40.008,32.438,34.593,38.628,41.571,41.914
train_0159,2,12,40.542,37.616,28.13,32.151,45.837,51.291,54.584,56.927,59.296,62.014,63.34,63.035,60.571,56.799,51.717,42.879,32.546,33.239,36.872,41.498,42.268
train_0159,3,12,37.221,35.525,27.184,30.995,43.836,49.078,53.017,55.897,57.821,58.993,58.593,58.037,56.665,53.744,48.488,39.546,30.55,32.119,35.969,39.837,40.058
train_0159,4,12,37.118,36.274,29.398,28.462,41.677,46.093,49.275,52.196,54.965,57.61,58.492,58.146,56.215,52.388,47.169,39.169,30.544,32.091,35.992,39.869,40.021
train_0159,5,12,35.625,31.108,23.824,36.569,43.652,47.967,50.952,53.283,55.366,56.257,55.817,54.651,,47.07,41.417,33.058,29.193,32.231,36.557,38.074,37.929
train_0159,6,12,33.885,32.807,25.32,29.467,41.207,45.82,49.088,51.747,54.337,56.566,57.172,56.887,54.482,50.565,45.327,36.997,29.455,30.98,34.476,37.225,36.981
train_0159,7,12,34.956,34.51,28.475,27.121,40.71,46.079,49.891,52.505,54.052,55.399,55.795,55.679,54.601,51.426,45.743,36.994,28.438,30.09,33.705,37.068,
train_0159,8,12,38.571,35.059,25.217,35.838,44.975,49.741,53.078,55.609,58.236,59.757,59.775,59.458,56.465,51.404,43.759,33.105,29.898,33.031,37.941,38.966,39.185
train_0159,9,12,37.672,35.902,,32.098,46.153,50.539,53.543,,59.12,62.441,63.538,62.486,59.274,55.115,48.672,38.381,31.609,34.702,39.632,41.762,40.737
train_0159,10,12,39.361,36.587,27.409,37.604,46.332,50.182,53.033,55.824,59.124,61.39,61.558,60.805,57.748,53.285,46.552,36.75,32.853,35.702,40.386,41.522,41.394
train_0159,11,12,36.878,35.967,29.106,27.746,41.718,46.714,50.429,53.865,57.178,59.617,59.163,57.622,55.075,51.458,46.836,38.777,30.872,32.836,36.823,39.611,39.53
train_0159,12,12,40.125,38.849,29.876,35.114,47.009,51.625,54.764,57.088,59.482,61.653,62.261,61.835,58.738,54.19,47.329,36.764,32.692,,41.732,41.724,40.709
train_0160,1,8,,33.537,32.378,33.406,24.218,21.481,37.873,42.954,43.956,43.89,43.619,43.211,41.729,39.804,38.239,37.368,35.259,32.832,30.245,34.079,36.135
train_0160,2,8,34.601,34.708,29.72,27.29,35.099,39.652,43.717,47.641,50.724,51.585,50.946,48.14,44.593,41.125,38.019,,27.72,22.583,13.401,22.712,23.067
train_0160,3,8,38.647,37.998,31.945,32.595,42.09,47.23,51.524,,57.867,58.085,57.994,55.778,51.912,47.487,,39.427,32.036,27.205,11.8,25.006,27.66
train_0160,4,8,39.272,38.847,27.911,36.184,42.437,47.219,51.139,55.305,57.818,58.551,57.563,54.973,51.111,47.244,43.506,37.981,31.317,23.599,19.468,27.117,26.587
train_0160,5,8,,36.211,29.42,29.468,37.53,,47.319,,55.858,57.179,56.174,52.723,48.546,44.459,40.384,34.853,27.813,22.625,12.447,24.198,26.237
train_0160,6,8,34.409,,31.655,24.918,35.02,40.314,44.951,48.977,51.718,52.323,52.729,51.178,47.826,43.272,39.199,34.462,27.987,23.303,13.637,23.96,25.347
train_0160,7,8,30.193,31.948,23.079,31.841,36.32,39.811,43.026,46.234,48.175,49.507,49.226,46.455,42.496,38.923,35.523,30.88,24.895,20.377,11.164,21.601,23.08
train_0160,8,8,33.68,33.944,26.376,32.038,38.569,43.204,47.247,50.862,53.121,53.866,53.138,49.943,45.316,41.612,39.245,35.072,28.576,23.396,14.702,24.176,25.128
train_0161,1,12,39.013,32.455,25.982,31.248,41.876,50.638,57.258,61.906,63.018,,57.121,48.904,41.471,35.994,31.867,29.931,32.41,37.2,,37.931,37.577
train_0161,2,12,31.795,22.313,16.218,32.504,42.964,50.579,56.161,58.005,53.528,43,,45.682,42.778,38.631,36.374,37.091,40.417,44.192,44.543,42.365,41.662
train_0161,3,12,30.94,24.354,19.191,25.506,35.735,44.024,49.928,53.178,53.25,52.451,46.485,38.526,31.421,,23.969,23.52,25.944,29.984,31.571,31.372,32.076
train_0161,4,12,37.566,28.826,,30.782,29.839,34.66,41.263,44.503,42.906,40.803,33.989,22.97,14.253,9.387,7.009,8.617,13.725,20.009,23.011,,17.843
train_0161,5,12,40.804,31.499,25.591,33.374,,52.225,58.356,62.545,63.866,63.667,56.793,47.725,39.762,34.11,30.196,28.78,31.406,36.235,38.578,38.571,39.611
train_0161,6,12,38.005,32.469,25.639,30.075,40.13,49.072,56.224,60.226,60.279,59.809,,44.772,36.464,30.943,27.822,28.142,32.304,,37.542,36.289,35.329
train_0161,7,12,36.89,30.638,25.834,,44.482,53.048,59.685,63.447,64.494,63.086,54.874,45.169,37.684,32.296,28.869,30.391,35.312,40.491,39.312,38.581,37.991
train_0161,8,12,28.667,,28.871,28.258,28.125,29.293,30.504,30.463,28.711,27.293,24.186,20.142,16.769,15.912,18.866,31.714,48.155,46.878,31.026,21.734,20.305
train_0161,9,12,33.965,25.396,24.38,34.956,45.749,,58.014,60.297,61.292,60.165,52.467,43.179,36.005,31.467,28.714,29.024,,36.854,,36.559,36.874
train_0161,10,12,39.315,31.363,25.493,31.874,41.539,49.246,55.067,58.469,58.857,58.37,52.586,44.684,37.169,31.593,,28.364,31.845,36.39,37.261,36.746,37.309
train_0161,11,12,37.933,31.204,25.175,31.45,42.555,51.346,57.277,60.781,61.304,61.238,,46.922,38.834,32.68,28.671,28.13,31.7,36.39,37.745,36.591,36.772
train_0161,12,12,35.675,28.933,,34.64,43.967,51.065,56.203,,59.371,59.372,53.279,,,31.154,28.842,28.643,31.334,35.332,37.361,36.807,37.505
train_0162,1,12,36.812,36.661,25.138,31.995,37.843,43.065,47.813,51.737,54.29,54.947,54.829,52.843,49.697,45.007,40.732,36.557,30.698,25.857,13.112,18.109,23.99
train_0162,2,12,37.198,36.402,24.598,,41.328,45.996,49.811,53.783,56.231,56.69,56.21,53.458,49.182,44.5,40.967,37.258,31.16,26.266,9.827,21.313,26.929
train_0162,3,12,33.585,32.732,20.614,31.538,37.163,41.935,46.095,50.102,52.555,53.327,52.885,50.186,46.562,42.571,39.1,35.208,29.376,24.455,10.472,16.426,22.458
train_0162,4,12,34.75,35.512,23.767,36.687,43.036,48.036,52.14,56.195,58.329,59.067,57.753,54.665,50.174,45.058,40.576,35.594,28.799,23.753,9.82,23.215,24.715
train_0162,5,12,34.5,34.275,22.906,34.988,40.299,44.42,48.809,53.099,55.498,56.465,56.538,53.915,49.297,44.505,41.018,36.661,,23.245,6.122,17.022,23.524
train_0162,6,12,35.742,36.635,28.596,35.919,45.156,48.718,51.701,54.251,52.732,44.466,51.961,,56.429,53.267,50.791,47.831,40.562,,,27.868,31.6
train_0162,7,12,41.484,41.289,28.164,40.529,46.572,51.024,55.705,61.183,64.493,65.433,64.381,60.987,56.871,52.821,49.102,43.888,36.041,29.986,10.557,23.291,29.207
train_0162,8,12,37.401,37.206,25.381,35.258,41.258,46.203,50.196,53.949,56.789,57.491,56.868,53.866,50.077,45.82,42.465,38.932,33.123,27.181,17.873,16.023,23.844
train_0162,9,12,33.299,32.935,21.148,31.248,37.479,42.07,45.878,49.921,52.118,52.255,50.978,47.901,43.851,40.02,36.752,32.157,25.339,20.657,5.839,19.39,22.111
train_0162,10,12,33.513,34.581,25.511,36.473,41.196,45.389,49.472,53.539,55.445,56.221,55.188,52.556,48.575,44.174,39.726,34.442,27.995,22.8,12.264,23.796,24.629
train_0162,11,12,36.401,31.528,22.551,36.294,42.371,46.902,45.794,47.65,47.165,45.619,45.991,43.977,41.542,37.167,33.138,,27.733,22.303,5.851,17.466,19.955
train_0162,12,12,24.987,25.335,21.238,28,31.839,35.084,39.067,61.547,63.038,63.677,63.097,61.732,39.027,35.071,34.485,33.859,29.933,,17.746,22.257,23.578
train_0163,1,8,36.087,29.285,28.728,38.644,49.009,56.747,62.161,64.489,64.57,62.963,55.735,46.934,39.434,33.852,29.985,29.588,32.63,37.233,38.306,37.389,37.377
train_0163,2,8,36.118,30.041,25.867,34.981,46.449,55.175,61.283,64.763,65.425,65.054,58.536,49.588,41.253,35.005,30.973,29.681,32.332,36.534,39.648,39.002,39.583
train_0163,3,8,39.548,31.58,32.857,43.929,54.808,63.045,68.695,70.432,70.115,66.728,58.95,50.367,42.6,36.691,33.494,34.734,38.707,43.608,43.549,43.333,44.297
train_0163,4,8,39.95,32.476,36.392,46.791,55.556,61.962,66.688,68.421,68.275,,59.114,50.717,43.014,37.437,34.074,33.601,36.594,,43.046,41.86,41.531
train_0163,5,8,36.451,30.153,27.477,36.085,46.304,54.251,60.231,64.049,65.225,64.602,57.572,48.648,,36.059,32.321,30.206,31.976,35.934,39.539,38.362,38.134
train_0163,6,8,37.127,31.74,26.645,35.305,46.707,55.398,,65.982,66.992,,60.379,51.52,,36.912,32.312,30.158,32.508,37.314,40.789,39.75,39.283
train_0163,7,8,41.476,35.012,35.289,46.449,57.489,65.239,70.297,72.072,71.814,,,53.366,45.573,39.363,36.015,36.948,40.212,44.757,45.272,44.328,44.394
train_0163,8,8,39.864,33.167,29.598,28.541,33.336,36.727,,43.885,,36.197,29.257,18.751,11.752,8.021,6.672,8.013,12.181,17.058,20.52,17.056,13.86
train_0164,1,8,30.516,,31.706,22.35,31.757,36.381,40.251,43.728,46.956,48.056,48.041,45.967,42.848,38.793,35.317,31.326,25.237,20.474,9.286,19.033,
train_0164,2,8,33.251,33.381,35.385,13.262,19.656,19.763,24.28,27.417,27.238,25.61,25.16,20.197,16.91,14.908,14.48,13.714,9.798,6.262,1.576,1.972,1.674
train_0164,3,8,34.943,34.936,34.796,24.573,33.601,39.033,43.292,,48.934,49.775,50.042,48.494,45.33,40.753,37.131,33.709,28.196,24.275,11.033,22.302,24.055
train_0164,4,8,38.031,39.083,39.75,28.071,37.667,,48.607,52.454,55.245,56.318,56.491,54.118,50.34,45.844,42.414,38.004,31.155,,12.394,25.307,28.572
train_0164,5,8,32.638,32.34,32.131,,31.411,,40.183,43.835,47.225,48.471,48.392,45.97,42.838,39.119,35.524,31.486,25.704,21.38,6.961,18.068,20.3
train_0164,6,8,36.289,36.264,34.637,26.183,35.825,40.118,,47.483,51.221,52.489,52.738,51.429,48.898,44.759,41.121,37.97,32.689,26.817,17.037,19.196,26.175
train_0164,7,8,34.315,33.83,29.825,25.95,35.862,40.9,44.656,48.126,51.511,,52.69,49.943,46.215,42.583,40.126,36.75,30.28,24.998,9.58,20.122,23.522
train_0164,8,8,32.832,33.483,37.166,22.847,35.274,,34.475,36.422,33.293,27.366,31.902,30.786,30.86,26.571,23.091,25.894,26.547,20.037,3.883,11.556,13.225
train_0165,1,8,39.806,43.365,32.923,25.817,21.389,19.826,24.033,25.639,22.508,18.492,16.967,11.915,7.815,3.761,1,1,1,4.998,9.131,6.116,2.297
train_0165,2,8,39.127,36.93,27.541,39.212,,53.223,56.571,59.055,61.561,62.111,60.76,,52.617,45.367,34.783,31.354,34.973,,40.055,39.483,39.58
train_0165,3,8,37.788,34.38,,29.906,40.399,39.952,38.249,40.99,40.473,36.964,37.2,35.766,33.399,25.818,17.822,17.635,24.607,27.841,28.921,27.434,23.283
train_0165,4,8,32.729,30.079,20.974,31.63,39.178,43.286,46.274,48.549,50.89,51.483,50.834,48.559,44.561,38.321,28.534,23.712,26.127,30.721,31.503,31.074,30.624
train_0165,5,8,37.85,35.807,26.89,31.748,43.033,47.533,50.67,52.883,55.251,56.802,56.337,54.773,51.34,46.178,37.74,28.294,,33.754,36.46,35.652,33.962
train_0165,6,8,35.094,33.749,26.68,27.442,38.696,42.771,46.588,49.748,52.16,52.895,52.011,50.257,46.762,41.585,32.904,25.947,28.145,32.847,34.599,34.839,34.716
train_0165,7,8,34.056,32.385,23.999,35.118,43.818,47.314,49.853,52.329,54.826,55.862,55.892,53.842,49.425,42.976,33.295,27.629,,34.691,36.336,36.505,35.796
train_0165,8,8,34.467,32.572,23.649,32.315,42.164,46.539,49.455,,53.886,54.691,53.658,51.01,47.181,41.742,32.866,27.15,29.939,34.453,35.661,,35.646
train_0166,1,12,42.271,37.283,30.164,32.579,42.436,51.8,58.843,63.468,65.079,65.285,61.89,54.301,46.084,38.721,32.919,29.588,30.849,34.826,39.566,39.708,39.927
train_0166,2,12,38.676,32.654,26.236,29.638,39.195,47.421,53.427,57.776,59.214,59.179,55.676,47.731,39.454,33.095,28.83,26.861,28.408,31.748,35.975,35.974,35.433
train_0166,3,12,44,39.73,32.353,33.442,43.521,53.126,60.682,66.378,67.811,66.849,62.802,54.823,45.669,38.159,33.824,31.963,33.776,37.496,41.315,40.255,40.541
train_0166,4,12,42.18,39.987,31.713,29.574,39.771,50.505,58.136,,65.722,66.283,64.271,56.049,45.924,37.593,32.417,30.091,32.084,36.672,41.874,41.096,40.272
train_0166,5,12,38.346,32.661,25.658,27.39,36.32,44.69,51.011,56.138,58.874,59.639,56.769,48.82,40.436,34.365,29.867,26.983,27.862,30.96,35.06,35.279,35.235
train_0166,6,12,38.975,35.294,27.734,26.095,34.594,44.055,,57.582,59.946,59.795,57.653,50.691,42.642,36.327,32.077,,29.053,32.173,36.906,37.118,36.614
train_0166,7,12,39.199,36.753,30.386,29.934,39.177,,54.113,58.581,60.501,60.711,58.428,50.864,42.606,36.345,31.956,29.502,30.979,34.534,38.255,37.799,38.536
train_0166,8,12,40.846,34.855,27.457,,42.699,52.067,,62.697,64.316,65.22,61.657,52.6,42.638,35.508,31.238,29.469,32.078,36.617,40.399,38.744,38.51
train_0166,9,12,38.581,36.686,29.271,28.154,37.555,47.471,54.671,59.817,62.281,62.793,58.696,49.884,40.919,34.631,30.901,29.139,31.076,34.83,37.688,36.006,35.417
train_0166,10,12,43.402,38.737,30.606,30.928,41.263,51.586,59.076,64.428,66.793,66.901,63.448,55.31,46.563,39.223,33.674,,30.996,34.976,40.013,39.782,39.2
train_0166,11,12,40.715,34.696,29.146,33.22,42.422,,58.613,63.363,64.159,63.224,58.859,51.13,43.892,38.563,34.406,31.665,32.547,35.855,40.024,39.738,39.63
train_0166,12,12,39.394,35.168,27.905,28.408,38.045,47.059,53.331,57.76,,59.368,56.502,49.468,41.709,34.87,29.551,26.728,28.465,32.513,,36.618,36.871
train_0167,1,8,28.626,24.45,22.421,30.965,40.655,47.862,53.051,56.371,57.297,57.293,52.159,44.909,37.411,30.945,26.32,,26.73,30.87,35.263,35.504,36.904
train_0167,2,8,31.104,26.379,24.138,32.644,42.068,49.333,55.165,58.696,59.257,58.934,,,39.097,33.587,29.801,28.511,31.554,36.251,39.377,37.442,36.731
train_0167,3,8,28.474,23.892,21.323,29.824,40.087,48.295,54.119,56.651,56.449,56.087,51.18,44.067,36.637,30.873,27.127,25.623,28.053,32.38,35.622,34.941,36.327
train_0167,4,8,29.291,23.748,23.914,31.501,40.026,46.542,50.749,53.519,55.201,55.943,50.911,43.75,37.079,31.562,27.249,25.202,27.067,30.718,34.997,35.482,34.624
train_0167,5,8,28.095,22.312,23.006,31.311,39.538,45.791,50.679,53.562,54.601,54.714,49.576,42.489,35.93,31.07,27.57,25.841,27.889,31.672,35.481,34.099,32.432
train_0167,6,8,23.803,18.972,24.183,33.071,40.782,46.966,51.799,53.92,54.46,53.384,47.593,,34.258,29.111,24.912,22.88,25.341,29.952,34.554,34.082,33.194
train_0167,7,8,29.966,24.099,,35.971,44.976,52.226,58.159,60.512,60.3,58.351,51.71,43.737,36.882,32.044,28.949,28.56,31.878,37.087,39.568,39.056,39.509
train_0167,8,8,23.51,30.404,42.627,52.951,54.159,,40.623,37.088,34.859,32.328,28.858,25.579,23.823,24.884,29.201,36.103,42.377,,36.7,28.897,24.678
train_0168,1,8,36.584,,26.156,36.22,42.086,47.544,51.76,55.725,58.207,59.324,58.09,54.848,50.694,47.239,44.09,39.015,32.232,25.666,17.974,27.676,28.625
train_0168,2,8,34.867,35.85,27.014,32.799,39.644,44.316,48.116,51.87,54.615,55.431,55.585,54.145,50.851,46.106,42.206,38.102,31.878,27.235,9.837,22.382,25.56
train_0168,3,8,35.291,35.423,27.831,31.709,39.383,,48.002,52.73,56.285,57.408,56.749,54.15,50.429,46.127,42.455,38.085,31.777,26.973,15.066,27.511,29.21
train_0168,4,8,36.153,35.622,25.586,34.09,39.354,44.117,48.715,52.907,55.192,56.108,55.371,52.731,48.953,,42.415,37.586,30.779,24.917,16.557,26.834,28.576
train_0168,5,8,33.699,,30.298,,35.499,40.353,44.945,49.722,53.347,54.133,53.738,51.674,48.593,44.493,40.194,34.849,28.228,23.71,14.849,25.087,25.814
train_0168,6,8,36.83,36.454,33.207,27.598,37.389,42.487,47.458,52.367,56.083,57.218,57.186,54.817,51.259,46.868,42.487,,30.29,25.655,14.817,,26.889
train_0168,7,8,34.331,33.658,21.431,24.338,33.911,,43.828,46.327,47.692,47.536,46.57,43.001,38.898,35.488,34.579,32.029,26.082,22.281,13.317,22.61,21.713
train_0168,8,8,36.001,36.583,31.975,32.267,40.347,44.677,48.589,52.419,,56.847,57.053,54.546,50.705,46.662,43.169,38.62,32.428,,16.665,28.568,29.085
train_0169,1,8,37.617,31.52,24.404,23.985,26.053,31.722,,42.76,40.773,,33.427,,16.339,11.657,10.03,10.881,14.742,19.087,,19.111,18.415
train_0169,2,8,39.812,35.93,28.437,29.187,39.722,,57.733,62.763,64.248,64.376,,52.638,,38.056,34.295,32.017,33.376,,40.73,40.599,41.886
train_0169,3,8,35.49,32.65,24.277,27.392,36.966,,45.84,49.809,48.6,45.862,42.014,,28.058,21.618,18.005,,27.493,31.565,33.895,31.002,29.37
train_0169,4,8,31.525,21.018,15.69,31.103,41.743,49.5,54.399,54.526,49.263,39.991,48.111,49.463,46.839,43.242,41.616,41.642,44.155,46.955,47.906,45.03,
train_0169,5,8,35.342,30.075,22.952,26.162,36.662,,52.989,57.116,58.057,58.038,52.493,43.964,36.006,29.983,25.711,,28.274,33.955,35.866,34.796,34.657
train_0169,6,8,35.543,32.207,24.155,24.104,35.083,46.005,53.662,58.917,,61.364,56.844,48.435,40.151,33.866,29.271,26.882,29.603,35.356,38.708,37.65,37.61
train_0169,7,8,36.798,31.723,24.192,26.979,,46.965,53.607,58.368,59.683,59.914,54.987,47.106,39.279,33.247,29.277,28.704,32.075,36.748,37.197,36.367,36.847
train_0169,8,8,39.641,33.407,26.462,31.835,42.92,51.885,58.733,63.544,64.83,64.087,56.512,46.949,,33.924,30.957,32.044,36.286,41.657,41.844,41.608,41.186
train_0170,1,8,33.475,29.427,25.218,31.428,40.276,47.267,52.236,55.464,56.156,56.115,51.988,45.264,38.183,32.676,29.124,,29.507,32.767,36.152,35.186,34.954
train_0170,2,8,29.909,24.999,22.62,30.03,38.652,45.215,50.015,53.131,54.528,54.775,49.027,40.975,33.836,28.803,25.753,,27.915,31.488,33.329,31.788,31.953
train_0170,3,8,32.308,25.58,26.379,35.983,45.512,52.453,57.627,60.166,60.484,59.536,52.914,,36.056,31.083,28.433,27.992,31.031,35.311,37.876,36.323,35.866
train_0170,4,8,32.206,26.108,27.926,36.719,45.481,52.076,56.149,57.35,57.21,56.216,51.089,44.63,38.373,33.239,29.843,29.107,31.559,35.547,37.662,36.906,37.398
train_0170,5,8,30.913,24.067,22.386,30.96,40.147,46.448,50.854,53.731,54.854,55.147,49.57,,34.175,29.046,,25.345,27.879,31.747,33.875,32.323,31.877
train_0170,6,8,29.368,24.522,20.502,27.396,36.458,43.596,49.112,52.918,54.366,54.906,49.858,42.026,34.497,29.119,25.761,24.467,26.673,30.682,34.224,34.256,35.017
train_0170,7,8,,26.43,24.009,31.692,41.251,49.218,54.976,57.875,57.907,57.739,53.462,46.681,38.867,32.61,28.831,27.068,29.11,33.239,37.614,36.914,36.467
train_0170,8,8,37.881,32.006,27.906,35.892,45.918,53.419,59.302,,64.499,64.778,59.496,51.105,42.687,36.793,33.049,30.934,32.779,37.219,41.107,40.083,39.839
train_0171,1,8,,26.863,24.288,32.221,42.284,51.089,57.914,61.733,62.249,62.025,57.351,49.47,41.781,36.208,31.828,28.635,,33.486,38.517,39.57,39.009
train_0171,2,8,33.882,27.573,29.302,39.356,,56.298,61.509,64.201,64.212,63.85,,52.005,44.538,38.475,34.442,32.021,32.681,35.913,40.786,42.279,41.69
train_0171,3,8,32.416,25.391,26.604,35.006,43.735,50.236,54.892,57.657,58.682,58.948,54.278,47.209,40.185,34.635,30.448,27.899,,32.367,36.519,37.785,36.379
train_0171,4,8,30.512,25.369,27.383,36.495,45.223,52.203,57.614,60.376,61.003,60.33,54.165,,,,28.489,27.591,30.943,35.384,38.306,36.547,35.88
train_0171,5,8,30.062,25.866,29.775,,46.825,53.344,58.332,61.299,62.423,62.396,57.046,49.739,42.213,35.972,31.708,29.206,30.047,33.429,38.133,39.161,38.187
train_0171,6,8,26.265,20.932,25.887,35.291,43.783,50.387,55.777,58.537,58.765,58.194,52.712,45.097,37.562,31.791,27.85,25.472,26.57,30.025,34.521,35.522,34.726
train_0171,7,8,17.931,19.504,22.552,28.119,33.493,38.218,42.405,45.256,46.536,46.09,43.301,,37.896,36.062,34.429,34.546,37.17,41.588,46.211,48.128,
train_0171,8,8,31.092,24.077,,34.404,43.394,50.362,56.041,59.714,60.383,,54.092,46.428,38.783,32.875,28.732,26.194,27.05,30.328,35.024,36.496,35.692
train_0172,1,8,34.307,31.705,16.126,20.632,26.28,25.976,30.312,32.769,30.149,,27.282,,17.918,15.517,14.186,11.871,7.651,4.051,1.191,2.13,2.28
train_0172,2,8,40.381,28.087,37.501,44.281,48.588,52.931,57.619,61.179,62.284,62.881,61.206,58.091,53.861,49.971,46.246,40.572,32.453,26.953,10.161,25.416,29.975
train_0172,3,8,24.696,36.468,55.053,68.09,65.491,51.345,37.643,30.863,28.565,26.524,24.592,23.297,22.322,25.926,35.158,47.17,52.716,48.511,34.624,25.958,20.912
train_0172,4,8,41.223,29.315,40.689,46.192,50.739,54.946,58.615,61.037,61.624,61.781,60.01,57.56,53.645,49.159,44.948,40.042,33.495,28.891,11.781,25.224,28.672
train_0172,5,8,32.821,21.867,30.746,38.402,,46.275,50.107,53.565,54.799,54.981,52.404,48.41,43.875,,37.771,32.828,26.553,19.144,12.423,22.434,23.038
train_0172,6,8,37.103,29.587,,37.618,41.881,45.834,49.712,53.444,54.945,55.493,54.576,51.844,47.957,44.355,41.66,,30.41,24.913,10.295,18.609,24.811
train_0172,7,8,38.293,32.244,,42.098,47.606,51.98,56.029,60.165,62.045,,60.784,57.901,53.751,49.287,44.782,38.838,31.488,26.57,12.723,26.643,29.653
train_0172,8,8,39.805,33.662,,42.199,47.934,52.788,57.353,61.929,63.836,64.223,61.715,57.302,52.333,49.127,46.077,39.955,32.213,27.094,14.265,26.771,28.845
train_0173,1,16,32.807,27.816,33.304,42.903,50.963,57.341,62.341,64.519,65.131,62.341,54.515,45.732,38.677,33.809,30.586,30.346,33.425,,41.004,40.939,41.745
train_0173,2,16,27.084,22.871,27.673,36.594,44.103,50.07,54.54,55.968,55.836,53.055,46.577,39.106,32.92,29.08,26.995,27.398,30.23,34.504,35.428,35.599,37.039
train_0173,3,16,30.459,26.112,33.202,42.936,,57.739,63.077,65.032,65.143,62.154,54.704,46.319,39.257,34.29,31.336,31.035,33.78,37.928,39.911,38.643,38.887
train_0173,4,16,29.583,26.47,34.345,44.021,51.805,57.829,61.99,63.017,63.034,59.973,53.4,45.792,38.964,33.889,30.9,30.891,34.018,38.435,40.687,39.027,38.612
train_0173,5,16,27.446,22.668,26.329,35.513,43.624,49.675,54.148,56.318,57.101,56.251,50.31,42.532,35.544,30.408,27.105,26.298,28.838,32.789,35.355,34.26,34.136
train_0173,6,16,28.673,25.231,31.754,40.338,47.316,52.902,57.204,,59.925,58.4,52.12,44.448,37.631,32.57,29.038,27.483,29.689,33.942,38,37.782,38.17
train_0173,7,16,31.271,26.368,28.349,37.123,45.528,52.093,57.188,59.391,59.577,57.915,51.411,43.749,37.092,31.924,,,30.599,35.06,37.291,,36.611
train_0173,8,16,,24.066,30.561,39.865,47.274,52.5,55.983,56.973,57.397,55.711,49.351,41.214,34.344,29.76,27.195,26.895,29.228,33.34,36.704,36.326,36.61
train_0173,9,16,33.925,27.883,33.171,,50.737,56.349,60.282,61.876,62.417,61.352,55.185,47.456,40.44,35.372,32.318,31.03,,36.594,39.816,38.472,38.27
train_0173,10,16,35.078,29.847,30.424,39.751,49.622,56.756,61.52,64.045,64.607,63.834,57.502,49.489,,37.478,33.321,30.802,32.834,37.59,42.611,42.134,41.88
train_0173,11,16,27.02,25.229,33.163,42.325,49.089,54.312,59.041,61.196,61.041,56.844,49.456,41.806,35.895,31.998,29.564,29.21,31.461,35.451,38.164,36.989,36.282
train_0173,12,16,31.997,26.265,29.161,38.035,46.46,53.267,58.559,61.059,61.688,60.399,,45.036,37.203,31.732,28.814,28.688,31.816,36.178,38.949,37.764,37.641
train_0173,13,16,29.292,24.485,31.028,40.636,48.589,54.787,59.368,61.261,61.878,59.987,52.831,44.042,36.402,31.069,27.612,26.738,,35.243,38.481,36.512,35.519
train_0173,14,16,34.279,29.235,32.571,42.768,52.045,58.818,63.829,65.93,65.978,65.306,59.36,51.43,43.898,38.158,34.247,32.358,34.208,37.911,41.618,40.562,40.681
train_0173,15,16,28.346,24.851,31.968,41.131,48.354,53.561,57.154,58.204,58.18,,48.083,41.049,35.864,31.966,,28.671,31.546,35.6,37.952,36.996,36.887
train_0173,16,16,,22.416,28.181,36.447,43.749,50.221,54.723,55.837,55.495,51.871,45.117,37.961,32.418,28.343,25.612,25.529,28.004,31.923,33.791,33.371,33.768
train_0174,1,8,46.776,44.077,33.635,38.042,47.261,55.943,62.447,66.492,69.887,71.201,68.49,67.556,64.627,59.248,54.545,46.071,38.47,26.944,16.656,26.886,27.091
train_0174,2,8,39.401,37.162,28.04,33.446,41.521,49.3,55.56,58.825,61.034,62.428,61.057,,57.906,52.645,47.782,40.379,34.136,23.654,14.51,23.696,23.207
train_0174,3,8,42.537,36.818,29.528,39.64,48.504,56.696,62.416,65.605,67.611,67.617,65.411,63.24,58.596,53.706,47.786,41.082,33.44,19.023,20.706,26.647,26.55
train_0174,4,8,39.55,31.613,30.754,38.769,46.379,53.396,57.703,60.191,61.521,61.038,59.96,58.712,54.546,49.61,44.424,38.807,32.28,19.718,16.374,23.335,22.392
train_0174,5,8,39.733,36.101,26.805,33.166,40.494,48.445,54.693,57.696,59.518,,59.206,57.914,53.682,48.486,43.5,,30.765,18.563,16.844,23.851,23.982
train_0174,6,8,43.282,40.495,30.462,34.725,44.062,53.355,60.527,64.02,66.588,68.376,66.875,65.838,61.707,55.523,50.553,43.048,36.006,23.448,15.027,24.312,24.366
train_0174,7,8,40.417,34.067,28.654,,46.449,54.114,59.201,61.549,63.05,63.501,62.505,61.344,56.684,51.228,45.385,37.987,30.136,16.742,14.843,23.417,24.307
train_0174,8,8,26.407,26.488,25.087,28.904,32.104,34.833,36.665,37.837,39.731,41.9,43.301,44.533,44.96,45.373,46.336,46.929,47.709,46.257,46.61,51.429,
train_0175,1,12,45.234,38.756,31.855,42.236,50.74,58.96,65.022,68.25,70.29,70.484,67.274,65.616,62.058,56.599,52.052,44.08,37.097,26.637,13.142,24.272,24.19
train_0175,2,12,41.591,38.941,29.08,36.469,45.903,55.034,61.671,64.74,66.657,67.691,65.641,64.672,61.397,55.393,50.614,43.19,37.152,27.549,13.098,23.226,22.826
train_0175,3,12,39.145,31.628,28.561,37.319,44.956,52.692,58.362,61.516,63.407,63.577,60.757,59.781,,,47.943,40.076,33.686,24.27,9.869,18.438,20.374
train_0175,4,12,34.752,28.455,30.479,39.096,46.208,54.397,56.175,58.121,56.394,55.065,54.543,54.286,52.476,46.67,41.688,36.244,31.809,22.331,8.961,17.013,16.714
train_0175,5,12,43.39,37.24,29.027,38.689,,55.082,60.892,63.381,64.631,65.161,63.196,63.045,60.826,55.629,51.108,43.762,37.205,27.801,13.023,19.835,23.432
train_0175,6,12,29.717,,31.686,40.041,46.448,,52.94,54.188,50.502,47.928,48.085,48.219,47.377,42.33,38.407,34.924,31.506,21.273,7.685,15.708,14.47
train_0175,7,12,41.951,38.709,28.06,,43.665,52.495,59.664,63.331,65.809,67.709,66.355,64.969,61.362,55.571,50.858,42.954,36.329,27.553,12.951,21.124,23.735
train_0175,8,12,45.309,37.147,33.385,43.043,51.765,60.053,65.365,68.259,70.399,70.967,69.102,68.168,64.209,58.255,53.295,45.854,39.581,29.219,16.171,27.138,26.593
train_0175,9,12,40.676,33.377,28.549,37.666,45.465,52.784,57.949,60.828,63.056,63.962,61.676,60.712,58.136,53.275,49.005,41.862,35.348,26.982,13.198,15.827,21.087
train_0175,10,12,36.702,29.491,26.48,35.742,44.445,52.128,56.421,58.209,59.714,60.712,59.545,58.121,54.037,48.311,42.687,36.002,30.676,20.514,11.663,20.554,20.392
train_0175,11,12,44.055,35.87,32.147,42.555,,59.17,64.467,67.394,69.827,71.291,69.359,67.772,63.395,57.502,,44.834,37.495,27.343,13.337,23.295,24.14
train_0175,12,12,41.337,33.858,27.052,36.062,43.843,51.05,56.306,59.468,61.809,62.849,60.703,59.491,56.362,51.368,47.538,41.02,35.127,26.502,11.918,16.004,20.156
train_0176,1,12,36.419,31.681,25.401,32.853,39.754,47.083,52.602,,56.928,58.005,56.766,55.999,54.571,50.834,46.734,41.913,36.054,30.235,20.649,13.02,20.747
train_0176,2,12,37.202,32.197,25.715,32.899,39.639,46.078,50.656,53.124,54.838,55.45,54.349,53.937,52.019,47.798,44.12,39.963,34.299,28.254,,11.391,19.794
train_0176,3,12,34.921,27.58,27.303,35.903,43.504,49.984,53.731,55.87,57.826,58.334,55.807,54.502,51.567,47.232,44.499,39.607,,27.911,16.295,14.754,21.122
train_0176,4,12,36.64,28.903,32.955,20.736,21.938,22.216,27.326,28.699,24.93,21.499,,14.27,11.461,9.696,9.871,7.725,4.597,1,1,1,1
train_0176,5,12,36.566,31.339,27.219,35.751,43.408,50.345,54.724,56.55,57.982,58.837,56.927,55.574,52.648,48.273,45.153,40.027,34.758,27.737,16.133,17.207,23.419
train_0176,6,12,35.899,28.903,28.195,36.054,42.583,48.776,53.44,56.123,57.988,58.717,56.904,56.677,54.723,49.875,45.351,39.62,34.823,28.566,16.725,14.472,21.505
train_0176,7,12,33.604,,25.862,33.825,40.182,46.133,50.735,53.317,54.889,55.185,52.593,51.065,48.916,45.605,,,33.102,27.384,17.387,11.675,18.932
train_0176,8,12,38.114,32.783,27.957,36.638,43.774,50.434,55.573,58.234,59.595,59.699,57.717,56.789,55.172,51.296,47.233,42.229,36.338,30.773,21.753,15.103,24.247
train_0176,9,12,34.238,26.499,30.854,37.818,44.061,49.347,52.867,55.081,56.379,56.453,54.215,53.007,50.417,46.593,,39.178,34.456,28.384,17.433,12.26,19.611
train_0176,10,12,39.707,30.254,23.913,35.11,41.791,47.932,43.844,43.965,40.007,35.545,36.243,37.222,37.894,32.402,28.419,30.225,31.101,22.982,,4.824,8.535
train_0176,11,12,35.838,27.798,30.83,37.299,,49.591,53.482,56.143,58.268,58.514,56.168,55.032,52.506,48.357,44.669,38.471,,27.385,15.82,16.156,20.148
train_0176,12,12,34.008,26.945,26.25,33.835,40.369,46.868,51.548,53.461,54.303,54.556,52.779,51.682,49.1,45.204,42.121,37.933,32.698,26.956,17.524,10.103,18.722
train_0177,1,8,27.525,19.557,26.34,33.09,39.924,45.036,47.62,49.803,51.289,,48.167,45.946,42.02,37.85,32.205,26.884,22.019,12.629,9.445,15.108,13.741
train_0177,2,8,26.321,29.405,40.817,51.733,54.02,49.554,43.515,40.098,38.385,36.882,35.914,34.955,33.08,32.667,34.813,,38.166,31.631,23.222,21.022,17.825
train_0177,3,8,36.477,26.761,29.559,38.38,46.485,52.951,56.33,,59.093,58.852,57.92,56.57,52.506,,43.331,37.066,30.849,20.07,12.268,20.337,20.461
train_0177,4,8,29.451,22.341,27.588,34.31,40.404,46.434,50.732,53.218,54.267,53.065,50.555,49.423,46.875,42.775,38.689,32.728,27.709,19.782,8.915,16.635,16.651
train_0177,5,8,33.695,26.84,26.562,33.809,40.489,46.569,50.346,52.492,53.82,53.481,51.896,49.992,45.788,41.683,37.793,32.068,25.468,14.501,9.391,,17.76
train_0177,6,8,27.483,19.616,27.055,34.424,41.661,47.453,50.217,51.704,52.422,50.747,49.02,47.056,43.601,40.496,36.278,30.384,24.086,13.939,8.57,16.557,
train_0177,7,8,32.786,25.487,25.787,34.342,41.993,48.103,51.048,52.29,53.362,53.021,,,46.885,42.66,38.08,32.074,26.592,16.729,9.262,16.685,16.457
train_0177,8,8,29.601,22.062,24.445,33.122,40.523,46.352,49.483,51.102,52.175,,50.094,49.059,46.221,42.162,37.921,31.409,25.131,15.589,,15.936,16.492
train_0178,1,12,35.681,27.229,,38.856,42.888,45.914,49.509,53.817,56.219,56.513,54.716,51.601,48.507,45.604,42.29,37.698,31.525,,17.677,14.676,24.174
train_0178,2,12,38.595,28.389,33.57,41.176,45.768,50.354,55.031,59.29,60.99,61.392,59.853,56.821,52.605,48.328,44.454,40.168,34.129,29.783,13.711,22.176,26.087
train_0178,3,12,32.725,26.344,27.382,35.523,39.702,43.554,47.541,51.648,53.484,53.897,53.285,51.2,47.752,43.676,39.853,35.624,29.654,24.17,13.813,14.275,21.9
train_0178,4,12,36.928,32.023,27.833,37.288,42.229,47.285,51.706,55.312,56.392,56.041,55.074,53.057,50.374,46.498,42.884,39.028,33.09,27.392,20.073,15.996,24.945
train_0178,5,12,36.811,34.314,28.198,38.835,43.736,47.983,52.092,55.905,57.533,57.911,57.337,54.612,50.819,46.914,43.946,40.604,34.758,29.001,18.381,17.538,23.78
train_0178,6,12,37.398,30.813,30.901,39.957,44.987,49.585,53.832,57.927,59.287,58.957,57.491,54.91,51.3,47.482,44.428,40.628,34.437,29.356,14.705,20.338,25.032
train_0178,7,12,35.65,23.946,34.645,40.753,,49.884,53.951,57.215,57.883,57.783,56.703,54.576,50.834,46.676,42.846,38.027,31.164,25.855,15.05,15.017,23.692
train_0178,8,12,36.215,24.936,35.73,41.544,45.543,48.953,52.852,56.913,58.104,57.893,56.607,54.047,50.03,46.014,43.057,39.547,33.848,28.791,21.11,13.933,22.803
train_0178,9,12,,27.436,38.25,43.706,47.641,50.934,54.165,57.574,59.531,60.559,59.491,57.176,53.49,48.901,44.55,,35.023,29.78,18.591,17.983,
train_0178,10,12,37.141,27.351,31.804,38.896,,46.796,50.593,54.423,56.017,56.243,54.62,52.022,49.171,45.575,42.124,38.457,32.953,27.84,19.104,14.85,
train_0178,11,12,39.569,28.621,36.042,43.508,48.169,52.198,56.021,59.774,61.764,62.967,61.692,58.865,55.21,51.217,47.134,,35.27,29.984,13.782,22.739,28.431
train_0178,12,12,32.086,21.82,29.145,34.984,38.51,42.023,46.275,,51.074,51.188,50.248,47.959,44.138,40.37,37.484,33.658,27.487,22.711,14.711,14.089,22.832
train_0179,1,12,25.202,19.525,20.986,28.669,36.68,43.058,48.075,51.333,52.547,52.459,47.509,40.663,33.775,28.578,25.204,23.296,24.427,,31.942,,30.76
train_0179,2,12,,21.125,22.791,,40.601,47.241,,,54.501,54.703,49.537,42.091,35.393,30.683,27.257,25.389,27.063,30.75,35.206,34.946,34.546
train_0179,3,12,13.266,11.794,23.917,33.884,,47.274,50.203,49.181,41.102,25.965,42.316,49.597,48.419,44.928,42.91,42.578,43.641,44.369,46.168,43.176,40.732
train_0179,4,12,26.537,22.003,25.626,34.417,42.377,48.33,52.896,55.178,55.531,55.234,50.086,43.111,36.473,31.46,28.352,26.807,28.096,31.096,35.261,34.897,33.27
train_0179,5,12,30.758,28.483,32.639,29.899,20.481,20.458,25.854,27.466,,19.861,13.84,3.082,2.303,2.767,2.143,1.388,1.067,3.064,9.122,6.474,2.697
train_0179,6,12,26.221,21.564,22.951,31.672,40.719,47.195,51.637,54.322,55.059,55.113,50.155,42.651,35.184,29.665,26.064,24.375,25.851,29.315,33.615,34.052,32.295
train_0179,7,12,,21.269,27.245,35.703,42.193,47.428,52.422,55.11,55.812,,48.905,41.598,35.171,30.594,27.432,25.069,25.936,,33.978,33.978,32.411
train_0179,8,12,29.961,24.094,26.631,35.858,44.69,51.497,56.877,59.875,60.456,60.703,56.396,49.643,42.522,36.306,31.482,28.889,29.804,33.092,37.344,39.304,38.607
train_0179,9,12,31.168,27.062,25.605,33.517,42.279,49.067,,58.641,60.224,60.623,55.822,48.27,40.438,34.441,30.501,28.163,29.07,32.277,36.963,37.749,37.78
train_0179,10,12,28.896,24.274,24.086,31.358,39.411,45.963,50.463,52.947,53.913,54.301,49.909,43.218,36.39,31.372,28.343,26.797,27.872,30.377,33.924,33.913,32.584
train_0179,11,12,14.399,11.683,23.43,34.135,44.184,50.334,53.809,51.806,42.283,26.498,42.43,49.745,48.586,45.252,43.31,42.961,43.849,,45.523,43.399,41.877
train_0179,12,12,29.584,26.063,24.818,32.029,40.123,46.726,52.103,56.041,57.568,57.549,52.534,45.474,38.955,34.089,30.412,,29.265,,37.632,38.39,37.799
train_0180,1,12,31.104,26.229,24.441,32.517,37.298,41.702,44.942,47.669,48.946,49.371,48.486,46.193,42.843,39.259,36.491,33.399,28.27,,13.211,,22.863
train_0180,2,12,31.408,26.235,25.593,33.612,37.577,41.769,45.639,48.777,49.932,49.968,49.183,47.167,44.391,40.954,38.036,34.667,29.603,24.772,19.584,12.566,22.34
train_0180,3,12,32.575,27.343,25.414,,38.76,41.966,45.622,49.682,51.27,50.771,49.962,48.357,46.316,42.92,39.104,34.839,29.45,24.155,20.77,9.848,
train_0180,4,12,31.414,22.583,27.742,35.709,39.641,42.189,44.731,47.898,49.883,51.253,50.669,48.108,44.477,40.57,37.351,33.647,27.446,22.093,12.66,13.206,21.055
train_0180,5,12,31.89,27.646,24.875,33.718,37.836,41.097,44.282,47.667,49.19,49.461,48.156,45.497,41.796,38.209,35.366,31.712,25.908,21.729,7.23,17.645,20.563
train_0180,6,12,36.54,,30.709,39.218,43.823,47.144,50.395,53.752,55.127,55.544,54.646,52.221,48.909,45.672,42.716,39.111,33.907,29.094,17.729,18.499,26.213
train_0180,7,12,33.184,28.585,26.2,35.155,39.427,44.088,48.277,51.128,51.721,51.89,50.778,48.732,46.034,42.675,37.902,32.111,26.299,22.836,8.755,20.778,23.676
train_0180,8,12,35.198,31.999,25.662,34.953,,43.653,47.586,51.747,54.28,55.247,54.401,51.438,47.834,43.779,40.325,36.659,31.117,26.251,17.483,17.496,24.548
train_0180,9,12,33.582,28.606,28.117,36.652,40.924,45.096,48.996,52.612,53.95,53.581,51.985,49.443,45.942,42.628,40.038,36.336,29.913,24.66,9.754,17.799,23.541
train_0180,10,12,30.491,28.312,22.719,31.762,35.939,39.371,42.301,45.514,47.936,49.204,48.758,46.558,43.37,39.669,36.618,33.346,28.147,23.371,11.149,15.67,20.739
train_0180,11,12,32.768,26.843,28.25,35.179,38.737,41.819,,48.091,48.934,49.019,47.893,45.883,42.78,,35.718,32.111,26.955,22.844,8.279,18.631,21.588
train_0180,12,12,,30.813,21.081,31.533,36.879,,44.089,48.056,50.702,51.16,50.016,47.325,44.381,40.95,37.448,33.5,27.942,23.67,10.832,17.612,20.204
train_0181,1,8,37.329,35.965,25.894,38.662,44.897,,55.365,60.011,63.063,64.469,63.994,60.857,56.82,52.862,49.732,45.439,37.761,,14.907,19.917,28.397
train_0181,2,8,40.723,39.116,26.776,39.893,46.597,51.988,56.705,61.764,65.265,67.173,67.136,,59.478,53.805,48.876,43.672,36.097,30.479,10.159,23.944,30.706
train_0181,3,8,40.64,40.819,27.895,40.793,48.149,54.43,59.327,63.228,64.946,65.781,65.804,63.434,59.147,54.383,50.375,45.096,36.739,30.722,10.281,26.923,31.392
train_0181,4,8,37.416,34.803,27.125,39.63,45.904,51.335,56.019,60.275,62.182,63.015,62.611,60.551,56.75,52.285,48.69,43.813,35.299,28.877,8.594,23.089,28.144
train_0181,5,8,36.626,30.295,27.825,37.083,42.377,47.05,51.635,56.315,58.396,59.296,57.955,,,,42.595,37.657,30.787,26.1,7.447,21.542,25.934
train_0181,6,8,25.328,40.729,27.745,38.591,42.848,47.5,46.198,50.286,49.309,44.537,45.786,44.492,42.108,37.376,33.719,33.476,29.65,,3.903,17.667,21.631
train_0181,7,8,41.448,40.826,27.54,40.425,47.384,53.642,59.024,63.39,65.338,65.83,65.834,64.389,,55.045,50.587,45.866,37.9,32.131,11.153,26.68,31.127
train_0181,8,8,36.961,35.393,25.374,36.668,41.638,46.133,50.807,55.54,58.375,59.451,59.501,57.308,53.834,49.126,,,34.111,27.859,18.596,15.587,26.728
train_0182,1,12,39.641,32.539,29.837,40.25,45.871,50.763,55.044,60.163,64.408,65.873,65.959,64.021,61.296,,53.13,49.69,45.118,37.532,31.254,15.522,19.095
train_0182,2,12,38.251,37.545,38.01,41.66,30.259,22.021,44.054,51.882,53.939,54.916,54.363,53.556,52.976,50.79,49.874,48.838,47.211,44.867,43.57,39.117,44.208
train_0182,3,12,40.025,37.587,28.302,40.759,47.038,52.273,56.783,61.337,64.509,65.601,65.652,63.048,59.66,55.619,51.74,47.203,40.552,32.87,27.744,11.044,23.979
train_0182,4,12,40.665,31.76,33.434,43.096,48.984,54.062,,62.776,64.61,65.659,65.274,62.206,58.381,54.48,51.144,47.134,40.699,33.316,26.937,12.998,25.155
train_0182,5,12,,34.334,35.205,,51.764,56.318,60.517,65.199,68.481,70.268,71.104,69.334,66.106,61.054,56.154,51.672,46.076,38.613,33.978,14.039,26.583
train_0182,6,12,41.668,41.707,43.873,40.523,48.235,54.541,58.442,62.118,61.108,50.196,59.238,68.014,70.814,67.656,64.402,61.951,58.281,51.654,44.735,19.992,33.927
train_0182,7,12,39.231,28.686,33.214,42.601,48.075,52.861,57.004,60.675,63.177,65.346,65.808,63.244,59.627,54.926,50.755,47.238,41.541,33.537,27.66,9.882,24.731
train_0182,8,12,41.498,40.119,29.656,41.319,46.378,50.715,55.355,60.848,65.192,66.435,66.854,65.439,62.747,58.218,53.652,49.822,44.908,37.4,32.168,12.802,26.729
train_0182,9,12,39.247,28.683,33.47,41.753,47.166,52.217,56.766,61.286,63.939,65.114,65.127,63.169,60.056,55.846,52.194,48.222,42.208,34.747,29.674,10.301,25.668
train_0182,10,12,41.106,27.603,36.722,45.245,51.39,56.788,61.559,65.698,67.326,67.8,67.168,64.792,61.621,57.147,52.648,48.123,,34.952,30.55,10.04,25.731
train_0182,11,12,41.204,33.067,,42.844,48.652,53.835,58.687,63.52,66.327,67.671,67.824,65.18,61.294,56.702,53.007,49.447,43.927,36.756,31.483,13.508,28.792
train_0182,12,12,39.726,34.064,31.417,42.002,47.495,52.332,56.598,60.868,63.298,64.082,64.323,62.728,,55.68,51.532,48.037,43.204,,31.691,11.947,27.219
train_0183,1,8,,35.119,27.238,32.271,40.557,47.38,48.183,50.41,49.272,,45.334,44.555,42.697,38.283,34.849,32.205,30.227,21.371,11.892,,16.721
train_0183,2,8,40.626,35.147,28.47,35.975,42.569,50.004,55.757,58.321,59.86,60.597,58.942,57.787,53.733,47.986,43.663,38.03,32.953,23.678,15.763,24.024,22.872
train_0183,3,8,44.219,39.311,29.162,36.162,44.714,52.994,58.644,61.388,63.404,64.793,63.455,62.639,58.823,53.073,48.074,41.114,34.627,23.156,16.683,24.837,25.4
train_0183,4,8,35.8,32.307,23.717,29.775,36.539,43.89,49.165,51.222,52.288,52.395,50.268,48.989,45.821,41.97,38.15,32.329,25.895,14.847,13.019,19.098,18.276
train_0183,5,8,40.187,38.484,30.651,31.512,39.969,47.977,54.52,57.896,59.926,60.963,59.064,57.188,53.562,48.73,45.734,39.98,34.461,25.392,14.706,23.709,24.445
train_0183,6,8,42.867,36.201,29.187,37.882,46.519,54.438,59.537,61.797,62.846,63.629,62.637,61.481,56.94,51.146,47.27,41.05,35.754,27.054,15.31,24.139,
train_0183,7,8,36.607,31.778,25.186,33.128,39.726,46.616,51.904,55.024,56.92,,54.594,,49.929,46.336,42.015,35.235,28.058,16.784,14.601,20.923,20.68
train_0183,8,8,38.982,33.477,,,43.494,51.01,55.424,55.997,53.716,42.961,49.329,60.314,62.241,58.766,55.895,51.555,46.316,36.575,28.419,33.724,33.248
train_0184,1,8,37.041,36.712,18.72,9.248,16.044,18.315,26.21,28.714,,21.819,20.399,15.712,13.18,10.754,10.06,8.246,4.628,1.911,1.844,1.429,1
train_0184,2,8,40.05,38.169,29.089,29.095,39.118,47.765,54.967,59.191,62.045,64.015,63.355,61.522,58.5,52.702,47.767,42.083,35.908,27.019,11.213,12.386,17.932
train_0184,3,8,42.97,38.766,28.492,32.331,41.492,49.911,56.472,59.528,61.066,62.025,,59.713,57.704,53.204,49.169,42.993,36.769,28.574,14.119,16.414,20.779
train_0184,4,8,44.943,40.314,29.904,36.172,45.356,54.649,62.296,,66.855,67.257,65.822,64.611,61.716,56.774,52.964,46.609,39.699,,16.009,17.818,23.949
train_0184,5,8,44.053,37.957,27.949,36.146,,53.095,,63.81,66.329,67.536,65.401,63.427,60.279,55.109,50.289,43.173,36.203,28.661,15.341,14.173,21.716
train_0184,6,8,38.92,38.075,19.989,9.233,14.636,16.02,24.27,27.698,24.048,20.91,19.819,15.018,12.998,11.202,10.213,8.093,4.172,1.078,1.013,1,1.31
train_0184,7,8,42.089,38.472,,32.42,41.185,,55.913,60.691,,65.223,64.852,62.651,60.84,56.352,50.774,,39.565,33.43,23.58,12.331,23.156
train_0184,8,8,40.942,38.413,29.439,29.168,38.823,47.47,55.652,61.198,64.02,64.934,63.822,61.512,59.42,54.639,49.178,,36.518,29.635,17.48,10.625,19.735
train_0185,1,8,45.717,41.187,30.897,37.625,45.774,53.969,60.988,,67.412,68.164,66.418,65.53,63.055,57.929,53.414,46.697,40.193,31.372,16.368,18.751,24.034
train_0185,2,8,47.737,41.049,33.689,43.674,51.884,59.7,,68.879,71.093,71.32,67.94,65.561,61.522,56.641,52.692,44.996,38.042,27.457,14.978,25.49,25.828
train_0185,3,8,38.72,33.978,25.048,32.805,40.354,48.495,55.116,58.007,59.28,59.904,58.365,57.918,55.086,50.029,45.601,37.897,31.558,23.071,10.558,19.356,19.775
train_0185,4,8,42.9,35.692,28.247,37.455,45.708,53.728,59.36,62.251,64.549,65.802,63.653,62.109,58.238,52.561,48.665,42.397,36.643,27.829,13.972,20,22.77
train_0185,5,8,44.298,37.438,25.47,26.899,,48.838,54.888,56.291,56.077,55.632,54.68,53.67,50.185,44.948,43.008,36.877,31.374,24.501,13.232,19.331,17.878
train_0185,6,8,41.251,37.782,28.502,35.466,44.16,,58.409,61.486,63.47,64.635,62.977,61.282,58.404,53.42,49.051,42.67,36.365,28.86,15.707,16.792,23.494
train_0185,7,8,43.203,37.389,27.197,35.579,43.926,52.016,58.09,61.199,63.138,63.572,60.595,58.846,55.69,50.703,46.564,39.213,32.825,23.8,10.999,20.674,19.939
train_0185,8,8,40.208,,28.017,37.747,46.255,53.899,59.014,61.433,62.554,62.683,60.386,59.05,55.573,50.811,46.834,39.023,32.298,23.592,10.453,17.87,19.096
train_0186,1,8,42.896,,,36.365,44.518,53.107,,64.057,67.545,69.494,67.262,65.985,62.93,57.496,53.021,45.08,37.964,28.223,13.077,21.827,23.759
train_0186,2,8,45.468,40.492,28.734,37.398,47.985,57.772,64.842,68.892,71.783,73.01,70.656,69.337,65.115,59.291,53.594,45.152,36.775,21.59,16.952,27.338,27.724
train_0186,3,8,44.817,38.245,28.895,39.298,48.975,58.48,65.542,69.665,72.847,,71.564,70.248,66.662,61.027,55.655,46.57,38.341,25.277,13.189,25.578,25.833
train_0186,4,8,40.896,38.693,29.607,32.847,42.148,51.114,58.489,,64.344,65.712,64.653,65.042,62.057,55.582,50.062,41.841,34.791,22.873,12.927,,23.399
train_0186,5,8,46.147,42.6,32.087,39.623,49.028,58.492,66.247,70.776,73.997,75.26,72.703,71.766,67.801,61.242,54.605,45.336,37.101,22.837,17.879,27.392,27.026
train_0186,6,8,45,41.612,30.053,34.515,,54.394,63.163,68.845,72.566,73.89,70.82,,66.062,60.843,56.253,47.159,38.929,26.528,12.965,25.652,25.167
train_0186,7,8,39.377,35.2,25.707,,43.229,52.623,59.711,62.919,64.545,65.19,63.105,62.353,59.201,54.048,50.079,42.745,36.019,24.905,12.608,23.659,24.25
train_0186,8,8,44.063,39.133,28.154,35.344,44.807,54.872,61.994,64.858,66.779,68.099,66.328,65.883,63.409,58.242,53.567,45.092,37.956,28.028,13.483,25.185,25.756
train_0187,1,8,36.112,29.251,,39.563,51.406,56.634,60.356,63.779,61.161,54.382,62.389,66.864,65.916,61.677,57.235,52.509,45.777,40.25,18.847,33.931,37.212
train_0187,2,8,43.729,36.515,34.824,45.344,51.533,56.784,61.077,65.047,66.896,,66.752,64.77,61.371,56.385,50.787,45.571,39.453,34.821,13.704,28.151,33.94
train_0187,3,8,42.038,31.413,36.391,46.755,,59.074,63.835,68.028,69.83,70.51,68.045,64.14,59.092,54.346,49.82,43.549,35.635,30.555,14.2,30.37,33.158
train_0187,4,8,42.72,33.092,34.698,45.421,52.218,58.033,63.097,67.993,70.279,71.21,69.529,65.896,60.221,55.22,51.353,45.661,37.336,31.505,12.811,30.218,34.639
train_0187,5,8,40.335,35.214,,41.363,46.833,,55.627,60.46,63.2,64.443,63.676,60.932,56.534,52.126,48.27,43.212,35.65,30.466,,26.045,30.838
train_0187,6,8,38.647,38.03,27.543,40.123,46.823,52.127,56.262,60.937,64.176,65.76,64.522,60.901,55.868,50.973,47.039,42.03,34.829,30.176,12.545,27.609,29.609
train_0187,7,8,38.074,,28.982,38.11,45.915,50.725,50.242,51.926,51.102,48.197,48.97,47.218,45.144,40.05,35.305,34.384,30.817,24.655,5.117,19.172,21.651
train_0187,8,8,42.865,38.806,30.761,43.254,49.68,54.822,59.202,64.271,67.643,68.873,68.044,65.485,61.961,57.651,53.814,48.827,40.278,33.37,15.854,24.386,32.097
train_0188,1,8,36.894,35.682,26.996,,,51.353,55.558,58.507,60.889,61.925,61.24,60.019,55.925,49.57,40.66,30.343,,34.948,38.187,,38.536
train_0188,2,8,41.741,38.839,28.96,33.143,,55.134,59.305,62.567,65.641,67.742,67.562,66.142,61.438,54.904,45.538,33.427,32.695,36.907,42.238,42.71,42.137
train_0188,3,8,44.505,41.855,30.336,37.858,51.375,56.579,60.664,64.135,67.248,69.45,69.496,68.385,64.151,58.112,49.901,38.006,32.383,36.351,42.889,44.64,43.92
train_0188,4,8,42.128,39.606,29.882,34.377,,54.113,58.047,60.996,63.774,65.399,65.114,64.291,60.558,54.656,45.425,33.344,32.467,36.395,,40.302,39.394
train_0188,5,8,40.018,38.371,28.65,36.256,49.428,54.126,56.952,59.327,61.977,63.691,63.653,62.081,57.689,51.627,42.181,30.852,,36.611,40.084,39.374,38.466
train_0188,6,8,39.183,37.336,26.585,34.701,46.241,,56.377,59.508,62.161,63.812,,61.214,57.365,53.005,45.375,33.697,31.537,35.095,40.237,40.592,40.058
train_0188,7,8,42.564,,25.022,27.018,43.259,50.376,,55.608,56.514,57.028,57.248,55.814,51.48,45.964,39.88,30.68,28.767,33.737,39.888,38.594,36.092
train_0188,8,8,44.525,41.48,28.967,40.791,52.941,59.09,63.32,66.194,68.878,70.036,69.058,66.611,61.792,55.789,46.456,34.517,35.598,40.478,45.206,45.052,44.325
train_0189,1,12,29.214,28.689,23.655,21.783,35.388,39.271,40.997,43.029,45.363,47.271,47.484,46.648,43.492,39.26,33.794,25.897,,25.005,28.676,29.379,28.733
train_0189,2,12,35.08,35.837,33.363,23.777,35.578,42.489,45.62,48.623,51.703,54.382,54.674,53.812,,46.013,39.506,29.753,26.051,28.999,,33.851,32.411
train_0189,3,12,,34.463,31.68,23.047,36.303,,45.751,48.711,51.637,54.359,54.694,53.839,50.73,45.82,38.687,29.209,28.251,30.919,33.953,33.483,32.854
train_0189,4,12,31.626,31.255,26.177,21.312,36.369,42.109,45.714,48.424,50.937,53.346,53.593,52.525,49.534,45.086,38.729,,24.842,27.23,31.581,32.284,31.976
train_0189,5,12,32.886,32.988,30.59,22.133,34.513,41.156,44.788,47.339,49.474,51.638,52.049,51.217,47.934,42.922,36.226,27.149,,28.941,33.012,,34.056
train_0189,6,12,29.661,29.519,26.412,18.082,31.985,38.911,42.593,45.003,46.97,48.548,48.402,47.7,44.766,40.414,34.174,24.77,23.485,27.031,31.079,30.638,29.46
train_0189,7,12,34.187,33.578,29.331,22.043,36.98,42.252,44.982,47.441,50.357,53.399,53.697,52.349,48.683,43.815,36.889,26.538,24.649,28.937,33.516,32.642,31.205
train_0189,8,12,35.292,34.588,30.038,23.484,38.333,43.742,46.91,49.34,51.581,53.629,53.64,52.616,49.917,46.124,40.204,30.578,26.161,29.122,33.935,34.75,34.134
train_0189,9,12,33.901,34.253,31.763,22.167,35.757,43.944,48.172,,52.62,53.894,53.86,,50.076,44.886,37.663,28.143,28.004,30.907,33.951,,
train_0189,10,12,33.061,32.661,29.447,22.248,,40.962,43.795,45.789,47.615,49.526,50.055,49.567,47.525,43.65,37.98,29.508,23.612,25.82,30.032,31.853,31.706
train_0189,11,12,32.636,31.579,25.401,21.292,,41.274,44.419,46.944,49.405,51.335,51.022,49.589,46.389,42.348,36.566,27.933,25.466,28.103,31.437,31.028,30.415
train_0189,12,12,28.203,27.339,24.595,16.929,,35.593,39.069,,44.875,46.335,,44.156,41.201,37.259,31.638,23.262,,24.917,27.528,26.885,25.954
train_0190,1,8,35.549,34.837,25.756,36.099,,51.09,54.108,56.671,59.341,61.019,60.856,60.155,57.02,51.765,43.998,33.638,29.335,32.059,36.798,38.458,38.942
train_0190,2,8,,26.531,,36.694,41.894,45.111,47.268,49.227,51.609,52.932,53.271,52.091,48.427,42.99,35.073,26.076,26.996,30.108,33.507,33.36,
train_0190,3,8,31.47,29.802,21.663,32.741,41.029,44.939,47.826,50.097,52.468,54.02,,52.329,49.259,45.476,39.531,30.178,26.824,,34.618,35.047,34.209
train_0190,4,8,36.173,33.485,24.495,38.425,46.792,51.344,54.639,56.772,58.88,,60.284,58.807,55.165,50.463,42.597,31.471,29.875,32.5,37.167,37.786,37.231
train_0190,5,8,31.979,28.628,21.217,33.498,39.908,43.311,46.74,50.178,53.267,55.086,55.035,53.867,50.623,46.387,40.189,30.915,25.784,28.106,31.993,33.932,33.802
train_0190,6,8,37.094,,25.129,40.053,46.695,50.298,52.791,54.851,57.662,59.527,59.736,58.34,54.294,48.681,40.395,30.09,30.259,33.878,38.296,38.082,37.13
train_0190,7,8,32.588,27.507,21.389,36.016,42.002,,49.256,52.296,55.236,56.446,55.299,52.863,48.986,44.086,36.606,26.812,25.646,28.985,33.91,34.319,33.141
train_0190,8,8,37.551,33.24,25.522,41.153,47.661,51.099,54.278,57.58,60.815,61.784,60.537,58.142,54.156,48.398,39.394,28.989,30.161,34.163,38.166,38.306,38.628
train_0191,1,12,37.862,31.782,26.426,41.934,47.79,52.038,,57.421,58.635,58.455,57.223,,51.874,47.271,,29.631,,32.531,36.024,35.393,34.698
train_0191,2,12,44.461,38.025,30.927,48.413,55.303,59.225,62.115,64.354,66.464,67.06,66.35,64.578,59.944,53.855,45.541,34.44,32.476,35.594,40.855,41.717,40.952
train_0191,3,12,44.558,38.772,31.119,47.349,53.69,57.742,60.768,63.511,66.635,67.359,65.421,61.533,56.742,,42.914,34.059,35.676,39.353,41.869,41.406,41.077
train_0191,4,12,37.527,30.652,28.899,44.004,49.097,52.284,55.077,57.634,59.578,59.515,58.566,56.837,53.122,47.858,40.001,30.474,30.407,32.788,35.959,35.393,34.411
train_0191,5,12,43.254,35.926,30.742,47.554,53.596,56.901,59.465,61.71,63.767,64.548,64.148,61.978,57.34,,41.462,31.224,32.4,36.834,41.576,41.561,40.459
train_0191,6,12,44.645,34.504,36.477,51.831,56.861,60.241,63.447,66.37,68.507,68.547,67.58,64.606,59.678,53.06,,32.76,33.832,37.5,41.785,42.418,42.521
train_0191,7,12,36.34,34.738,24.693,36.195,46.909,51.607,54.359,56.323,58.676,59.762,58.789,56.684,52.28,46.627,38.283,,28.157,32.149,36.017,35.034,33.267
train_0191,8,12,34.139,27.79,16.108,41.851,53.695,56.57,57.718,53.416,52.097,45.074,59.194,65.905,65.041,60.275,52.051,42.377,42.571,43.71,45.773,45.063,
train_0191,9,12,40.751,33.395,27.285,45.375,51.821,55.438,58.455,61.125,63.324,63.162,61.527,58.268,53.529,47.34,37.687,29.477,31.688,35.448,38.158,38.572,38.146
train_0191,10,12,36.812,30.46,20.098,43.33,53.269,56.823,58.936,57.018,57.024,51.788,60.794,64.151,62.086,57.404,49.748,40.066,40.124,42.199,44.844,43.167,41.406
train_0191,11,12,41.206,31.574,,48.41,54.008,57.662,59.884,61.762,64.137,64.814,,62.161,58.146,51.943,42.743,32.425,32.885,35.906,39.576,38.778,37.639
train_0191,12,12,44.927,40.549,31.228,48.239,56.252,60.695,63.89,66.569,69.363,70.247,69.477,67.07,61.584,54.517,,34.539,36.333,40.964,45.078,44.144,42.566
train_0192,1,8,46.54,43.234,33.327,33.741,43.286,52.146,59.526,63.372,65.362,66.503,65.334,,62.287,57.059,52.664,46.033,39.671,30.056,14.775,22.511,24.533
train_0192,2,8,43.823,38.304,27.27,35.187,44.365,53.849,61.113,64.79,67.277,,66.284,65.265,62.659,57.593,52.961,44.704,37.676,27.907,12.306,20.582,22.226
train_0192,3,8,43.754,39.673,29.548,33.874,43.26,52.415,60.206,64.084,65.838,66.596,64.832,63.422,60.152,54.727,50.552,43.51,37.067,27.537,12.388,20.824,23.053
train_0192,4,8,45.007,42.76,33.519,35.581,45.575,54.896,62.439,66.223,68.284,69.093,66.583,65.054,61.663,56.382,52.197,44.538,37.681,26.392,15.72,26.25,27.25
train_0192,5,8,42.784,40.033,30.563,32.194,41.748,50.297,57.378,61.125,63.301,64.744,63.457,62.622,59.594,54.393,50.531,43.346,36.512,25.418,12.762,22.945,22.975
train_0192,6,8,39.93,34.899,25.484,33.405,41.633,49.649,55.302,58.052,,61.095,58.743,57.661,55.165,51.02,47.144,39.713,33.179,23.428,12.31,22.096,21.827
train_0192,7,8,45.255,40.959,30.153,33.906,43.889,53.192,60.797,65.255,68.292,,68.162,66.363,63.228,,52.342,44.028,37.069,28.22,13.109,21.175,23.949
train_0192,8,8,46.255,44.981,35.971,34.058,44.655,54.386,62.572,67.436,70.798,72.998,71.763,70.422,67.005,60.766,55.412,46.873,39.645,28.655,14.861,25.952,24.9
train_0193,1,8,37.052,27.83,27.231,30.007,37.803,47.424,52.429,53.769,53.909,51.949,50.02,48.47,44.575,40.15,37.302,32.613,26.636,17.121,11.528,,17.758
train_0193,2,8,38.656,28.954,35.787,44.024,52.194,57.95,60.519,62.377,63.621,62.346,61.329,59.016,54.599,50.716,44.269,37.05,29.308,16.588,16.341,23.992,24.546
train_0193,3,8,,29.568,30.169,38.43,46.606,53.734,57.703,59.584,60.683,59.865,58.473,56.047,51.201,46.647,40.657,34.707,27.549,,16.082,21.804,22.166
train_0193,4,8,38.693,29.032,36.717,44.967,53.483,59.933,63.151,65.328,66.505,64.674,62.993,60.607,,51.684,46.024,,32.86,21.056,16.101,25.669,26.165
train_0193,5,8,38.396,32.746,30.201,39.75,48.285,55.802,60.397,62.83,64.149,63.373,61.296,59.292,55.432,51.488,45.808,38.497,30.984,18.629,17.814,24.508,24.584
train_0193,6,8,36.865,27.919,33.825,41.338,49.148,55.187,58.498,60.8,62.166,61.098,60.024,57.314,52.423,48.614,43.489,37.886,30.858,17.985,16.12,22.865,23.121
train_0193,7,8,38.115,30.502,30.214,38.288,45.931,52.795,56.586,58.933,60.609,59.785,58.319,56.859,52.753,48.382,42.873,36.635,29.531,16.508,14.964,21.885,21.677
train_0193,8,8,39.023,30.874,33.18,42.016,50.051,56.748,60.379,62.379,63.965,63.566,62.489,60.019,55.072,50.457,43.773,36.878,29.401,16.899,19.416,25.282,24.39
train_0194,1,16,40.557,36.076,21.777,32.173,39.152,46.177,45.644,47.783,45.822,42.95,43.087,43.078,,36.602,32.516,30.837,28.457,19.366,5.402,5.818,9.422
train_0194,2,16,42.379,39.174,29.203,35.394,43.921,52.091,58.602,62.109,64.613,66.046,64.002,62.278,58.686,53.124,48.713,41.303,34.97,25.942,11.841,21.044,23.69
train_0194,3,16,42.632,40.099,30.25,,41.914,51.403,59.393,63.813,66.497,68.029,66.558,64.26,61.81,57.019,52.288,46.127,38.815,30.442,16.221,14.196,21.848
train_0194,4,16,,36.204,25.59,32.97,,50.209,57.138,60.583,62.263,62.276,59.549,59.161,56.923,51.722,47.259,39.677,32.751,22.424,8.109,18.23,18.579
train_0194,5,16,42.463,36.004,26.23,35.393,44.173,52.414,58.291,61.079,62.986,64.404,63.221,62.451,58.983,52.992,48.068,40.56,34.118,25.996,12.172,16.881,21.678
train_0194,6,16,,31.639,23.258,31.538,39.452,,52.381,54.9,56.492,57.361,55.709,55.103,52.548,47.96,44.164,37.261,30.752,21.975,9.33,,18.436
train_0194,7,16,37.425,29.24,7.154,10.337,26.718,38.781,45.721,46.168,44.4,41.855,39.025,35.525,31.088,26.146,28.442,28.668,26.292,24.489,15.124,12.013,11.28
train_0194,8,16,,35.617,27.304,36.752,45.577,54.315,60.427,63.301,65.45,66.487,64.12,62.886,59.55,53.85,49.383,41.896,35.163,26.1,11.905,18.585,
train_0194,9,16,42.291,36.927,26.299,33.681,42.688,51.428,58.412,,64.824,65.994,64.428,62.62,60.722,56.377,,45.318,38.382,,20.302,12.4,21.545
train_0194,10,16,37.137,30.001,23.15,31.639,39.462,,52.999,55.788,57.558,57.998,55.826,54.523,51.552,47.034,43.752,38.605,33.036,25.927,13.171,10.29,17.775
train_0194,11,16,43.413,37.478,29.265,38.872,47.603,56.35,62.395,64.616,65.826,66.421,,63.06,60.205,55.216,50.79,43.996,37.557,29.567,,15.309,22.607
train_0194,12,16,42.085,38.874,28.027,30.616,40.683,50.036,57.462,61.347,63.216,64.188,63.19,61.903,59.124,53.795,49.137,42.776,36.595,28.821,14.228,14.874,18.951
train_0194,13,16,39.729,35.111,,32.777,40.062,48.262,54.428,57.255,58.857,59.524,57.696,56.924,53.461,47.636,,36.357,30.678,22.399,10.522,19.459,19.239
train_0194,14,16,,31.904,,32.518,40.814,48.575,53.445,55.363,,59.6,57.907,55.784,51.208,46.213,42.637,35.007,28.735,20.374,7.804,16.872,17.71
train_0194,15,16,38.789,34.062,,33.56,,48.941,54.878,57.846,59.891,,59.836,57.829,55.37,,46.64,42.462,36.553,30.565,20.783,12.57,21.876
train_0194,16,16,36.195,27.795,22.541,31.05,39.245,46.804,51.735,53.963,55.636,56.467,54.103,52.694,49.457,44.588,41.174,,28.91,20.197,7.103,12.038,16.193
train_0195,1,8,39.83,38.961,27.987,40.701,47.018,52.409,56.979,61.201,,63.075,61.252,57.967,53.528,49.436,45.527,39.591,32.234,25.947,16.646,29.092,31.141
train_0195,2,8,38.051,38.049,24.981,35.024,42.097,48.242,53.211,57.541,60.27,61.258,60.941,58.539,54.889,50.212,45.43,39.767,32.048,26.69,7.756,22.491,27.26
train_0195,3,8,37.077,36.821,24.861,36.72,43.202,,51.873,55.449,56.975,57.423,56.359,,49.13,44.876,40.991,35.254,28.017,,14.523,24.902,25.864
train_0195,4,8,43.347,41.535,30.912,43.629,50.009,55.531,60.022,64.332,66.871,68.245,67.065,63.591,58.698,53.723,49.567,44.314,36.736,31.908,15.01,30.167,32.631
train_0195,5,8,41.793,,31.282,44.224,,54.704,58.875,63.356,65.758,66.703,65.082,61.437,56.315,51.72,47.52,41.175,32.765,,13.156,27.389,29.422
train_0195,6,8,41.752,41.859,30.508,40.196,47.862,52.851,56.854,60.996,64.131,64.877,,61.454,57.446,52.684,48.742,44.087,36.492,30.502,,24.721,30.397
train_0195,7,8,35.851,35.92,25.394,,39.943,44.907,49.107,,56.012,57.292,57.036,54.172,,44.207,40.007,35.539,29.017,24.599,8.93,21.92,23.496
train_0195,8,8,39.014,37.381,29.052,40.148,45.074,49.77,54.546,59.154,61.091,61.471,59.893,56.917,52.196,46.998,42.363,37.351,31.469,26.402,,27.249,28.16
train_0196,1,8,27.817,23.191,28.276,36.98,44.805,50.659,54.481,55.885,56.86,56.879,50.984,42.862,35.157,29.346,25.861,24.599,26.871,30.924,35.544,35.144,33.502
train_0196,2,8,28.405,23.483,27.401,36.094,43.832,49.298,53.55,,,58.396,53.315,45.559,37.576,32.009,28.829,27,27.981,31.072,35.365,36.121,34.85
train_0196,3,8,32.352,30.179,30.618,30.327,27.951,29.273,34.194,35.479,,27.791,21.153,11.103,4.605,2.111,1.924,2.869,6.532,10.529,15.707,12.574,8.801
train_0196,4,8,22.432,21.43,29.841,38.977,45.769,50.948,54.753,56.076,,54.63,48.36,40.556,33.527,28.628,25.92,25.003,27.24,30.798,34.582,34.322,34.257
train_0196,5,8,30.878,25.276,28.5,36.679,44.314,,55.698,57.58,57.367,55.91,49.836,42.495,,31.373,,27.643,29.001,31.573,34.817,,34.974
train_0196,6,8,27.18,23.74,23.039,32.039,41.446,47.901,52.434,55.663,57.23,57.494,51.923,44.138,,31.352,28.438,26.665,27.457,30.582,34.916,34.964,34.7
train_0196,7,8,26.511,23.146,22.447,,38.317,44.641,,51.858,52.544,52.579,48.02,41.368,34.697,29.632,26.374,24.579,25.924,29.445,33.749,33.886,33.557
train_0196,8,8,16.286,6.991,26.278,39.237,47.536,52.281,54.883,49.949,41.819,29.168,43.068,49.806,49.252,45.831,43.898,44.136,46.397,46.156,43.524,42.452,
train_0197,1,8,,33.97,27.127,32.051,,52.157,59.064,64.09,66.258,66.677,62.603,54.228,45.96,40.118,35.857,32.478,32.775,36.277,41.441,41.761,41.933
train_0197,2,8,39.326,33.21,27.137,30.895,40.529,49.463,56.988,62.792,64.896,64.679,63.113,57.078,48.944,40.856,35.246,32.026,30.955,33.948,39.591,43.413,41.678
train_0197,3,8,36.376,30.664,24.126,27.24,37.89,47.701,54.686,59.757,62.452,63.263,61.681,54.327,45.855,38.564,33.212,29.93,29.227,31.678,35.474,38.075,36.962
train_0197,4,8,40.704,32.576,26.732,32.276,41.941,50.698,58.069,63.482,65.458,65.668,63.121,55.536,47.273,40.391,35.223,31.502,30.36,33.288,37.763,40.547,38.519
train_0197,5,8,35.837,29.287,24.519,29.699,38.248,45.742,52.372,58.159,60.853,61.008,57.719,50.177,42.212,35.826,31.044,27.918,27.952,30.889,35.377,38.003,38.441
train_0197,6,8,37.684,31.051,,30.021,39.815,49.093,56.464,61.569,63.632,63.977,61.81,54.405,,38.131,32.604,29.226,28.867,32.576,37.919,41.302,41.153
train_0197,7,8,36.728,29.395,24.824,31.633,40.848,48.314,54.416,59.025,61.126,62.479,59.715,51.158,41.951,35.652,31.921,29.491,29.271,32.073,37.061,39.603,39.053
train_0197,8,8,40.412,34.629,28.27,30.713,40.069,49.014,56.255,62.284,65.544,66.429,64.537,56.669,47.425,39.688,34.107,30.636,30.3,33.539,38.559,41.162,40.516
train_0198,1,8,40.177,31.475,32.13,41.233,49.638,57.543,62.675,65.374,67.188,67.822,66.241,65.78,62.674,57.499,53.226,45.551,38.917,28.761,13.331,22.09,24.231
train_0198,2,8,39.417,33.019,29.003,38.354,47.244,56.42,62.52,64.692,66.095,66.974,64.826,64.182,62.351,58.139,53.901,47.029,,33.139,,16.759,24.666
train_0198,3,8,,30.715,33.573,42.251,50.224,57.726,63.065,66.417,68.536,68.92,66.392,64.93,61.81,57.241,53.544,46.229,39.802,30.989,15.911,18.125,23.515
train_0198,4,8,41.622,36.711,31.365,41.463,50.047,58.351,64.238,66.575,67.997,,68.894,68.856,,60.736,56.283,49.387,43.144,,18.575,19.528,27.284
train_0198,5,8,37.598,28.466,33.954,42.345,50.363,57.285,61.527,63.668,64.978,65.264,63.492,62.771,60.149,55.558,51.606,44.618,38.513,30.755,18.182,20.36,27.665
train_0198,6,8,40.603,29.577,25.17,21.186,29.186,41.89,48.981,50.067,49.577,47.475,44.425,42.173,38.431,33.39,34.442,34.081,30.972,29.451,20.563,11.608,13.059
train_0198,7,8,42.878,33.613,33.68,42.58,50.533,58.475,64.169,67.311,70.342,72.347,70.049,68.564,66.411,62.062,57.791,52.331,45.11,37.956,27.335,17.061,28.288
train_0198,8,8,39.294,29.877,35.473,43.962,52.075,59.04,63.067,64.976,66.327,66.958,65.415,64.751,61.526,56.234,,46.128,40.537,33.183,19.787,17.278,26.613
train_0199,1,8,38.655,38.736,37.362,28.069,34.229,45.677,50.919,55.615,58.466,60.208,60.552,60.149,56.892,51.395,43.223,31.473,30.461,34.447,38.53,39.362,39.399
train_0199,2,8,,39.014,36.614,,36.628,47.828,52.604,55.577,58.504,61.908,62.576,61.735,58.221,52.269,43.044,30.35,,33.21,37.323,38.293,38.785
train_0199,3,8,36.128,36.442,35.109,25.957,33.371,,50.802,54.112,56.3,57.98,57.954,,54.414,49.789,42.042,30.594,29.379,33.515,37.073,36.366,35.801
train_0199,4,8,39.53,38.516,34.351,26.291,42.808,49.654,53.688,56.331,58.612,60.653,60.673,59.591,56.038,51.27,43.423,,32.809,36.805,40.02,39.356,38.122
train_0199,5,8,36.265,,34.958,25.395,34.434,45.722,49.667,52.639,55.403,58.291,58.916,57.729,53.972,48.543,40.385,28.683,27.674,31.744,35.417,34.81,33.519
train_0199,6,8,46.642,47.947,43.63,30.168,34.769,41.536,36.187,40.997,38.804,35.044,38.061,38.667,38.218,32.187,23.734,19.867,24.18,25.832,28.325,25.426,22.849
train_0199,7,8,38.435,38.803,35.211,24.263,40.52,49.402,53.998,56.905,59.526,61.688,61.806,60.927,57.017,50.977,41.256,29.39,30.253,,36.98,37.501,37.276
train_0199,8,8,40.573,40.789,39.563,30.189,38.983,50.581,54.798,57.509,59.874,62.43,63.069,61.961,59.531,55.409,48.993,38.659,32.611,35.289,40.035,40.521,
train_0200,1,8,30.941,30.898,24.292,21.142,28.685,37.373,43.638,47.999,49.873,49.965,47.582,40.614,33.425,28.096,24.401,22.2,23.526,27.116,30.931,30.668,30.92
train_0200,2,8,32.339,29.71,22.418,21.288,30.097,38.822,45.232,49.973,51.489,50.952,47.869,41.26,34.422,28.919,24.743,22.307,24.015,27.637,30.534,29.061,29.089
train_0200,3,8,30.04,27.746,20.983,20.032,28.422,,43.137,48.101,49.873,49.389,45.393,38.206,31.145,25.639,21.793,20.175,22.484,26.668,29.834,29.639,29.978
train_0200,4,8,34.124,32.675,25.554,,32.024,41.483,47.913,52.424,54.223,54.316,51.095,43.187,35.31,29.435,25.273,23.367,25.28,29.579,33.329,32.441,31.861
train_0200,5,8,,29.804,23.809,16.126,9.891,11.498,17.64,19.872,15.698,12.557,11.289,2.074,1.638,1.067,1,1,1,1.096,4.197,1.145,1.565
train_0200,6,8,26.834,27.293,20.866,16.357,23.439,33.464,40.86,45.165,46.691,46.868,44.914,38.07,30.475,,21.475,19.789,21.481,25.337,28.108,,26.98
train_0200,7,8,28.67,28.011,20.621,16.944,24.421,,40.514,45.925,48.58,48.712,45.914,38.772,30.965,,,19.116,21.431,25.459,28.578,28.275,28.117
train_0200,8,8,29.669,27.459,22.49,23.431,31.671,39.412,45.004,49.226,51.002,51.057,48.015,41.133,34.072,28.651,24.826,22.966,24.905,28.405,31.669,30.875,31.014
train_0201,1,8,28.22,22.38,22.961,30.934,39.329,45.895,51.007,54.31,55.029,55.001,51.153,44.261,36.746,30.728,26.872,24.724,24.897,28.162,32.551,34.63,32.712
train_0201,2,8,31.591,26.698,24.359,32.607,41.886,48.7,53.988,57.954,59.61,60.322,55.651,47.115,38.525,32.625,28.976,26.602,27.495,30.883,35.558,36.273,35.327
train_0201,3,8,33.928,27.938,29.416,,47.588,54.643,60.327,64.037,64.736,64.155,59.195,51.41,43.891,37.949,33.464,30.856,30.883,33.782,38.051,41.158,39.604
train_0201,4,8,36.466,29.363,30.159,39.406,49.593,57.51,63.399,66.975,67.591,66.93,61.138,53.09,44.92,38.427,33.944,31.412,32.428,36.433,41.682,43.463,41.906
train_0201,5,8,32.538,27.746,23.193,29.63,38.709,46.478,53.21,,59.69,59.948,57.441,50.469,42.092,35.234,30.729,27.98,27.811,30.468,,35.986,34.665
train_0201,6,8,27.583,21.996,18.707,26.472,36.222,,49.277,52.848,53.926,54.26,50.653,43.786,36.115,30.081,26.327,24.222,25.052,28.235,32.557,33.323,31.931
train_0201,7,8,31.962,25.115,22.389,30.094,39.418,46.586,52.218,57.182,59.679,59.329,55.573,48.914,41.833,35.023,30.188,27.67,26.04,26.99,30.338,34.845,34.843
train_0201,8,8,33.342,27.277,,37.543,47.451,54.601,59.886,63.709,64.972,65.123,60.898,53.578,45.82,39.598,34.875,31.541,31.226,34.211,,42.047,41.049
train_0202,1,8,41.711,40.15,32.523,30.415,39.532,48.099,55.844,60.36,62.902,64.478,63.423,61.988,,54.179,50.644,44.593,38.769,,16.009,26.537,27.004
train_0202,2,8,37.135,34.074,25.244,30.56,39.171,47.021,52.337,54.731,57.052,58.786,57.161,56.511,54.313,49.797,44.985,37.33,30.862,20.599,12.485,22.102,23.169
train_0202,3,8,39.096,37.372,29.447,33.57,42.021,,56.175,59.435,61.581,63.527,62.406,60.67,58.023,53.728,49.851,43.273,37.076,28.451,15.121,22.505,23.938
train_0202,4,8,38.086,32.916,,30.808,38.926,47.336,53.943,57.564,59.352,59.795,57.901,57.197,54.489,49.933,45.76,38.296,32.519,23.874,12.741,22.245,22.753
train_0202,5,8,40.346,34.527,24.8,32.39,40.489,48.843,55.286,58.973,61.835,63.12,,60.211,57.236,51.823,47.286,,34.387,25.009,12.644,22.281,21.887
train_0202,6,8,41.034,36.5,26.981,34.478,42.995,51.643,57.932,61.037,63.548,,62.543,,57.311,52.352,48.182,40.794,33.841,22.418,13.37,22.674,23.01
train_0202,7,8,38.997,33.341,24.722,32.747,40.707,49.061,55.073,58.029,60.355,61.583,59.771,58.598,55.222,50.593,46.239,39.242,32.108,20.05,,22.51,22.764
train_0202,8,8,38.25,37.568,29.639,31.377,39.829,48.609,55.71,58.76,60.079,61.206,60.304,59.744,57.143,52.113,48.087,41.613,35.966,27.521,15.593,25.032,24.531
train_0203,1,8,39.58,33.17,28.326,34.875,,53.159,59.53,64.252,66.051,65.878,63.966,57.45,49.923,43.067,37.457,32.674,29.493,30.835,34.623,39.191,39.303
train_0203,2,8,42.443,34.371,31.531,40.362,51.102,59.792,66.259,70.34,71.157,70.594,68.125,60.989,52.671,45.555,40.569,36.384,33.266,34.951,39.37,44.095,43.828
train_0203,3,8,34.589,27.98,26.53,35.211,44.563,,56.899,60.835,62.269,62.545,58.834,51.358,42.963,35.796,30.78,28.093,28.209,30.845,34.753,37.789,37.796
train_0203,4,8,42.754,34.83,,43.339,53.667,61.932,,70.803,70.951,70.691,67.053,59.873,,43.748,38.439,35.368,34.874,37.239,,43.248,42.131
train_0203,5,8,39.589,32.216,31.646,35.946,45.961,52.2,51.076,55.871,,52.685,50.509,43.05,36.191,29.437,24.468,25.435,27.164,28.465,31.825,33.952,31.674
train_0203,6,8,25.003,34.098,47.778,58.722,58.213,49.109,,36.906,34.335,,30.207,27.429,25.593,26.358,32.171,41.219,45.998,43.291,35.387,27.365,
train_0203,7,8,33.535,26.938,29.148,38.395,47.237,53.45,58.093,60.922,61.292,61.051,57.072,50.234,42.843,,32.093,29.155,28.652,31.316,34.935,37.3,35.333
train_0203,8,8,43.778,35.376,30.679,38.485,48.72,57.278,63.885,68.803,70.667,70.693,68.104,59.893,51.076,43.969,38.657,34.594,32.167,33.495,36.752,,40.808
train_0204,1,8,42.57,39.034,29.671,35.38,43.494,51.438,57.74,61.154,63.422,64.475,62.704,62.061,59.121,54.553,50.256,42.92,36.019,24.462,17.678,25.597,24.951
train_0204,2,8,45.951,41.663,31.338,38.712,47.952,56.965,63.494,66.363,68.039,68.717,66.626,65.8,62.472,57.335,52.2,44.371,36.852,23.394,16.884,25.6,25.414
train_0204,3,8,45.387,39.745,29.047,37.659,47.335,57.386,64.241,67.384,69.31,69.255,66.242,64.782,61.234,56.422,50.694,42.945,34.767,19.791,17.599,25.635,26.764
train_0204,4,8,21.037,22.232,22.056,24.663,27.172,,35.71,71.919,73.455,73.972,72.419,71.361,32.713,28.8,28.77,31.585,29.089,26.461,23.395,24.462,23.205
train_0204,5,8,46.666,42.195,31.6,40.328,49.726,59.048,,68.986,71.064,71.41,,67.154,62.283,56.486,50.3,43.226,35.316,20.172,20.298,26.222,25.834
train_0204,6,8,41.564,35.49,,34.416,42.467,50.566,56.566,59.68,61.438,61.703,59.713,59.102,55.993,,46.912,38.987,31.743,21.079,,23.324,22.246
train_0204,7,8,45.936,43.467,33.617,35.293,45.248,54.745,62.486,66.677,69.78,71.821,69.94,68.431,64.682,58.549,53.521,45.545,38.986,28.189,17.762,28.384,28.306
train_0204,8,8,40.545,35.378,27.178,35.645,43.849,51.662,57.098,59.559,61.017,61.338,59.101,58.571,56.07,51.253,46.899,39.619,33.35,24.038,12.799,23.213,23.638
train_0205,1,12,40.417,36.869,28.023,31.114,38.725,46.073,52.082,55.275,57.283,58.645,57.931,57.113,55.751,52.094,48.429,43.333,37.65,30.634,17.934,16.674,22.38
train_0205,2,12,38.088,34.896,25.959,,36.439,44.002,49.843,53.159,,57.612,56.321,54.452,52.806,49.266,45.289,40.349,34.677,27.936,16.051,12.95,20.245
train_0205,3,12,35.711,33.802,26.546,26.267,34.111,41.893,49.363,53.477,55.377,56.795,56.458,55.64,53.817,49.727,45.484,38.986,,25.782,12.992,18.006,21.529
train_0205,4,12,35.006,32.235,24.483,30.518,37.31,44.52,50.239,53.687,56.21,56.89,54.244,53.373,51.518,47.685,43.624,36.047,29.533,,11.325,20.609,20.782
train_0205,5,12,39.199,35.655,24.342,30.98,,46.332,47.269,48.401,49.352,48.495,48.574,47.674,46.403,41.255,37.692,36.031,33.461,24.129,,17.087,19.11
train_0205,6,12,39.088,35.693,26.928,30.697,39.202,47.015,53.624,57.345,59.941,62.179,61.891,60.578,58.286,53.846,49.404,43.135,36.912,29.946,17.009,17.257,23.559
train_0205,7,12,41.142,39.419,31.351,27.446,36.21,44.621,52.621,57.297,59.619,61.117,60.665,59.967,58.231,53.386,,41.663,35.469,27.154,13.1,20.493,23.197
train_0205,8,12,41.937,39.085,30.26,32.343,41.326,49.423,55.965,59.786,62.447,63.812,61.871,59.836,57.718,53.909,50.463,44.376,38.035,30.204,16.529,19.379,
train_0205,9,12,42.101,39.841,,30.245,39.044,47.677,55.783,60.591,62.794,63.553,62.152,61.44,60.186,55.941,51.686,,38.011,29.019,14.863,23.214,25.824
train_0205,10,12,,35.527,27.518,35.31,43.303,50.738,55.599,,59.077,60.577,,58.548,56.483,52.143,48.517,42.487,36.953,28.541,,21.317,23.644
train_0205,11,12,36.712,32.493,19.729,,,,44.081,46.157,46.935,46.212,44.292,42.081,39.016,34.713,35.002,32.993,28.508,23.755,14.065,16.624,14.821
train_0205,12,12,36.033,32.476,24.125,30.55,37.937,45.317,50.878,53.993,56.23,57.54,56.077,54.822,50.831,45.236,41.137,35.13,,20.385,11.049,19.58,20.603
train_0206,1,8,37.453,37.202,25.997,35.908,,46.116,49.805,54.021,57.255,58.162,57.91,55.825,52.691,48.369,44.439,40.299,34.297,29.312,16.34,22.036,28.206
train_0206,2,8,39.321,38.597,26.487,36.727,42.368,47.316,51.725,55.781,57.885,58.491,57.28,54.703,51.375,47.782,,38.183,31.343,26.716,15.939,27.265,28.687
train_0206,3,8,41.862,39.245,30.26,42.06,48.136,53.146,57.131,61.176,63.619,,63.52,60.721,56.89,52.463,48.568,44.199,37.561,32.451,16.652,26.021,32.284
train_0206,4,8,38.177,36.665,26.396,36.726,42.189,47.291,51.435,54.723,55.774,55.677,54.121,51.375,47.787,44.603,41.931,37.256,30.346,25.654,12.406,24.325,26.315
train_0206,5,8,41.656,38.182,29.407,41.981,48.135,51.94,54.933,58.691,61.178,62.122,,57.809,53.631,49.413,45.893,41.676,35.11,29.817,12.216,22.281,28.481
train_0206,6,8,40.141,40.05,27.852,39.061,45.446,50.509,54.418,58.394,,62.434,61.663,58.246,54.812,,47.11,42.905,37.059,31.85,21.451,22.14,29.791
train_0206,7,8,38.893,38.136,30.277,41.311,45.981,50.225,54.287,57.931,59.159,59.445,58.367,55.661,51.618,47.596,44.1,,32.432,27.288,11.313,24.477,27.543
train_0206,8,8,37.618,36.229,21.696,22.427,24.892,33.645,38.943,40.473,40.047,37.318,35.095,32.146,27.794,23.676,26.019,28.592,25.029,24.472,10.249,16.484,16.156
train_0207,1,8,42.335,35.14,27.885,32.549,42.955,52.259,59.896,65.337,66.826,66.629,60.036,50.284,41.421,35.825,32.877,32.379,35.359,40,41.516,40.714,41.055
train_0207,2,8,38.414,,25.235,32.727,42.682,50.418,56.637,60.805,61.909,61.342,54.42,45.331,,32.43,28.984,28.768,32.455,37.649,38.344,36.653,35.639
train_0207,3,8,40.829,35.706,28.423,31.137,41.606,50.963,,63.397,64.795,64.5,58.649,50.087,41.967,35.673,31.31,30.179,33.316,38.808,41.202,41.617,41.654
train_0207,4,8,38.497,31.69,26.788,34.317,45.101,,59.554,62.899,63.722,63.158,56.365,47.56,39.795,34.16,,30.764,34.531,39.697,39.829,40.099,40.998
train_0207,5,8,39.858,35.152,28.111,30.228,39.83,48.229,,59.864,61.989,62.569,57.721,48.849,40.256,34.398,30.974,30.074,33.173,,40.123,38.506,37.946
train_0207,6,8,41.374,33.31,32.584,32.005,40.611,46.209,42.409,45.175,43.648,37.896,34.157,26.816,21.525,15.015,11.273,17.114,27.251,30.067,31.556,28.302,25.911
train_0207,7,8,42.844,38.917,31.374,33.577,,53.326,59.467,63.424,64.562,65.034,59.194,,43.248,37.877,34.026,33.614,36.942,,43.189,42.429,41.833
train_0207,8,8,40.26,37,29.295,29.31,39.699,49.405,56.571,62.238,64.6,65.155,60.621,,43.076,36.517,32.72,31.85,34.631,38.981,40.195,39.251,39.514
train_0208,1,8,37.16,30.733,24.603,29.226,38.581,47.131,54.006,58.342,58.995,58.961,54.073,,38.772,33.498,30.09,28.716,31.177,35.887,38.101,36.497,35.815
train_0208,2,8,34.931,31.18,24.678,25.402,34.057,42.104,48.229,53.011,54.981,,51.95,44.718,36.881,31.022,27.464,25.968,28.154,31.804,34.209,32.481,31.966
train_0208,3,8,23.719,25.427,25.555,28.381,34.283,38.945,42.851,45.374,47.491,48.874,48.15,45.064,41.74,39.836,39.648,,43.437,48.365,52.393,54.916,58.016
train_0208,4,8,37.585,30.529,24.947,31.308,41.075,48.245,53.62,57.86,59.417,59.748,54.627,46.797,39.172,33.592,29.86,28.563,31.444,36.323,38.791,37.797,37.495
train_0208,5,8,35.747,32.16,27.056,29.965,38.663,46.236,52.599,57.736,59.351,59.065,54.56,47.204,39.978,34.419,30.793,29.614,32.396,36.65,39.08,37.813,37.734
train_0208,6,8,41.929,38.418,31.426,32.386,42.083,51.167,58.343,63.725,65.205,65.391,62.074,54.412,44.993,37.391,32.9,31.622,35.114,40.079,42.696,41.598,41.684
train_0208,7,8,40.421,36.507,29.139,29.2,38.587,48.312,55.336,60.041,62.305,63.407,61.775,54.348,,37.086,,31.066,32.389,36.096,40.764,40.468,39.692
train_0208,8,8,38.865,34.278,27.803,30.262,40.651,49.842,55.892,60.169,61.805,61.369,56.353,48.784,41.912,36.546,32.399,30.452,33.151,37.877,40.409,38.74,38.082
train_0209,1,16,,28.202,22.499,26.141,34.928,42.29,47.435,51.074,52.607,52.769,47.169,38.847,31.349,26.207,22.973,,26.052,30.056,30.67,29.561,30.355
train_0209,2,16,30.947,22.752,18.576,25.859,34.703,40.539,44.767,47.486,47.771,47.255,42.343,35.841,29.544,24.489,21.001,20.017,22.159,25.72,27.411,27.251,27.743
train_0209,3,16,33.398,28.671,23.26,26.578,35.19,42.914,48.91,52.776,53.853,54.304,49.73,41.723,34.074,28.761,25.563,24.61,26.967,31.089,,31.055,30.313
train_0209,4,16,,23.748,19.671,26.339,35.413,42.574,47.811,50.397,50.084,49.411,44.427,37.615,31.194,26.45,23.405,22.723,25.149,,29.629,28.016,27.42
train_0209,5,16,33.409,28.503,21.814,24.149,32.784,39.998,44.998,48.377,48.975,48.663,44.091,37.173,30.657,26.056,22.958,22.282,25.041,28.93,29.338,28.57,29.072
train_0209,6,16,33.79,29.401,24.426,28.125,36.31,43.687,49.585,53.641,54.633,,49.917,42.321,35.179,30.059,26.454,24.518,26.001,29.697,,32.813,33.775
train_0209,7,16,36.945,36.129,35.677,36.67,31.198,19.51,34.523,42.268,42.512,42.23,41.142,38.955,37.395,36.595,36.125,36.148,36.724,37.701,38.239,38.809,39.963
train_0209,8,16,32.705,29.167,22.352,22.802,31.299,39.243,45.292,49.685,50.84,50.552,46.472,39.561,32.622,27.362,24.144,,25.275,28.478,29.466,28.258,27.8
train_0209,9,16,32.761,26.738,21.191,25.717,34.261,41.637,,50.094,49.998,49.58,44.789,37.958,31.676,27.623,25.284,24.33,25.747,,30.123,29.192,28.852
train_0209,10,16,,27.509,21.203,25.122,20.275,22.835,28.614,31.557,29.062,26.536,21.553,11.473,3.514,1.292,1.234,1.275,5.527,10.401,13.957,9.924,6.574
train_0209,11,16,33.443,27.332,21.553,26.097,34.765,42.094,,,49.614,50.316,45.967,38.38,31.157,,23.636,22.838,25.048,29.09,30.392,30.071,30.099
train_0209,12,16,33.993,28.001,22.04,27.14,36.462,43.763,49.071,,,,46.525,39.476,32.701,27.339,23.894,23.901,26.847,30.754,30.656,30.019,30.21
train_0209,13,16,34.556,29.372,24.47,29.182,37.447,44.054,49.201,,54.552,54.884,50.574,43.241,35.569,29.643,26.374,,28.083,31.373,33.751,32.791,33.391
train_0209,14,16,33.26,27.22,21.854,27.185,35.717,42.564,48.102,51.691,52.44,51.604,45.65,38.295,,28.052,25.357,25.366,27.97,,31.202,30.315,29.74
train_0209,15,16,,29.178,25.39,32.566,41.264,47.745,53.104,56.577,56.727,55.532,49.813,42.267,34.675,29.355,26.585,26.049,,32.725,34.602,33.25,33.44
train_0209,16,16,34.239,28.01,22.982,27.486,,43.457,49.147,52.075,51.892,51.264,,40.964,34.221,,25.968,24.953,26.624,29.305,31.767,30.455,29.999
train_0210,1,8,43.098,35.213,29.142,37.437,49.935,59.854,67.076,71.041,71.421,,63.788,54.294,45.619,39.067,34.731,34.729,39.299,45.834,46.396,45.305,45.233
train_0210,2,8,39.407,30.829,25.073,,42.929,51.28,57.693,61.357,61.584,60.202,53.162,44.732,37.238,31.728,28.559,29.161,33.08,,38.517,37.31,36.971
train_0210,3,8,42.661,35.145,27.19,,44.501,55.117,62.893,67.504,68.384,68.165,61.503,51.704,43.253,36.955,32.27,30.814,33.975,38.89,41.617,41.46,42.423
train_0210,4,8,39.202,36.854,28.908,28.167,38.801,49.357,57.921,64.62,66.583,66.102,60.264,50.972,42.326,36.279,31.977,31.045,35.12,41.314,42.141,41.239,40.981
train_0210,5,8,44.173,42.088,33.349,32.578,44.704,56.267,64.484,70.185,71.773,71.802,66.701,57.572,48.156,40.728,35.88,35.075,38.974,45.011,46,44.871,44.048
train_0210,6,8,38.716,34.733,26.876,29.154,40.711,,58.315,63.616,65.124,65.146,58.811,49.639,40.787,34.118,30.149,30.575,34.64,39.588,38.599,38.175,38.54
train_0210,7,8,44.291,37.739,29.391,35.029,47.884,58.353,65.69,69.714,69.935,69.127,61.948,52.771,44.205,37.614,33.671,34.797,39.508,44.804,43.569,43.605,43.91
train_0210,8,8,40.409,34.715,23.726,23.196,28.847,41.656,50.548,53.177,51.521,48.667,40.968,31.241,22.031,16.392,17.075,21.555,27.993,38.206,41.875,37.189,32.762
train_0211,1,8,35.179,33.793,33.141,36.294,34.691,19.177,32.997,45.786,48.173,49.449,48.644,46.548,43.818,42.786,,42.601,42.822,43.406,42.723,43.368,44.544
train_0211,2,8,34.871,28.034,23.364,30.668,40.688,48.471,53.981,56.848,57.04,,48.701,40.678,33.998,29.028,26.055,26.826,30.465,34.894,34.364,33.098,32.241
train_0211,3,8,36.357,28.612,,36.407,46.327,52.947,57.768,60.211,60.615,58.554,51.582,42.981,35.309,30.255,28.184,29.711,32.948,36.892,36.015,35.389,34.032
train_0211,4,8,38.411,30.041,27.078,36.716,47.098,54.441,59.315,60.908,60.833,58.635,51.282,42.652,35.693,31.191,28.851,30.589,34.419,37.668,36.09,35.852,35.835
train_0211,5,8,37.136,29.858,,31.453,42.12,50.16,55.222,57.766,58.067,57.862,52.201,43.869,35.562,29.64,26.121,25.918,29.022,33.794,34.724,,34.427
train_0211,6,8,,28.913,24.006,31.196,41.242,48.6,53.467,,56.242,55.688,49.638,41.392,33.911,29.221,26.467,25.739,28.031,32.124,32.722,31.773,31.842
train_0211,7,8,34.251,27.287,21.895,27.874,37.06,44.562,50.434,53.902,54.31,53.673,47.455,39.096,31.774,26.967,24.369,24.509,27.545,31.99,33.035,32.6,32.604
train_0211,8,8,33.417,26.347,24.473,32.603,41.223,47.788,52.46,54.12,53.984,51.629,45.251,38.004,,27.799,25.606,26.971,30.137,33.5,32.336,31.964,31.977
train_0212,1,8,29.585,27.774,19.626,31.231,38.256,42.163,44.821,46.819,48.916,49.527,48.837,45.829,41.517,35.232,26.156,25.062,28.189,31.24,30.338,29.05,28.644
train_0212,2,8,34.166,30.714,21.592,35.906,42.541,46.848,50.665,53.663,55.548,55.22,53.949,50.494,45.719,38.372,28.147,28.028,31.665,34.647,33.78,32.372,32.051
train_0212,3,8,27.367,26.188,17.841,26.537,35.867,39.946,43.304,46.348,48.78,48.977,47.847,45.551,41.983,36.416,26.909,21.261,23.598,27.593,28.193,27.683,26.893
train_0212,4,8,28.283,27.354,19.734,26.52,36.653,40.868,43.394,45.211,47.785,49.19,48.654,,41.196,35.395,27.011,23.501,25.742,29.211,28.907,28.049,27.949
train_0212,5,8,,30.018,22.508,27.224,36.945,39.974,42.128,44.567,47.593,49.17,48.548,46.19,42.554,37.546,28.839,23.329,25.695,30.224,30.675,29.533,28.649
train_0212,6,8,29.994,26.937,,32.457,38.374,41.601,44.021,46.329,48.363,48.077,46.65,,,32.095,22.827,22.536,25.599,,28.175,,27.46
train_0212,7,8,33.415,31.285,21.804,32.879,41.325,45.496,48.603,51.202,53.519,,52.654,49.079,,37.094,27.313,28.464,32.474,,33.434,32.383,32.773
train_0212,8,8,29.364,,17.994,29.399,37.548,41.834,44.44,46.933,49.785,50.132,49.395,46.785,42.095,34.235,23.459,22.716,26.321,29.608,29.587,29.289,29.488
train_0213,1,8,37.689,37.719,32.024,25.061,33.303,41.221,49.149,54.326,56.507,,55.916,53.703,52.231,48.448,44.171,38.163,32.358,24.865,12.175,17.399,18.882
train_0213,2,8,37.343,37.976,32.822,,33.965,41.518,48.479,52.71,54.937,56.422,55.562,54.371,52.551,48.398,44.379,37.443,31.26,22.235,12.484,21.199,21.326
train_0213,3,8,37.236,,30.197,26.695,34.986,42.349,48.805,52.15,53.788,54.521,52.926,51.874,50.473,47.056,43.822,37.516,31.412,22.876,11.589,19.824,19.577
train_0213,4,8,37.804,36.763,32.716,23.526,29.14,36.735,44.321,50.011,52.691,53.786,53.55,51.916,51.218,47.965,43.69,38.291,32.46,25.468,12.679,16.41,20.024
train_0213,5,8,35.921,32.945,25.531,8.392,18.92,30.318,37.771,,40.128,39.173,37.495,34.072,31.215,27.406,27.835,27.544,25.227,22.875,13.172,12.314,9.619
train_0213,6,8,,35.992,29.524,24.222,32.649,40.663,47.577,51.109,52.806,54.528,54.467,52.721,49.243,44.013,40.135,34.742,29.978,22.274,9.625,17.331,17.167
train_0213,7,8,40.504,40.036,33.73,26.78,35.385,43.111,49.963,54.3,55.936,,56.576,55.317,54.225,50.409,46.091,42.013,35.932,29.104,17.779,14.254,
train_0213,8,8,34.622,33.899,27.848,23.308,31.282,38.015,43.757,47.607,50.476,52.802,52.771,50.823,48.449,44.208,40.256,35.261,29.71,23.034,11.322,12.672,17.444
train_0214,1,12,33.976,25.813,31.918,39.903,,,57.793,61.143,63.497,63.929,61.407,60.105,57.134,52.478,48.979,43.339,38.087,31.088,18.419,13.771,22.241
train_0214,2,12,37.604,28.588,34.073,41.213,28.745,28.725,31.542,32.385,29.28,24.995,23.407,19.456,16.164,13.727,13.556,10.237,7.03,1.258,1.623,2.058,2.055
train_0214,3,12,34.308,26.893,34.166,40.799,47.57,53.049,56.396,58.993,60.684,60.382,58.924,57.559,53.918,49.063,44.851,38.315,33.518,26.024,12.92,17.391,
train_0214,4,12,37.159,30.091,,41.977,49.918,54.977,51.962,52.731,51.481,47.352,47.023,46.688,45.467,39.915,36.114,34.312,32.622,23.355,8.746,11.149,15.096
train_0214,5,12,37.481,28.788,34.821,43.179,51.778,58.994,63.126,65.718,67.46,67.085,65.602,63.957,59.796,54.88,49.788,,35.077,24.319,13.024,23.447,22.861
train_0214,6,12,38.18,29.025,35.367,43.521,36.514,38.406,41.937,43.263,41.2,37.626,35.678,32.852,29.374,25.454,23.82,19.678,16.239,9.551,1.305,1,1
train_0214,7,12,34.385,28.274,31.462,39.652,46.765,53.15,57.256,59.696,61.547,62.181,60.401,59.686,57.153,52.851,48.935,,35.221,27.488,14.66,18.685,22.931
train_0214,8,12,39.979,31.142,35.868,45.031,53.78,60.738,64.34,66.347,67.873,67.973,66.457,65.467,61.997,56.813,51.946,44.118,37.76,28.293,14.114,23.224,26.03
train_0214,9,12,38.659,30.57,35.561,44.55,,60.676,65.349,68.561,,71.417,68.588,66.981,63.406,58.3,54.635,47.943,42.011,33.524,18.675,19.377,26.631
train_0214,10,12,33.768,27.537,35.745,,50.703,57.695,61.519,63.269,64.038,63.515,63.038,61.808,57.44,52.142,46.683,39.426,33.722,24.869,14.296,24.137,23.59
train_0214,11,12,34.134,25.837,33.662,41.95,49.89,56.228,59.814,62.178,63.78,63.398,62.221,60.915,56.923,52.362,48.463,41.917,35.764,,13.292,23.082,23.239
train_0214,12,12,34.344,22.092,22.005,15.306,32.184,44.27,48.514,47.792,45.915,42.302,40.432,37.791,33.849,29.567,31.312,30.387,27.097,22.411,9.943,9.367,8.332
train_0215,1,12,34.846,28.824,30.863,41.127,51.024,58.373,64.051,67.156,68.037,67.225,59.592,49.618,40.543,34.02,30.006,28.704,31.731,36.327,40.542,39.551,39.334
train_0215,2,12,32.2,27.008,31.235,,50.633,57.992,63.484,65.6,65.469,63.842,56.839,48.188,40.505,34.95,31.286,29.897,32.444,36.887,41.099,40.288,40.436
train_0215,3,12,34.161,28.304,32.631,42.849,51.694,57.842,62.401,64.324,,62.643,56.158,48.236,40.741,35.224,31.904,30.632,,37.044,41.059,40.567,41.227
train_0215,4,12,35.756,,32.537,42.419,52.101,59.492,64.408,66.332,66.57,65.867,58.841,49.451,41.46,35.991,31.648,28.92,31.057,35.78,40.902,40.796,40.218
train_0215,5,12,31.662,26.049,,42.041,51.231,57.701,62.161,63.885,63.708,62.38,56.069,48.347,41.086,35.479,31.575,29.174,30.851,34.908,39.623,39.991,39.828
train_0215,6,12,24.631,31.694,46.608,59.173,59.7,50.31,41.02,36.107,33.622,32.504,29.903,27.006,25.042,26.117,31.408,38.648,43.53,42.332,35.733,28.025,23.735
train_0215,7,12,26.218,6.822,26.76,44.401,,60.629,64.276,60.098,45.071,35.932,52.096,57.555,55.605,51.401,49.856,50.172,50.979,49.04,49.25,47.166,44.495
train_0215,8,12,36.703,31.52,30.622,40.005,50.226,57.434,62.604,66.372,67.55,67.508,62.628,55.007,47.011,40.164,34.635,30.83,30.972,34.296,39.278,41.463,40.97
train_0215,9,12,39.785,31.751,32.951,42.853,52.519,60.004,66.037,69.585,69.919,69.512,64.931,57.433,49.145,42.525,37.661,33.973,33.049,35.553,39.944,43.078,42.293
train_0215,10,12,35.407,30.684,27.887,36.105,45.926,53.374,58.912,62.418,63.294,63.192,57.587,49.148,41.017,35.15,31.076,28.458,29.716,33.687,38.627,39.05,38.369
train_0215,11,12,34.632,28.781,30.236,,50.046,56.808,62.003,65.39,65.868,65.426,60.758,52.795,43.875,36.812,32.086,29.492,29.903,33.311,38.301,,39.253
train_0215,12,12,35.084,29.108,32.701,43.078,52.946,60.248,65.361,67.777,68.331,67.541,60.428,50.889,,35.104,31.337,29.697,31.714,35.537,39.93,39.591,39.901
train_0216,1,16,47.446,43.077,34.091,51.737,60.219,64.051,66.924,69.969,,74.497,73.548,72.512,68.855,63.107,54.425,42.36,39.437,,48.146,49.348,50.141
train_0216,2,16,42.643,37.811,28.678,44.341,51.744,55.764,58.486,60.764,63.584,65.18,65.175,63.276,58.827,52.447,42.831,33.129,35.664,40.394,43.314,42.352,41.798
train_0216,3,16,40.062,38.412,28.482,37.333,49.68,,59.109,61.627,64.297,66.058,65.581,63.743,59.369,53.859,45.632,34.47,33.865,37.556,42.201,42.264,41.866
train_0216,4,16,45.641,38.004,32.944,49.829,56.588,,64.078,66.334,68.614,69.661,69.554,67.302,62.199,55.737,,35.528,35.871,39.468,44.214,44.601,44.124
train_0216,5,16,41.046,36.988,28.136,44.318,52.667,56.25,59.049,62.401,66.25,67.857,66.848,,59.998,54.258,45.657,34.11,33.307,37.206,42.183,,40.499
train_0216,6,16,43.112,38.845,29.168,43.697,50.962,55.281,58.898,61.93,,66.462,66.352,64.427,59.693,53.311,43.953,33.151,34.278,38.599,42.912,42.804,42.202
train_0216,7,16,41.871,38.935,28.092,38.78,48.305,52.601,,58.65,61.188,63.077,63.258,62.302,58.434,52.872,45.223,34.864,32.216,34.904,39.316,39.982,
train_0216,8,16,43.229,42.093,31.682,40.753,53.798,59.012,62.802,65.657,68.175,69.558,68.878,67.426,63.319,57.858,50.299,,35.33,38.706,44.424,44.991,43.656
train_0216,9,16,40.499,36.647,26.091,38.038,48.562,53.4,57.01,59.914,61.97,62.335,61.443,60.168,56.533,51.615,44.146,33.759,32.058,34.474,38.756,39.418,38.722
train_0216,10,16,42.806,38.079,29.77,45.404,52.663,57.07,60.471,63.018,65.503,66.472,65.898,64.4,60.755,55.076,45.88,34.902,35.565,39.692,44.546,45.041,44.777
train_0216,11,16,48.358,44.504,34.03,49.852,58.358,63.192,67.436,70.793,73.842,74.842,73.598,70.931,66.075,59.769,50.04,38.123,38.702,42.645,47.268,47.314,46.715
train_0216,12,16,44.383,43.24,33.564,36.541,50.486,55.828,60.026,63.458,66.296,67.571,66.577,65.417,62.16,,48.28,36.184,34.075,38.187,43.753,44.48,44.854
train_0216,13,16,38.854,34.3,28.316,44.236,50.216,54.453,,60.521,63.218,64.016,,59.865,55.591,50.325,41.724,31.824,33.095,36.486,39.808,39.142,38.019
train_0216,14,16,43.48,40.577,30.054,41.099,53.232,58.406,,64.638,66.889,68.788,68.647,66.855,62.692,57.609,49.796,38.286,34.38,37.08,41.784,42.747,42.9
train_0216,15,16,42.532,38.293,28.539,41.894,,55.704,58.749,60.598,62.62,64.306,64.386,63.413,60.288,55.858,48.869,38.659,33.939,36.409,40.593,41.599,40.801
train_0216,16,16,45.482,39.271,30.699,48.395,56.481,61.522,65.232,68.353,71.322,71.857,70.708,68.547,64.361,58.494,49.062,37.664,38.564,,46.342,46.486,46.123
train_0217,1,8,35.786,28.266,25.173,33.674,41.326,49.019,54.595,57.415,58.84,59.03,56.54,,52.093,47.393,43.922,38.061,32.893,25.41,12.178,14.43,19.103
train_0217,2,8,38.853,35.328,25.617,32.082,40.569,49.258,56.477,60.238,62.236,63.06,61,59.807,57.243,52.436,48.132,40.582,33.722,24.587,10.191,17.347,19.988
train_0217,3,8,33.533,29.385,20.927,28.589,35.66,42.498,47.98,50.817,52.674,53.811,52.206,50.549,46.843,42.769,40.426,34.548,28.361,19.436,7.499,16.065,16.098
train_0217,4,8,35.451,30.547,23.029,31.126,38.416,45.233,49.926,,54.734,55.433,52.979,51.681,49.013,44.992,41.737,35.295,29.602,21.361,9.681,,17.428
train_0217,5,8,41.462,35.619,25.482,32.454,40.176,48.232,54.79,58.421,60.572,61.274,59.273,57.628,,51.414,46.988,41.579,35.158,28.733,17.761,12.31,20.476
train_0217,6,8,38.477,31.99,22.346,30.909,39.641,47.95,53.624,56.444,59.023,61.181,59.643,,53.679,48.346,44.308,38.844,32.988,25.754,12.616,10.123,17.604
train_0217,7,8,36.993,33.611,,26.737,,41.678,47.81,51.57,54.067,,54.395,52.636,50.647,47.021,43.581,38.606,32.522,25.121,12.619,10.917,17.075
train_0217,8,8,39.387,34.284,24.81,32.733,41.315,49.325,55.474,58.923,60.894,61.8,60.117,58.871,55.198,49.262,45.253,39.509,34.102,25.507,10.984,15.857,20.184
train_0218,1,16,38.115,34.279,,38.266,45.383,48.646,50.843,52.464,54.398,55.67,55.389,54.942,52.28,47.846,42.449,34.776,28.718,29.808,32.755,35.189,35.469
train_0218,2,16,42.017,,28.801,41.753,49.674,52.809,55.1,57.23,59.676,61.438,61.194,60.103,56.926,52.503,46.408,37.292,30.785,33.079,36.836,39.205,39.034
train_0218,3,16,,39.373,31.019,28.542,43.353,48.9,52.638,55.497,58.133,60.35,60.4,59.422,56.832,52.724,46.659,37.113,29.837,31.714,35.59,37.816,38.44
train_0218,4,16,35.217,31.933,23.165,34.605,42.755,46.846,49.509,51.504,53.853,55.248,54.438,53.607,51.312,47.083,40.88,31.957,26.049,28.519,32.347,32.997,30.895
train_0218,5,16,36.726,35.123,25.661,29.105,41.407,45.577,48.521,51.177,53.674,55.635,55.923,55.022,51.958,,40.006,29.621,25.597,28.786,33.538,34.488,34.423
train_0218,6,16,35.153,33.921,26.713,26.586,40.886,46.153,49.836,52.286,54.249,55.906,55.683,54.463,51.452,47.459,,33.066,,27.781,31.435,32.64,32.127
train_0218,7,16,39.041,35.795,,38.094,48.108,52.627,55.722,57.819,59.725,60.843,60.214,58.72,55.26,50.899,44.33,34.283,30.116,31.761,35.985,37.362,38.132
train_0218,8,16,36.509,34.536,26.073,28.632,40.404,44.642,47.852,50.085,51.828,53.186,,,50.423,45.867,39.719,31.376,26.232,28.736,32.43,34.164,34.607
train_0218,9,16,41.804,37.927,28.133,39.197,,54.029,57.005,58.826,60.834,62.814,62.732,61.487,58.399,53.981,47.691,37.981,29.42,,34.765,38.228,38.764
train_0218,10,16,34.099,32.753,23.954,30.403,40.406,44.444,47.767,50.597,,54.539,53.836,52.444,49.347,44.847,38.447,29.724,26.233,28.651,32.25,31.783,30.472
train_0218,11,16,38.06,33.964,26.228,39.837,47.831,51.718,54.535,56.935,59.565,61.206,60.794,59.385,55.786,51.378,45.724,36.72,29.191,30.974,35.031,37.554,36.759
train_0218,12,16,36.638,33.637,23.959,31.705,41.819,46.007,49.766,52.582,54.007,53.937,53.505,53.375,50.659,45.901,39.208,,26.461,28.534,32.535,34.193,33.648
train_0218,13,16,39.602,35.963,25.846,36.216,45.864,50.356,53.24,55.048,56.888,58.516,,57.585,54.296,49.947,44.071,35.167,29.057,30.748,33.649,35.034,34.903
train_0218,14,16,42.84,38.78,28.599,39.393,48.408,52.873,55.946,57.956,60.363,62.157,61.564,60.61,58.301,54.123,47.84,39.02,31.515,33.583,36.853,39.33,
train_0218,15,16,37.4,35.043,25.073,29.669,41.679,46.955,50.49,52.989,55.511,57.108,56.807,55.975,52.822,48.042,41.318,31.707,27.664,29.83,33.841,34.242,33.886
train_0218,16,16,37.449,35.284,26.337,30.048,43.485,48.538,50.994,52.267,53.93,56.137,56.812,56.194,53.767,49.244,43.76,36.328,28.007,29.163,32.317,36.082,
train_0219,1,8,38.683,33.255,27.107,31.387,41.388,50.215,57.033,62.136,64.123,64.617,61.271,53.474,44.83,38.01,33.473,30.85,31.951,35.8,41.24,42.377,43.379
train_0219,2,8,22.707,31.96,45.96,55.792,53.673,41.84,31.907,26.729,24.466,23.089,20.239,17.672,17.119,19.783,26.334,36.574,42.189,39.48,30.684,,
train_0219,3,8,37.679,,27.335,32.675,42.484,50.72,57.167,62.135,64.113,64.531,60.556,52.146,43.842,37.839,33.451,30.912,32.774,36.955,41.713,41.886,41.889
train_0219,4,8,38.303,31.985,25.787,30.359,40.703,50.792,58.126,,63.302,64.314,62.493,55.247,46.519,39.133,33.746,30.532,31.05,34.73,39.89,41.456,41.119
train_0219,5,8,37.038,30.352,25.201,32.566,43.228,50.718,55.807,60.139,62.036,62.48,57.659,49.608,41.637,,32.584,29.99,30.934,34.453,38.932,38.651,39.319
train_0219,6,8,,41.789,34.393,36.005,40.836,47.599,44.405,48.045,44.95,39.593,37.753,32.536,27.938,20.721,16.052,20.437,26.582,27.975,32.181,29.747,27.712
train_0219,7,8,,31.114,26.279,31.388,40.193,48.431,54.929,59.294,60.773,61.102,58.305,51.268,43.267,36.555,31.551,28.459,28.796,32.218,37.504,39.499,39.665
train_0219,8,8,38.612,33.022,27.451,32.201,42.001,50.439,56.925,61.961,63.777,63.536,59.662,51.962,43.996,37.588,32.983,30.251,31.15,34.687,39.855,41.164,41.668
train_0220,1,8,41.278,34.026,27.197,33.16,43.977,52.391,58.235,61.942,63.789,64.879,58.101,48.316,40.284,34.308,30.292,29.729,33.434,38.533,39.06,37.464,38.303
train_0220,2,8,32.362,24.643,19.397,26.508,36.657,44.594,50.467,53.859,54.233,53.25,47.041,39.221,32.128,27.017,24.02,24.562,28.462,33.124,,30.889,30.714
train_0220,3,8,36.229,31.69,25.322,30.253,,49.831,56.633,61.028,61.626,59.715,51.448,42.042,34.552,29.872,27.538,29.254,33.284,37.066,35.684,35.545,35.459
train_0220,4,8,34.072,26.719,22.589,30.453,40.368,48.252,54.177,57.018,57.302,54.99,47.273,38.414,31.155,26.704,25.094,27.397,31.494,35.23,34.474,34.665,35.04
train_0220,5,8,34.744,27.551,,21.53,29.148,33.651,40.049,42.614,40.281,37.268,30.136,19.759,12.781,9.138,7.994,10.937,16.3,21.522,21.996,,16.83
train_0220,6,8,40.501,33.075,26.731,33.547,44.637,53.419,59.622,63.066,63.693,62.927,55.842,46.489,38.166,32.33,28.942,30.39,35.638,41.139,40.026,,40.548
train_0220,7,8,37.769,32.542,26.708,31.887,42.314,50.769,56.719,60.241,60.725,60.626,54.696,46.07,38.162,32.367,28.338,27.796,31.512,36.913,37.621,36.652,
train_0220,8,8,39.86,33.172,25.741,31.494,43.065,52.326,,63.619,64.492,62.319,53.381,43.686,36.398,31.711,29.188,31.067,35.133,38.713,38.37,39.291,39.427
train_0221,1,12,33.103,31.699,23.914,29.498,40.294,44.718,47.906,50.177,51.934,53.178,52.842,52.046,49.892,46.473,41.259,33.272,27.545,29.779,33.548,35.119,33.831
train_0221,2,12,38.368,36.835,28.156,35.376,46.319,50.859,53.956,56.746,59.608,61.426,61.01,59.831,56.932,52.905,46.967,37.964,32.468,34.709,38.964,40.79,40.586
train_0221,3,12,24.059,27.579,28.411,26.857,24.241,,22.309,21.293,20.3,18.531,16.689,15.142,14.657,13.724,16.33,29.733,48.909,47.906,,17.706,16.351
train_0221,4,12,34.553,31.002,22.437,30.614,38.604,42.277,45.183,47.692,,52.61,52.468,,,43.835,39.152,31.404,25.906,27.937,31.234,32.838,32.381
train_0221,5,12,38.515,36.258,27.239,32.581,43.931,48.635,,54.897,57.375,58.542,57.641,56.052,52.616,48.392,42.192,32.792,29.535,32.119,36.647,,36.834
train_0221,6,12,32.785,27.103,22.16,35.178,39.966,43.519,47.047,50.024,52.348,,51.572,49.803,46.441,42.408,36.757,28.55,26.379,28.942,33.019,33.612,33.115
train_0221,7,12,36.309,32.129,26.543,39.595,44.943,47.704,49.665,51.746,54.397,55.754,55.162,53.265,49.59,45.159,38.899,30.44,29.152,31.407,35.08,35.471,35.237
train_0221,8,12,36.932,31.585,26.147,38.939,44.266,47.385,49.473,51.284,53.451,54.66,54.478,,50.975,,41.284,32.867,30.324,32.856,36.851,37.856,37.626
train_0221,9,12,34.971,30.764,20.31,17.376,25.91,34.85,38.915,38.083,36.581,34.253,32.604,29.717,25.843,21.553,21.223,19.101,19.476,26.788,35.468,31.901,25.013
train_0221,10,12,37.327,34.674,27.039,26.535,40.66,46.363,49.919,52.082,54.181,56.108,55.997,54.893,52.068,48.236,43.041,34.427,28.415,29.858,33.799,35.624,35.929
train_0221,11,12,35.766,32.051,23.117,32.082,41.744,46.004,48.507,,51.8,53.947,54.543,53.679,50.201,45.78,40.634,32.817,27.599,29.757,33.171,34.117,33.154
train_0221,12,12,37.984,34.588,29.449,33.71,41.141,43.703,41.413,42.886,43.264,42.241,43.252,,42.302,37.599,30.415,25.131,,26.869,30.64,,28.829
train_0222,1,8,44.357,43.771,39.251,29.429,46.798,54.659,60.358,64.515,67.379,69.817,69.915,68.659,,59.426,51.272,38.899,38.038,42.773,47.179,46.012,44.395
train_0222,2,8,38.154,38.294,36.232,25.355,36.007,48.319,54.052,58.001,61.368,64.583,64.867,63.492,60.001,54.854,46.614,33.991,32.414,37.339,42.588,42.631,42.077
train_0222,3,8,38.591,,,26.435,,47.974,52.672,55.525,57.937,60.628,60.901,59.626,56.286,51.87,44.579,33.056,31.475,35.665,40.886,40.905,39.397
train_0222,4,8,22.621,22.788,21.944,19.726,24.661,27.487,30.277,33.827,37.02,40.362,43.418,47.191,49.58,51.527,52.393,51.985,54.235,56.812,58.729,,59.121
train_0222,5,8,38.018,39.237,36.888,,40.568,49.966,55.056,58.437,61.143,63.657,63.834,63.317,60.86,56.158,47.946,34.992,31.572,35.91,42.165,42.653,41.599
train_0222,6,8,33.397,33.943,32.676,23.238,30.635,43.224,48.774,52.015,54.291,57.111,58.314,58.016,55.867,51.204,43.624,32.108,27.842,31.527,36.618,36.307,
train_0222,7,8,40.67,39.998,43.859,24.709,40.205,46.783,44.608,47.794,47.654,46.221,48.439,48.401,46.468,39.948,31.042,24.438,26.667,29.662,35.288,34.479,32.796
train_0222,8,8,36.729,36.915,35.431,25.445,34.576,46.79,52.22,,59.779,63.27,64.816,64.157,,55.245,47.795,36.244,30.421,34.223,40.486,41.557,40.817
train_0223,1,12,35.015,28.231,28.336,38.786,48.744,56.261,62.22,,65.643,62.304,53.774,44.143,36.847,32.205,29.612,31.595,36.139,40.331,39.153,38.953,
train_0223,2,12,33.541,25.463,21.74,30.777,41.744,50.266,56.615,60.587,61.866,60.22,51.85,,34.503,29.207,25.923,26.239,30.304,35.991,36.735,35.498,35.576
train_0223,3,12,29.531,23.39,27.042,37.291,46.479,53.495,,61.179,61.854,59.042,51.064,42.201,35.239,30.586,27.995,28.777,32.123,37.447,38.555,38.706,39.334
train_0223,4,12,34.129,26.29,23.701,33.126,43.659,51.692,57.998,61.193,61.801,59.639,51.913,42.571,34.76,,26.828,28.45,32.576,37.049,36.396,37.27,
train_0223,5,12,37.485,30.736,24.926,33.657,45.731,54.902,61.226,64.695,65.577,,57.582,47.988,39.711,34.232,31.17,32.187,36.676,42.578,,41.101,40.235
train_0223,6,12,25.345,16.94,20.909,37.268,49.084,55.266,55.762,55.023,53.962,40.993,49.6,52.428,50.812,48.277,47.158,49.499,53.261,55.481,52.107,46.513,47.016
train_0223,7,12,33.817,26.612,23.286,32.044,42.321,50.421,56.667,59.413,58.727,,,42.482,34.322,28.372,25.343,26.938,31.912,37.525,37.08,36.205,35.867
train_0223,8,12,29.736,24.117,23.777,33.938,44.031,51.496,57.32,60.198,60.898,,48.606,39.381,32.117,27.376,25.339,27.57,32.022,36.385,35.336,34.787,34.259
train_0223,9,12,37.455,26.563,20.663,14.575,26.808,41.057,47.954,47.892,45.269,40.985,33.941,23.346,14.557,9.188,11.371,17.08,23.647,31.399,35.233,30.879,26.13
train_0223,10,12,34.413,,25.629,35.254,45.346,,57.005,59.187,59.509,58.139,51.56,43.366,36.486,31.717,28.701,29.202,32.571,36.592,36.797,36.675,37.403
train_0223,11,12,33.872,25.433,22.821,32.623,43.531,,57.963,61.292,61.563,59.523,52.41,44.383,36.979,31.195,27.742,28.344,32.048,36.972,37.342,37.427,38.65
train_0223,12,12,35.301,27.277,28.274,38.333,48.766,57.623,63.405,64.552,64.632,61.909,53.968,44.612,37.068,31.957,29.023,30.59,34.95,40.253,40.202,40.718,40.087
train_0224,1,12,46.128,39.542,32.162,36.526,48.488,58.622,65.923,71.955,75.136,75.662,71.384,61.956,52.571,45.56,39.895,35.691,36.428,41.016,47,46.811,45.596
train_0224,2,12,37.353,31.927,25.588,30.478,41.401,50.82,57.69,61.786,62.606,62.824,56.9,47.49,38.786,32.832,29.053,27.991,31.227,36.69,39.169,39.139,39.62
train_0224,3,12,46.728,39.048,30.365,34.951,47.574,58.354,66.273,71.617,72.665,72.211,65.404,55.705,47.085,41.16,37.229,36.31,39.687,45.286,46.756,45.935,46.213
train_0224,4,12,41.33,34.912,27.222,31.347,43.527,54.475,62.443,68.066,70.12,70.334,65.225,55.709,45.775,37.931,32.688,30.497,33.717,39.729,44.718,43.242,
train_0224,5,12,42.414,38.448,30.528,30.543,40.816,50.708,58.207,64.539,67.811,68.667,66.247,58.067,47.942,,34.626,32.446,34.542,38.925,43.49,42.768,43.507
train_0224,6,12,36.696,29.866,29.292,34.13,46.154,56.155,,65.634,61.468,50.856,57.951,57.968,52.703,46.773,43.106,41.67,43.792,,48.917,46.615,45.606
train_0224,7,12,40.655,32.221,16.094,5.979,26.413,40.742,49.326,52.749,51.348,47.716,42.619,31.955,21.12,14.039,15.726,20.751,26.817,37.266,46.483,39.576,32.873
train_0224,8,12,39.767,32.052,28.055,36.956,48.12,57.136,64.28,68.872,70.22,70.5,63.633,53.411,44.619,38.83,34.834,32.801,35.38,40.08,43.897,42.787,43.059
train_0224,9,12,40.844,36.038,28.811,31.01,41.805,51.87,59.199,,65.591,65.493,62.165,54.01,45.254,38.287,33.162,30.197,31.89,36.33,41.434,,40.11
train_0224,10,12,44.782,37.905,31.122,36.813,47.917,57.705,65.702,71.399,72.733,72.23,66.427,57.874,48.75,41.254,36.213,33.96,36.399,41.59,45.69,44.982,45.205
train_0224,11,12,48.232,44.908,35.042,32.802,44.371,56.456,65.226,71.546,74.642,75.52,73.365,64.222,53.058,43.844,38.46,36.676,39.456,44.303,49.022,47.425,47.551
train_0224,12,12,42.913,37.038,30.346,,45.235,54.647,62.171,68.106,70.222,70.117,,55.239,45.813,39.591,36.179,34.508,,41.023,45.407,44.56,44.619
train_0225,1,8,45.392,41.678,31.827,39.788,49.355,58.933,65.877,68.927,70.834,71.495,69.132,67.892,63.908,58.553,53.146,45.382,37.508,22.871,19.925,28.786,29.182
train_0225,2,8,44.653,39.618,30.915,39.672,48.406,56.679,62.031,64.137,65.58,66.948,66.316,65.906,61.949,56.668,52.125,44.623,37.495,,19.92,28.63,27.689
train_0225,3,8,46.087,41.562,31.093,39.649,49.625,59.377,65.866,68.58,70.925,72.321,70.391,68.662,64.015,58.359,51.472,43.256,34.339,18.533,21.481,27.516,27.448
train_0225,4,8,41.734,36.285,28.112,36.794,45.238,,59.21,62.197,63.863,,61.749,60.336,56.286,51.547,46.073,39.152,31.398,17.578,17.056,23.235,22.992
train_0225,5,8,40.207,35.099,26.221,34.857,43.418,51.134,,60.603,,64.245,62.008,60.662,56.826,51.805,46.97,,,18.957,14.69,23.7,24.853
train_0225,6,8,,37.439,27.93,35.566,43.996,52.573,59.092,62.753,64.679,64.618,62.049,60.873,57.642,53.404,48.929,41.988,35.234,22.47,16.473,24.53,24.987
train_0225,7,8,44.505,39.77,30.75,40.291,49.398,57.774,63.743,66.912,69.045,69.813,67.491,66.123,62.265,56.887,51.814,,37.244,23.979,16.763,26.383,26.373
train_0225,8,8,42.437,39.231,30.413,37.885,46.2,54.331,60.704,64.764,67.594,67.966,65.543,63.434,58.503,54.164,49.11,42.034,33.309,17.795,21.758,26.841,28.136
train_0226,1,8,34.514,27.075,29.885,42.432,47.435,50.976,53.62,55.675,57.666,58.269,57.619,56.201,52.723,48.105,41.869,33.37,30.404,33.546,37.866,39.129,38.062
train_0226,2,8,37.22,30.762,25.693,35.018,33.297,33.285,36.377,37.916,36.801,35.427,36.263,34.482,31.214,27.447,22.355,14.985,13.759,16.529,21.685,21.1,19.15
train_0226,3,8,32.429,27.847,23.985,37.433,42.678,46.556,49.363,51.558,54.158,55.539,55.236,53.604,49.865,45.189,38.739,30.068,28.648,31.297,35.613,36.405,35.722
train_0226,4,8,33.858,29,24.15,,43.556,46.826,49.827,52.091,54.237,55.803,56.149,55.344,52.169,,41.622,32.342,27.854,29.636,34.093,36.312,36.572
train_0226,5,8,31.286,25.664,23.609,37.136,,45.439,48.391,50.671,,53.56,53.335,52.434,49.386,44.736,37.721,28.498,27.4,30.395,34.541,34.54,34.22
train_0226,6,8,35.88,30.851,22.832,32.12,26.498,32.781,37.402,36.795,35.944,33.855,,32.205,28.831,24.928,23.554,20.051,18.845,25.415,32.457,28.322,20.522
train_0226,7,8,32.281,25.34,,38.625,42.888,46.009,48.682,50.917,52.703,53.306,53.03,51.519,47.839,43.244,37.017,28.563,26.315,28.173,31.424,32.405,32.655
train_0226,8,8,34.974,31.696,23.939,,43.752,47.452,50.678,53.638,56.523,58.024,57.499,56.132,52.889,48.725,42.546,33.492,29.616,32.239,36.109,36.502,35.317
train_0227,1,12,38.886,34.664,,29.973,40.173,49.721,55.846,59.737,61.196,61.39,58.77,51.624,43.752,,33.069,,31.362,35.397,40.347,40.23,38.602
train_0227,2,12,42.898,37.74,29.241,34.122,38.503,46.843,44.057,46.207,,40.343,39.77,33.47,26.895,17.641,13.002,17.633,24.645,26.31,32.838,29.222,27.845
train_0227,3,12,42.205,35.808,28.354,31.301,41.939,52.256,59.909,64.693,66.183,66.904,63.385,54.272,44.808,38.41,34.666,32.681,34.188,37.79,42.368,41.633,41.506
train_0227,4,12,36.862,31.261,25.509,30.575,40.889,49.439,55.947,60.72,62.132,61.995,56.93,48.723,41.045,35.742,32.153,,,35.987,40.174,39.724,40.086
train_0227,5,12,41.767,36.253,29.439,32.853,43.554,52.862,59.704,65.027,67.054,67.028,63.554,55.85,47.235,40.105,35.356,33.573,36.104,39.979,43.714,42.555,41.76
train_0227,6,12,39.363,36.734,29.23,27.908,37.628,48.026,55.889,61.417,63.779,64.241,62.724,55.799,47.251,39.93,34.821,31.513,31.879,35.513,40.967,41.325,40.71
train_0227,7,12,39.651,33.17,,34.005,43.605,51.347,56.977,,61.837,62.076,57.502,49.354,41.123,35.772,32.387,30.264,31.92,35.932,40.099,39.724,39.976
train_0227,8,12,37.037,32.075,25.846,29.675,40.176,49.131,56.106,61.365,62.822,62.529,57.558,49.487,41.536,35.383,31.373,29.905,32.137,36.119,38.826,37.897,38.034
train_0227,9,12,42.158,38.778,30.956,30.566,40.849,50.58,58.049,64.17,67.2,68.261,65.018,55.887,46.448,39.747,35.249,33.232,36.009,40.947,44.834,43.043,41.956
train_0227,10,12,22.105,36.056,55.066,66.516,63.005,47.837,34.658,27.343,24.177,21.463,18.51,15.881,16.642,21.019,,43.591,50.949,47.913,36.324,23.701,17.65
train_0227,11,12,43.272,37.077,30.276,33.754,43.999,53.463,61.139,,69.867,70.623,68.014,59.507,49.477,41.523,36.454,33.996,35.656,39.966,44.96,45.306,44.534
train_0227,12,12,44.407,42.236,33.075,29.783,39.911,51.269,59.674,65.913,68.587,68.359,65.756,57.986,49.224,42.013,36.701,33.291,34.507,38.984,43.876,42.868,43.182
train_0228,1,16,39.738,35.579,30.419,41.074,,50.361,54.235,58.449,61.203,62.485,62.174,59.85,56.113,51.538,47.804,43.802,37.252,31.232,19.26,,28.212
train_0228,2,16,,42.131,30.752,43.304,49.441,,59.356,64.384,,68.464,67.347,64.358,60.038,54.92,50.19,45.122,38.347,33.373,14.464,26.929,31.824
train_0228,3,16,40.318,36.486,24.944,30.126,38.597,,49.061,52.074,53.404,53.217,53.143,50.394,,41.869,40.576,39.186,33.758,30.037,18.332,15.923,20.118
train_0228,4,16,41.462,36.375,32.596,43.607,48.299,52.071,56.296,61.194,63.787,64.431,62.985,59.695,55.406,51.148,47.736,43.665,37.132,32.059,14.854,,31.776
train_0228,5,16,38.781,34.766,28.618,39.991,45.694,50.997,55.842,,62.578,63.304,62.664,60.505,57.042,52.497,48.334,43.847,36.893,30.948,,21.899,28.968
train_0228,6,16,37.005,36.005,25.361,36.327,41.887,46.192,49.83,53.508,56.212,56.922,56.901,54.731,51.554,47.464,44.016,40.807,35.86,29.395,,10.505,24.006
train_0228,7,16,36.705,36.816,27.202,37.643,42.274,46.602,50.888,55.22,57.981,58.558,58.011,55.514,52.795,49.516,46.382,42.77,37.217,30.606,,13.252,24.156
train_0228,8,16,39.533,35.949,29.339,40.524,45.858,50.224,53.955,57.91,60.569,62.371,61.949,58.595,54.345,50.312,46.657,42.237,36.009,31.495,15.255,23.782,28.769
train_0228,9,16,35.917,31.952,27.741,38.137,43.092,47.571,51.909,56.252,58.153,57.823,56.205,53.55,50.529,47.4,44.643,40.671,33.953,28.409,16.152,19.871,26.848
train_0228,10,16,40.041,36.493,29.69,,46.946,51.576,55.818,60.414,63.289,64.077,63.421,60.573,57.167,52.983,48.978,44.69,38.353,31.415,24.991,16.968,29.838
train_0228,11,16,43.173,41.881,,42.754,49.193,54.467,59.375,64.095,66.958,67.809,67.595,65.183,61.347,56.188,51.559,46.711,40.005,34.276,23.044,23.343,33.52
train_0228,12,16,42.535,41.503,32.785,44.867,51.023,56.011,59.92,,65.95,66.251,65.414,63.081,59.269,54.513,49.977,44.975,37.908,33.152,,27.891,32.205
train_0228,13,16,36.974,33.342,20.441,18.983,29.479,37.84,42.408,45.44,46.65,45.246,44.87,42.493,38.289,33.573,33.384,33.998,30.159,27.157,19.928,9.83,14.509
train_0228,14,16,37.787,34.539,25.908,36.692,42.519,46.743,50.081,54.005,56.36,57.343,56.396,53.531,49.521,45.487,42.173,37.866,30.819,25.859,8.764,22.856,26.676
train_0228,15,16,35.436,35.21,23.676,34.758,40.928,45.591,49.27,53.084,55.836,57.218,,55.52,51.65,47.038,43.228,39.205,33.139,27.887,15.882,20.121,27.631
train_0228,16,16,41.361,35.612,31.345,42.926,48.893,53.7,57.439,61.304,63.772,65.215,65.585,63.463,59.868,55.041,50.434,45.825,39.851,34.046,25.915,18.07,29.93
train_0229,1,8,39.685,,33.971,30.856,41.227,46.464,50.365,54.198,58.29,60.088,60.682,58.511,54.793,50.143,46.385,42.344,35.712,29.156,18.009,19.729,26.74
train_0229,2,8,,40.088,28.147,35.763,43.961,49.574,,59.253,62.663,63.381,63.238,60.674,57.079,52.214,47.658,43.322,37.376,30.403,,12.2,25.003
train_0229,3,8,41.389,41.038,,32.901,,47.967,53.215,57.706,61.198,62.494,63.36,61.272,,51.365,47.386,43.484,37.324,31.872,16.175,23.641,28.372
train_0229,4,8,41.359,,31.147,36.797,45.035,50.039,54.098,58.132,60.934,61.718,61.632,59.125,55.025,50.31,46.499,41.98,34.521,,11.378,26.287,29.185
train_0229,5,8,38.743,38.078,33.821,29.448,39.066,43.312,47.9,53.06,57.363,58.18,57.538,55.439,53.079,49.486,45.686,41.704,36.138,29.817,20.768,17.166,25.261
train_0229,6,8,38.848,38.932,33.443,32.029,41.254,46.273,50.767,54.65,58.245,59.359,59.009,56.88,53.998,49.688,45.577,41.903,36.675,30.232,23.402,16.014,26.124
train_0229,7,8,38.91,38.19,27.328,39.712,45.391,50.237,55.205,60.23,62.633,62.711,61.714,59.106,55.585,51.214,47.138,42.1,34.306,27.932,13.132,19.648,
train_0229,8,8,40.466,,27.731,36.325,43.416,48.608,53.063,57.146,60.144,60.896,60.607,57.874,54.306,49.911,45.988,42.472,37.661,31.95,25.879,17.02,27.672
train_0230,1,12,34.678,32.943,25.645,24.624,,43.655,50.16,54.665,55.911,55.535,50.411,42.14,34.562,29.837,27.52,27.521,30.15,34.256,34.429,34.502,35.009
train_0230,2,12,34.933,32.833,25.357,23.127,31.748,40.849,47.793,53.419,56.296,56.853,54.355,46.889,38.206,31.194,26.805,25.152,27.45,31.306,34.426,,32.898
train_0230,3,12,35.304,33.875,27.11,26.324,34.581,42.496,48.489,52.804,54.126,54.502,49.863,42.376,35.252,30.051,26.958,,31.697,36.197,35.745,35.654,35.744
train_0230,4,12,36.445,32.663,26.101,28.711,39.097,47.41,52.614,56.014,56.952,57.272,52.227,44.406,36.832,31.359,28.411,28.766,31.802,35.96,35.694,35.842,36.793
train_0230,5,12,35.245,35.279,29.156,24.253,30.793,40.103,47.217,52.64,55.768,56.213,53.518,46.251,38.54,32.492,28.175,25.936,27.89,32.159,34.579,34.224,34.636
train_0230,6,12,39.603,37.195,29.82,28.617,38.053,48.178,56.091,61.776,63.808,63.477,59.307,50.877,42.583,36.94,33.505,31.733,33.898,38.316,41.373,39.911,39.669
train_0230,7,12,36.616,32.862,26.15,26.712,34.794,42.628,48.967,53.854,55.786,56.103,52.006,44.471,37.021,31.55,27.91,26.589,29.06,33.337,35.816,35.281,35.94
train_0230,8,12,39.654,38.097,30.54,29.06,38.803,49,57.27,62.746,63.501,62.806,59.665,52.494,44.338,37.448,32.806,31.555,34.72,39.149,41.145,40.183,41.142
train_0230,9,12,37.12,31.224,15.864,11.092,18.462,23.37,,33.895,32.051,30.349,26.928,17.229,9.745,5.384,3.54,4.94,9.68,14.43,16.618,13.925,12.351
train_0230,10,12,35.519,31.892,17.349,10.721,,23.439,30.766,33.455,30.426,,24.604,15.771,9.209,5.598,4.213,5.227,9.261,13.734,15.909,12.857,10.402
train_0230,11,12,32.724,27.704,22.896,28.041,37.364,44.907,50.103,,,54.385,48.656,41.266,34.486,29.488,,26.337,29.636,34.376,35.798,35.115,35.566
train_0230,12,12,36.263,30.945,26.177,31.803,40.809,,52.364,55.449,56.128,56.383,51.274,43.498,36.579,31.845,28.73,28.518,31.74,36.059,37.092,36.718,37.439
train_0231,1,12,41.373,41.935,36.595,26.25,36.362,46.485,56.294,62.5,65.66,67.968,67.886,66.228,64.026,57.871,52.275,45.466,39.02,28.633,11.58,23.274,23.971
train_0231,2,12,44.118,44.807,38.672,30.224,40.535,49.95,59.058,65.129,68.527,70.461,69.318,68.177,64.583,57.879,52.341,43.98,36.662,22.75,14.287,25.039,26.032
train_0231,3,12,37.938,38.379,32.885,24.463,33.742,42.769,51.253,56.353,59.68,62.034,60.803,59.619,56.605,50.725,,38.069,30.856,17.473,11.06,19.356,18.481
train_0231,4,12,,44.902,37.69,28.253,,49.297,59.348,65.856,69.34,71.133,69.856,69.084,66.31,59.934,54.382,45.231,36.969,22.72,12.55,23.736,24.107
train_0231,5,12,38.858,,35.002,30.842,39.822,48.613,57.45,,61.932,55.381,60.508,,69.142,64.407,59.903,52.957,46.598,35.015,21.61,32.402,29.791
train_0231,6,12,45.291,42.798,32.398,32.308,43.071,53.277,61.837,66.67,69.699,71.507,69.703,68.2,64.557,58.294,53.274,45.064,37.684,25.385,13.371,25.008,25.077
train_0231,7,12,39.708,39.595,32.791,27.156,38.352,48.217,56.558,61.236,64.209,,62.984,61.074,57.407,52.217,47.317,39.152,30.751,15.34,15.292,22.478,22.87
train_0231,8,12,38.628,38.986,34.102,,36.289,45.242,54.027,60.13,63.829,65.729,64.087,62.091,59.569,53.912,48.894,41.096,34.357,22.814,9.515,20.549,20.711
train_0231,9,12,,42.65,32.977,31.291,42.507,52.924,62.343,67.742,70.721,72.356,70.411,68.917,64.455,57.803,52.898,44.747,37.049,23.024,15.172,25.43,24.358
train_0231,10,12,47.273,47.262,40.444,30.67,41.791,52.006,61.685,67.99,71.109,72.666,71.418,69.925,66.754,60.599,,47.845,40.495,28.114,15.906,26.966,26.8
train_0231,11,12,44.927,45.231,38.682,29.226,39.958,49.573,58.762,65.626,69.63,71.808,71.313,69.608,66.374,60.274,55.111,46.434,38.774,27.941,13.021,25.691,25.853
train_0231,12,12,43.032,42.228,31.008,26.804,37.183,45.688,,52.135,51.386,47.992,,50.875,50.382,44.478,39.464,35.617,31.821,19.595,6.182,,13.399
train_0232,1,12,34.495,26.891,,40.219,49.622,56.686,61.586,63.632,64.241,62.979,56.37,48.185,41.017,35.795,32.266,31.386,33.986,37.918,41.082,40.153,39.867
train_0232,2,12,32.835,26.243,24.56,34.163,44.862,53.051,58.932,61.986,62.428,60.975,53.726,45.303,38.29,33.069,29.081,28.094,31.605,37.097,39.882,38.554,38.336
train_0232,3,12,29.324,23.403,26.122,35.059,43.251,49.877,55.276,57.443,,54.434,47.513,40.307,34.687,30.215,,27.05,30.203,34.319,35.755,35.889,37.278
train_0232,4,12,34.98,33.567,35.396,39.6,41.71,32.205,35.567,49.333,51.901,52.135,49.042,45.599,42.775,40.779,39.185,38.42,38.898,,41.641,41.655,41.966
train_0232,5,12,28.126,22.624,26.745,36.513,45.361,52.053,57.186,59.449,59.623,58.23,51.877,43.345,35.472,30.049,26.401,25.274,28.555,33.603,36.898,,34.581
train_0232,6,12,29.499,21.944,22.237,21.58,32.754,42.659,48.154,48.473,46.478,42.595,35.289,27.309,,15.256,15.931,19.598,25.099,33.216,38.264,31.902,27.154
train_0232,7,12,35.624,30.78,26.729,35.003,45.428,53.745,59.823,62.691,62.886,62.781,57.101,49.077,41.455,35.535,31.153,29.521,32.609,38.073,41.321,40.726,40.975
train_0232,8,12,32.258,25.923,26.587,35.061,43.475,50.409,56.083,58.49,58.03,55.574,48.719,41.215,34.919,30.225,27.195,27.069,30.21,34.761,36.751,36.306,36.187
train_0232,9,12,33.135,26.172,25.628,34.659,44.127,51.425,56.388,58.403,59.306,58.723,51.867,43.039,35.853,30.83,27.265,26.798,30.293,35.855,38.202,37.312,36.978
train_0232,10,12,28.384,21.773,20.272,35.624,46.052,52.482,56.117,54.69,49.207,41.153,44.895,44.535,41.495,37.949,,37.107,39.814,42.097,41.677,40.501,40.17
train_0232,11,12,32.708,27.968,27.49,36.401,45.749,53.211,58.228,60.566,61.5,62.22,56.693,48.234,40.036,33.894,29.887,28.295,30.759,35.254,38.872,38.32,39.117
train_0232,12,12,32.194,27.385,25.11,33.733,43.575,51.117,56.596,59.497,59.902,58.794,51.833,43.393,36.195,31.175,27.776,26.7,29.731,35.008,37.759,36.871,37.135
train_0233,1,8,34.816,32.853,23.3,34.681,44.364,48.878,52.068,54.439,56.529,56.94,55.8,53.877,50.129,44.955,36.686,27.38,28.922,32.612,,35.19,35.009
train_0233,2,8,36.532,35.101,27.604,27.277,42.014,47.497,51.293,53.809,55.32,56.594,57.175,56.972,53.454,48.103,41.033,31.241,,30.902,35.915,36.839,36.341
train_0233,3,8,39.71,,25.501,35.261,45.419,49.972,53.892,57.367,60.338,60.888,59.538,57.581,53.454,46.864,36.793,27.819,29.846,34.175,37.008,37.337,36.534
train_0233,4,8,36.677,35.829,29.182,29.171,42.434,46.616,49.353,51.525,54.031,55.628,54.838,53.25,49.915,44.827,36.322,26.812,28.234,31.952,34.948,35.58,35.388
train_0233,5,8,40.203,37.607,23.221,20.14,24.413,24.599,28.612,30.248,28.637,26.829,25.359,21.14,18.209,15.671,10.042,1.56,3.16,,12.717,11.136,7.778
train_0233,6,8,35.182,,25.216,26.994,39.444,44.402,48.542,51.838,54.823,56.236,54.851,52.547,48.957,44.556,37.254,27.269,26.76,30.277,34.113,33.778,33.052
train_0233,7,8,36.928,34.611,27.081,23.997,40.461,46.132,49.322,51.723,54.412,56.282,56.025,55.071,51.216,45.602,37.525,26.969,26.723,30.241,34.486,35.124,34.588
train_0233,8,8,37.12,35.89,27.155,33.444,43.844,47.408,50.59,53.916,57.102,58.199,57.095,54.421,50.125,44.927,36.562,28.893,30.392,33.748,35.154,,34.443
train_0234,1,8,35.57,28.09,28.196,37.021,45.988,53.643,59.802,,66.122,65.065,60.906,53.761,45.38,38.372,33.386,29.998,28.723,31.481,36.304,39.879,37.566
train_0234,2,8,32.388,26.371,26.658,34.707,44.323,,56.908,60.464,62.022,62.352,58.018,50.03,,,29.904,26.93,26.498,28.877,32.007,34.978,
train_0234,3,8,31.526,25.555,25.993,34.349,43.131,49.775,54.541,57.191,57.42,57.112,52.921,46.251,,33.457,29.402,27.043,27.615,30.691,34.672,36.091,34.642
train_0234,4,8,30.59,21.255,20.132,35.147,45.363,52.119,56.739,57.975,52.384,39.102,50.348,54.758,51.951,45.952,41.824,40.257,40.045,41.146,43.953,44.355,42.976
train_0234,5,8,35.598,28.719,26.09,34.018,43.495,50.589,56.165,60.537,61.919,62.192,60.584,54.613,46.791,38.887,32.782,29.225,27.928,29.794,33.3,,38.552
train_0234,6,8,35.525,27.192,23.328,31.968,42.286,49.699,55.406,59.92,61.156,61.267,58.904,,42.599,35.291,,27.396,26.041,28.045,31.969,35.075,33.761
train_0234,7,8,28.672,23.112,25.056,33.289,41.206,47.187,51.8,54.794,55.649,55.567,50.871,43.841,36.974,31.115,26.146,22.932,22.917,25.575,,31.631,30.326
train_0234,8,8,36.16,28.822,27.184,36.265,45.963,52.705,57.355,60.947,62.912,63.781,59.804,51.499,42.86,36.304,32.095,29.087,28.118,30.392,34.572,37.563,36.755
train_0235,1,12,34.301,27.661,24.71,33.901,41.636,49.67,55.503,57.7,58.815,59.537,57.794,57.084,55.557,,47.088,40.964,34.135,27.865,17.353,9.708,19.164
train_0235,2,12,39.584,36.128,14.912,19.937,25.717,29.699,36.5,37.922,35.644,34.334,33.467,,29.151,26.814,23.918,20.841,16.18,11.169,3.555,1,1
train_0235,3,12,43.391,38.005,28.644,36.518,44.544,52.801,59.46,62.934,65.056,66.772,67.166,65.818,64.9,61.057,55.433,51.087,,37.418,29.639,15.876,16.84
train_0235,4,12,38.463,32.1,24.54,33.965,42.608,50.859,56.833,59.866,62.163,63.822,62.519,61.441,58.809,54.04,49.672,43.365,36.628,29.113,16.303,12.912,22.917
train_0235,5,12,38.592,34.846,27.299,35.037,41.966,49.231,55.162,58.323,60.687,,61.708,60.465,59.334,55.446,50.34,45.447,38.916,32.779,22.495,10.758,21.571
train_0235,6,12,42.035,35.112,,36.682,44.09,51.636,,61.436,63.715,64.395,62.464,61.295,59.488,55.566,51.732,46.593,39.565,,22.323,13.261,23.25
train_0235,7,12,40.261,36.093,26.371,33.983,42.914,51.37,57.848,61.304,63.607,64.871,63.218,61.298,59.487,55.32,50.905,45.802,39.119,31.842,18.943,10.858,20.558
train_0235,8,12,41.531,35.477,26.501,34.473,43.158,51.507,56.901,59.23,61.236,62.771,61.665,60.744,59.333,55.336,50.779,45.646,39.194,31.971,20.522,13.033,23.419
train_0235,9,12,38.521,29.539,19.144,14.789,27.424,38.911,45.718,47.489,47.58,,45.7,42.478,39.934,36.541,36.826,,30.284,26.611,21.557,5.899,10.678
train_0235,10,12,40.567,34.996,27.537,35.55,42.958,50.929,57.162,60.24,62.031,62.899,61.218,60.502,58.466,53.88,49.423,43.269,37.231,30.184,17.731,15.293,24.152
train_0235,11,12,40.911,34.851,22.673,34.06,41.193,47.572,46.575,48.247,46.378,44.223,45.453,45.204,45.152,40.694,36.757,37.582,34.669,27.376,18.074,5.318,13.726
train_0235,12,12,36.318,32.585,24.72,,40.092,48.021,54.22,57.333,59.495,61.086,60.381,58.958,56.966,52.796,48.371,43.509,36.77,30.586,20.865,11.863,
train_0236,1,16,40.356,33.8,27.488,37.079,44.635,51.523,57.113,60.203,61.733,62.005,59.817,58.94,56.057,51.255,46.816,39.34,33.668,25.123,12.923,23.041,22.855
train_0236,2,16,35.459,21.34,28.289,38.702,47.165,54.248,58.738,59.25,,40.952,56.905,,61.943,57.794,55.259,50.911,45.101,33.33,23.81,30.558,29.745
train_0236,3,16,45.197,,31.303,36.655,46.371,55.815,63.055,,,69.236,67.332,66.517,62.836,56.733,51.458,43.258,36.206,24.159,14.273,23.642,23.232
train_0236,4,16,40.039,31.147,21.511,15.327,25.011,38.277,45.036,45.292,43.812,40.484,37.38,35.956,31.649,26.596,26.736,25.611,21.907,15.003,10.815,14.176,8.742
train_0236,5,16,36.302,30.159,24.819,33.892,41.906,49.299,54.274,56.796,58.428,58.79,,56.494,52.592,47.456,43.507,37.408,30.509,18.452,10.103,19.266,19.396
train_0236,6,16,43.331,38.578,28.039,36.385,45.625,54.965,61.566,64.237,65.659,66.124,63.672,62.509,59.24,54.321,,40.944,33.592,22.363,12.525,22.592,21.586
train_0236,7,16,40.981,36.474,28.191,37.359,45.554,53.786,59.534,62.041,63.346,63.56,62.376,61.032,55.903,50.024,44.11,37.116,29.519,15.704,14.817,22.11,
train_0236,8,16,,31.29,24.93,34.701,43.376,51.23,56.321,58.978,60.786,60.96,59.634,58.35,53.898,48.852,42.705,35.596,27.607,13.46,14.229,20.996,20.885
train_0236,9,16,39.547,34.909,25.339,34.134,42.649,51.102,57.562,61.116,63.59,64.814,,61.45,57.095,50.808,45.489,37.683,30.872,19.577,10.061,20.825,21.576
train_0236,10,16,41.892,40.238,30.689,36.091,45.353,54.19,60.741,64.073,66.848,68.336,65.659,63.844,60.413,55.556,,43.144,35.998,23.885,14.58,23.923,23.671
train_0236,11,16,35.855,28.96,23.659,32.977,41.308,48.967,53.628,55.56,56.856,56.844,54.699,53.122,49.772,45.781,41.118,34.501,28.387,17.322,11.985,,18.49
train_0236,12,16,40.249,35.769,25.695,32.669,40.792,49.591,56.083,59.355,61.545,62.497,60.07,58.375,55.132,50.278,46.353,39.184,32.642,23.404,10.541,20.061,19.91
train_0236,13,16,40.995,33.356,29.397,39.053,47.819,55.707,60.334,62.681,64.387,64.387,63.03,61.821,57.859,53.074,47.014,39.793,31.804,17.796,16.473,23.965,23.72
train_0236,14,16,38.585,32.014,26.718,35.444,43.282,51.121,56.128,58.381,60.546,62.186,60.746,58.95,54.259,48.628,44.641,38.141,32.648,23.421,11.312,21.294,21.139
train_0236,15,16,40.759,32.93,26.949,36.364,44.392,52.165,58.127,61.559,63.139,62.995,60.796,59.098,54.686,49.329,44.597,37.472,31.412,20.536,10.634,20.74,20.553
train_0236,16,16,42.105,36.325,,38.416,46.306,53.595,58.799,61.402,63.422,64.987,63.92,62.914,58.705,53.092,48.861,41.22,35.161,26.662,13.835,23.793,24.783
train_0237,1,12,36.075,26.663,30.755,37.757,42.184,46.348,49.778,51.995,52.662,53.464,52.798,50.401,47.085,43.634,40.465,36.771,31.586,27.68,16.407,18.792,24.267
train_0237,2,12,34.803,23.98,32.292,37.938,41.98,45.525,49.037,52.236,53.526,54.449,53.959,51.75,48.053,44.386,41.581,38.086,31.672,25.966,,15.866,23.35
train_0237,3,12,35.361,25.075,26.478,31.242,40.732,43.379,42.726,46.691,46.342,42.937,43.723,42.092,39.637,35.084,,32.109,29.459,24.329,14.88,12.992,18.419
train_0237,4,12,37.864,26.734,33.567,41.282,46.26,,52.951,56.079,57.577,58.041,57.09,54.692,51.367,48.102,45.265,41.198,34.726,28.695,21.254,14.556,
train_0237,5,12,39.594,29.529,35.539,43.042,47.26,50.884,54.686,58.657,60.602,61.252,60.502,57.674,53.855,49.713,46.533,43.38,38.147,31.612,26.997,12.003,24.556
train_0237,6,12,35.322,24.933,34.726,39.351,43.395,47.535,51.447,54.316,55.291,55.951,54.907,52.299,48.609,45.368,42.757,39.199,33.286,27.932,18.951,16.494,26.835
train_0237,7,12,35.251,25.233,30.525,30.946,,40.888,43.945,45.922,46.333,45.745,44.815,42.611,39.304,35.662,34.421,33.236,28.301,24.517,16.31,13.105,18.755
train_0237,8,12,34.893,31.292,28.01,37.143,40.934,44.487,48.5,52.795,54.832,55.497,55.121,52.751,49.579,46.222,,39.911,34.182,28.852,19.674,18.629,25.668
train_0237,9,12,30.548,23.077,31.582,36.134,,44.034,46.934,49.245,50.319,51.353,50.463,47.806,,,38.264,35.075,28.902,23.743,12.683,15.688,21.73
train_0237,10,12,32.372,21.637,31.956,37.829,42.858,47.224,51.114,53.999,54.558,54.572,53.283,51.048,47.459,43.661,40.01,35.536,29.229,25.105,11.052,18.689,23.153
train_0237,11,12,33.468,26.855,26.46,,40.288,44.835,48.815,52.265,,53.269,52.391,50.577,48.044,44.616,41.431,37.707,32.247,27.037,20.272,13.63,22.838
train_0237,12,12,35.88,,34.283,39.706,43.022,46.612,51.027,55.459,57.169,57.224,56.155,54.117,51.084,47.277,43.764,,34.767,28.669,23.005,10.836,22.439
train_0238,1,12,34.94,27.381,22.765,30.106,40.182,47.798,53.616,58.46,60.68,,58.709,51.265,42.466,34.939,29.765,,26.813,30.074,35.021,38.013,38.03
train_0238,2,12,22.278,22.43,22.327,,25.842,28.243,33.118,68.895,70.43,71.236,70.429,68.818,34.768,28.265,26.164,30.81,29.9,29.978,,28.622,26.549
train_0238,3,12,35.254,32.632,27.355,27.599,32.742,39.756,39.409,44.323,42.647,39.219,39.575,34.172,28.229,19.764,15.116,17.424,21.258,23.106,27.033,27.113,23.792
train_0238,4,12,26.251,19.251,,26.97,37.322,44.728,49.852,49.883,41.941,29.342,46.209,53.461,52.003,47.019,44.035,43.748,44.484,41.989,45.274,45.56,43.9
train_0238,5,12,34.102,27.504,22.282,27.702,36.972,45.054,52.112,57.424,59.087,59.356,56.397,48.837,40.313,33.419,28.889,26.975,28.57,31.983,35.949,36.444,35.923
train_0238,6,12,31.68,26.632,,23.905,33.5,42.567,,54.467,56.015,55.727,53.058,45.862,37.468,30.71,26.447,24.249,25.266,28.823,33.293,33.476,
train_0238,7,12,36.18,28.694,23.443,29.482,39.615,,53.858,58.45,60.27,60.229,56.729,49.592,,36.736,32.54,28.939,27.963,30.888,35.891,38.411,38.776
train_0238,8,12,32.457,25.713,22.174,29.053,38.095,45.818,51.77,55.288,56.089,55.935,52.103,,38.632,34.291,,26.801,26.714,30.257,34.449,35.689,34.913
train_0238,9,12,33.864,27.173,23.182,30.335,39.939,47.389,52.837,56.749,58.31,59.065,56.188,49.62,41.992,35.439,30.615,27.614,28.235,32.049,36.996,37.792,36.678
train_0238,10,12,34.387,29.085,23.322,26.038,34.034,41.785,47.953,52.372,53.931,54.313,52.301,46.132,38.826,32.801,28.593,26.202,27.091,30.483,34.856,35.462,34.348
train_0238,11,12,34.154,27.196,22.359,28.073,36.964,44.187,49.557,53.72,55.556,56.18,53.315,46.408,38.612,32.26,28.046,26.129,27.539,31.324,35.526,35.65,33.828
train_0238,12,12,32.575,28.272,,20.123,28.541,37.8,44.594,49.402,52.272,53.521,53.465,,39.581,32.222,26.89,23.758,23.359,26.2,30.211,32.103,30.678
train_0239,1,8,32.461,26.071,24.043,39.124,,48.951,52.082,54.364,56.679,57.499,56.76,54.909,50.946,45.902,39.262,30.203,28.24,30.909,35.348,35.964,35.778
train_0239,2,8,33.341,30.334,22.338,32.844,39.4,42.347,44.982,47.671,,51.718,51.65,50.891,48.437,44.768,38.613,29.658,25.81,28.158,31.941,33.069,32.972
train_0239,3,8,28.936,24.573,18.175,30.815,37.242,41.676,44.97,47.035,48.392,48.571,47.825,46.949,44.169,40.133,34.457,26.405,22.976,25.372,,30.207,29.445
train_0239,4,8,22.123,24.207,25.779,33.338,39.569,43.891,46.719,48.271,49.859,51.026,50.869,49.674,48.443,,48.944,,49.899,52.429,56.212,59.834,62.762
train_0239,5,8,34.568,30.7,22.505,35.257,42.586,46.05,48.488,50.261,52.363,53.91,,53.119,50.386,46.223,,29.824,26.198,28.836,33.427,34.585,34.173
train_0239,6,8,35.444,28.12,27.65,42.817,48.229,50.882,52.898,55.594,58.168,57.949,56.709,55.58,52.986,48.435,40.534,30.557,30.164,32.839,36.834,37.461,37.108
train_0239,7,8,34.994,32.413,23.721,35.072,43.519,47.799,50.933,53.054,55.379,57.523,57.833,56.523,52.599,47.559,40.78,31.186,27.213,29.609,34.144,35.559,35.432
train_0239,8,8,34.607,28.439,23.177,37.285,42.643,46.238,,51.493,54.138,,55.338,53.567,49.877,45.502,39.062,29.667,25.807,27.943,32.198,33.591,33.476
